#VRML V2.0 utf8
# 3D model generated by easyeda2kicad.py (https://github.com/uPesy/easyeda2kicad.py)

Shape{
    appearance Appearance {
        material  Material 	{
            diffuseColor 0.6470588235294118 0.6196078431372549 0.5882352941176471
            specularColor 0.45098039215686275 0.43529411764705883 0.4117647058823529
            ambientIntensity 0.2
            transparency 0
            shininess 0.5
        }
    }
    geometry IndexedFaceSet {
        ccw TRUE
        solid FALSE
        coord DEF co Coordinate {
            point [
                0.5076 -0.0197 3.5433, -0.5076 -0.0197 3.5433, 0.495 -0.0558 3.5433, -0.495 -0.0558 3.5433, -0.4548 -0.1373 3.5433, 0.0 -0.3937 3.5433, 0.0905 -0.3859 3.5433, 0.1784 -0.3629 3.5433, 0.261 -0.3252 3.5433, -0.4013 -0.2107 3.5433, -0.3361 -0.274 3.5433, -0.261 -0.3252 3.5433, -0.1784 -0.3629 3.5433, -0.0905 -0.3859 3.5433, 0.3361 -0.274 3.5433, 0.4013 -0.2107 3.5433, 0.4548 -0.1373 3.5433, -0.5975 -0.2745 3.3465, -0.5499 -0.3398 3.3465, -0.5449 -0.3354 3.3974, -0.4816 -0.406 3.3465, -0.4605 -0.4265 3.3465, -0.4563 -0.4213 3.3974, -0.3378 -0.5057 3.3465, -0.2445 -0.5483 3.3465, -0.2422 -0.542 3.3974, 0.1736 -0.5669 3.3465, 0.2445 -0.5483 3.3465, 0.2422 -0.542 3.3974, 0.3378 -0.5057 3.3465, 0.3577 -0.4966 3.3465, 0.3544 -0.4908 3.3974, 0.4816 -0.406 3.3465, 0.5499 -0.3398 3.3465, 0.5449 -0.3354 3.3974, 0.5505 -0.0197 3.539, 0.5424 -0.0744 3.5366, 0.5866 -0.0917 3.5169, 0.5782 -0.0197 3.5313, 0.5606 -0.0197 3.5362, 0.6512 -0.0197 3.485, 0.6402 -0.0197 3.4962, 0.6246 -0.1065 3.4857, 0.6164 -0.0197 3.5131, 0.6096 -0.0197 3.5164, 0.6693 -0.0197 3.4664, 0.6537 -0.1179 3.4449, 0.6845 -0.0197 3.4442, 0.7015 -0.0197 3.4065, 0.6721 -0.1251 3.3974, 0.7039 -0.0197 3.3973, 0.6783 -0.1275 3.3465, 0.6805 -0.1203 3.3465, 0.7078 -0.0197 3.3821, 0.7111 -0.0197 3.3465, -0.6783 -0.1275 3.3465, -0.6721 -0.1251 3.3974, -0.6805 -0.1203 3.3465, -0.7073 -0.0197 3.3844, -0.7111 -0.0197 3.3465, -0.6537 -0.1179 3.4449, -0.6966 -0.0197 3.4197, -0.7035 -0.0197 3.3972, -0.6616 -0.0197 3.4756, -0.6769 -0.0197 3.4561, -0.6832 -0.0197 3.4444, -0.6513 -0.0197 3.485, -0.6246 -0.1065 3.4857, -0.6305 -0.0197 3.5038, -0.5866 -0.0917 3.5169, -0.6101 -0.0197 3.5169, -0.5709 -0.0197 3.5337, -0.5424 -0.0744 3.5366, -0.5606 -0.0197 3.5363, -0.5469 -0.0197 3.5397, 0.4984 -0.1636 3.5366, 0.4398 -0.2441 3.5366, 0.539 -0.1882 3.5169, 0.4756 -0.2752 3.5169, 0.5739 -0.2093 3.4857, 0.5064 -0.302 3.4857, 0.6006 -0.2255 3.4449, 0.53 -0.3225 3.4449, 0.6175 -0.2357 3.3974, -0.0992 -0.4361 3.5366, -0.1955 -0.4109 3.5366, -0.1073 -0.4829 3.5169, -0.2114 -0.4556 3.5169, -0.1142 -0.5231 3.4857, -0.2251 -0.494 3.4857, -0.1195 -0.5539 3.4449, -0.2356 -0.5235 3.4449, -0.1229 -0.5733 3.3974, 0.6232 -0.2392 3.3465, 0.5975 -0.2745 3.3465, 0.4605 -0.4265 3.3465, 0.4563 -0.4213 3.3974, 0.4439 -0.406 3.4449, 0.4241 -0.3818 3.4857, 0.3983 -0.3502 3.5169, 0.3683 -0.3134 3.5366, 0.2861 -0.3696 3.5366, 0.3094 -0.4109 3.5169, 0.3294 -0.4464 3.4857, 0.3448 -0.4737 3.4449, 0.2356 -0.5235 3.4449, 0.2251 -0.494 3.4857, 0.2114 -0.4556 3.5169, 0.1955 -0.4109 3.5366, 0.124 -0.5799 3.3465, 0.1229 -0.5733 3.3974, 0.1195 -0.5539 3.4449, 0.1142 -0.5231 3.4857, 0.1073 -0.4829 3.5169, 0.0992 -0.4361 3.5366, -0.0 -0.4446 3.5366, -0.0 -0.4921 3.5169, -0.0 -0.5329 3.4857, -0.0 -0.5642 3.4449, -0.0 -0.5838 3.3974, -0.0 -0.5906 3.3465, -0.124 -0.5799 3.3465, -0.1736 -0.5669 3.3465, -0.3577 -0.4966 3.3465, -0.3544 -0.4908 3.3974, -0.3448 -0.4737 3.4449, -0.3294 -0.4464 3.4857, -0.3094 -0.4109 3.5169, -0.2861 -0.3696 3.5366, -0.3683 -0.3134 3.5366, -0.3983 -0.3502 3.5169, -0.4241 -0.3818 3.4857, -0.4439 -0.406 3.4449, -0.53 -0.3225 3.4449, -0.5064 -0.302 3.4857, -0.4756 -0.2752 3.5169, -0.4398 -0.2441 3.5366, -0.6232 -0.2392 3.3465, -0.6175 -0.2357 3.3974, -0.6006 -0.2255 3.4449, -0.5739 -0.2093 3.4857, -0.539 -0.1882 3.5169, -0.4984 -0.1636 3.5366, -0.316 0.4621 1.9978, -0.3201 0.4579 2.9528, -0.2532 0.5131 1.9941, -0.2264 0.5299 2.9528, -0.2264 0.5299 1.9908, -0.1565 0.5626 1.9811, -0.1172 0.5751 2.9528, -0.1172 0.5751 1.9762, -0.059 0.5867 1.971, 0.0 0.5906 2.9528, 0.0 0.5906 1.9691, 0.0594 0.5866 1.971, 0.1172 0.5751 2.9528, 0.1172 0.5751 1.9762, 0.1565 0.5626 1.9811, 0.2264 0.5299 2.9528, 0.2264 0.5299 1.9908, 0.3201 -0.1824 2.9528, 0.3921 -0.0886 1.9858, 0.3921 -0.0886 2.9528, 0.4373 0.0206 1.9882, 0.4373 0.0206 2.9528, 0.4528 0.1378 1.9907, 0.4528 0.1378 2.9528, 0.4373 0.255 1.9933, 0.4373 0.255 2.9528, 0.3921 0.3642 1.9956, 0.3921 0.3642 2.9528, 0.3201 0.4579 1.9977, 0.3201 0.4579 2.9528, 0.316 0.4621 1.9978, 0.2532 0.5131 1.9941, 0.2264 -0.2543 2.9528, 0.2756 -0.2214 1.9829, 0.3201 -0.1824 1.9838, 0.1172 -0.2995 2.9528, 0.1733 -0.2805 1.9816, 0.2264 -0.2543 1.9822, 0.0 -0.315 2.9528, 0.0591 -0.3111 1.981, 0.1172 -0.2995 1.9812, -0.1172 -0.2995 2.9528, -0.0591 -0.3111 1.981, 0.0 -0.315 1.9809, -0.2264 -0.2543 2.9528, -0.1733 -0.2805 1.9816, -0.1172 -0.2995 1.9812, -0.3201 0.4579 1.9977, -0.3921 0.3642 1.9956, -0.3921 0.3642 2.9528, -0.4373 0.255 1.9933, -0.4373 0.255 2.9528, -0.4528 0.1378 1.9907, -0.4528 0.1378 2.9528, -0.4373 0.0206 1.9882, -0.4373 0.0206 2.9528, -0.3921 -0.0886 1.9858, -0.3921 -0.0886 2.9528, -0.3201 -0.1824 1.9838, -0.3201 -0.1824 2.9528, -0.2756 -0.2214 1.9829, -0.2264 -0.2543 1.9822, -0.5076 0.2953 3.5433, 0.5076 0.2953 3.5433, 0.495 0.3314 3.5433, -0.4013 0.4863 3.5433, -0.4548 0.4129 3.5433, -0.495 0.3314 3.5433, 0.4548 0.4129 3.5433, 0.4013 0.4863 3.5433, -0.261 0.6008 3.5433, 0.1784 0.6385 3.5433, 0.0905 0.6615 3.5433, 0.0 0.6693 3.5433, -0.0905 0.6615 3.5433, -0.1784 0.6385 3.5433, -0.3361 0.5495 3.5433, 0.3361 0.5495 3.5433, 0.261 0.6008 3.5433, -0.723 0.05 2.9528, -0.723 0.05 3.2283, -0.723 0.2256 3.2283, 0.723 0.2256 2.9528, 0.723 0.2256 3.2283, 0.723 0.05 3.2283, 0.7111 -0.0197 3.2283, 0.681 -0.1205 2.9528, 0.723 0.05 2.9528, 0.7111 0.2953 3.2283, 0.681 0.3961 2.9528, 0.7111 0.2953 3.3465, -0.7111 0.2953 3.3465, -0.6805 0.3959 3.3465, -0.7111 0.2953 3.2283, -0.681 0.3961 2.9528, -0.723 0.2256 2.9528, -0.7111 -0.0197 3.2283, -0.681 -0.1205 2.9528, -0.1743 -0.5694 2.9528, 0.0 -0.5906 2.9528, -0.3385 -0.5071 2.9528, -0.483 -0.4074 2.9528, -0.5994 -0.276 2.9528, -0.6783 0.4031 3.3465, -0.6232 0.5147 3.3465, -0.5994 0.5515 2.9528, -0.4816 0.6816 3.3465, -0.483 0.683 2.9528, -0.5499 0.6154 3.3465, -0.5975 0.5501 3.3465, -0.4605 0.702 3.3465, -0.3577 0.7722 3.3465, -0.3385 0.7827 2.9528, -0.3378 0.7813 3.3465, -0.2445 0.8239 3.3465, -0.1743 0.845 2.9528, -0.1736 0.8425 3.3465, -0.124 0.8555 3.3465, 0.0 0.8661 2.9528, 0.0 0.8661 3.3465, 0.124 0.8555 3.3465, 0.1743 0.845 2.9528, 0.3378 0.7813 3.3465, 0.3385 0.7827 2.9528, 0.2445 0.8239 3.3465, 0.1736 0.8425 3.3465, 0.3577 0.7722 3.3465, 0.4605 0.702 3.3465, 0.483 0.683 2.9528, 0.5975 0.5501 3.3465, 0.5994 0.5515 2.9528, 0.5499 0.6154 3.3465, 0.4816 0.6816 3.3465, 0.6232 0.5147 3.3465, 0.6783 0.4031 3.3465, 0.6805 0.3959 3.3465, 0.5994 -0.276 2.9528, 0.483 -0.4074 2.9528, 0.3385 -0.5071 2.9528, 0.1743 -0.5694 2.9528, -0.3142 0.4638 1.919, -0.4921 0.4638 1.919, -0.3114 0.4662 1.9189, -0.4921 0.5002 1.9164, -0.2713 0.5002 1.9164, -0.2201 0.5331 1.9078, -0.4921 0.5356 1.9071, -0.2162 0.5356 1.9071, -0.4921 0.5686 1.8914, -0.1391 0.5686 1.8914, -0.4921 0.5715 1.8898, -0.1301 0.5715 1.8898, -0.4921 0.6102 1.8667, -0.4921 0.7154 1.8042, 0.4921 0.6102 1.8667, 0.4921 0.7154 1.8042, 0.3833 0.3787 1.9172, 0.3142 0.4638 1.919, 0.4921 0.4638 1.919, -0.1663 -0.2833 1.9028, -0.0566 -0.3114 1.9022, -0.4921 -0.883 1.8898, 0.4921 -0.883 1.8898, 0.0566 -0.3114 1.9022, 0.1663 -0.2833 1.9028, -0.4092 -0.0559 1.9077, -0.3483 -0.1514 1.9057, -0.2657 -0.2288 1.904, 0.2657 -0.2288 1.904, 0.3483 -0.1514 1.9057, 0.4092 -0.0559 1.9077, -0.3833 0.3787 1.9172, -0.4311 0.2761 1.915, -0.452 0.1647 1.9125, -0.4445 0.0517 1.9101, 0.4445 0.0517 1.9101, 0.452 0.1647 1.9125, 0.4311 0.2761 1.915, 0.4921 -0.9646 1.888, 0.4921 -1.0575 1.886, -0.4921 -0.9646 1.888, -0.4921 -1.0575 1.886, -0.4921 -1.0592 1.9647, 0.4921 -1.0592 1.9647, -0.4921 -0.8838 1.9685, 0.4921 -0.8838 1.9685, 0.4921 0.4621 1.9978, -0.4921 0.4621 1.9978, 0.4921 -0.1886 1.9836, -0.4921 -0.1886 1.9836, 0.4176 -0.2798 1.9816, 0.3595 -0.3307 1.9805, 0.2953 -0.3736 1.9796, 0.226 -0.4078 1.9789, 0.1528 -0.4326 1.9783, 0.0771 -0.4477 1.978, -0.0 -0.4528 1.9779, -0.0771 -0.4477 1.978, -0.1528 -0.4326 1.9783, -0.226 -0.4078 1.9789, -0.2953 -0.3736 1.9796, -0.3595 -0.3307 1.9805, -0.4176 -0.2798 1.9816, -0.4102 0.5626 1.9811, -0.4172 0.555 1.9831, -0.4559 0.5131 1.9941, -0.4921 0.4642 1.9978, 0.4921 0.6089 1.9591, -0.4921 0.6089 1.9591, -0.3777 0.5917 1.9685, -0.4921 0.5917 1.9685, 0.3777 0.5917 1.9685, 0.4098 0.5625 1.9807, 0.4921 0.5917 1.9685, 0.4176 0.5554 1.9836, 0.4559 0.5131 1.9941, 0.4921 0.4642 1.9978, -0.4921 0.4642 1.9685, -0.4921 -0.9646 1.8898, -0.4921 -0.1886 1.9685, -0.4921 0.7557 1.8718, -0.4921 0.6102 1.8898, -0.4921 0.4282 0.9521, -0.4921 0.4225 0.8736, -0.4921 -1.1404 1.0662, -0.4921 -1.1461 0.9876, -0.4921 -1.1864 1.0751, -0.4921 -1.2104 1.0001, -0.4921 -1.2289 1.0946, -0.4921 -1.27 1.0274, -0.4921 -1.2656 1.1236, -0.4921 -1.3214 1.068, -0.4921 -1.2945 1.1604, -0.4921 -1.3618 1.1196, -0.4921 -1.3138 1.203, -0.4921 -1.3888 1.1792, -0.4921 -1.3225 1.249, -0.4921 -1.4011 1.2435, -0.4921 -1.3202 1.2957, -0.4921 -1.3978 1.3089, -0.4921 -1.2473 1.7223, -0.4921 -1.3249 1.7356, -0.4921 -1.2346 1.7657, -0.4921 -1.3072 1.7963, -0.4921 -1.2124 1.805, -0.4921 -1.2761 1.8513, -0.4921 -1.1818 1.8382, -0.4921 -1.2332 1.8979, -0.4921 -1.1444 1.8636, -0.4921 -1.1809 1.9334, -0.4921 -1.1023 1.8798, -0.4921 -1.1219 1.9561, 0.4921 0.6102 1.8898, 0.4921 0.7557 1.8718, 0.4921 0.4642 1.9685, 0.4921 0.5715 1.8898, 0.4921 0.5686 1.8914, 0.4921 0.5356 1.9071, 0.4921 0.5002 1.9164, 0.4921 -0.9646 1.8898, 0.4921 -0.1886 1.9685, 0.4921 -1.1023 1.8798, 0.4921 -1.1219 1.9561, 0.4921 -1.1444 1.8636, 0.4921 -1.1809 1.9334, 0.4921 -1.1818 1.8382, 0.4921 -1.2332 1.8979, 0.4921 -1.2124 1.805, 0.4921 -1.2761 1.8513, 0.4921 -1.2346 1.7657, 0.4921 -1.3072 1.7963, 0.4921 -1.2473 1.7223, 0.4921 -1.3249 1.7356, 0.4921 -1.3202 1.2957, 0.4921 -1.3978 1.3089, 0.4921 -1.3225 1.249, 0.4921 -1.4011 1.2435, 0.4921 -1.3138 1.203, 0.4921 -1.3888 1.1792, 0.4921 -1.2945 1.1604, 0.4921 -1.3618 1.1196, 0.4921 -1.2656 1.1236, 0.4921 -1.3214 1.068, 0.4921 -1.2289 1.0946, 0.4921 -1.27 1.0274, 0.4921 -1.1864 1.0751, 0.4921 -1.2104 1.0001, 0.4921 -1.1404 1.0662, 0.4921 -1.1461 0.9876, 0.4921 0.4282 0.9521, 0.4921 0.4225 0.8736, 0.1301 0.5715 1.8898, 0.1391 0.5686 1.8914, 0.2153 0.5355 1.9069, 0.3114 0.4662 1.9189, 0.2713 0.5002 1.9164, 0.2202 0.5334 1.9079, 0.2202 0.5334 1.9079
            ]
        }
        coordIndex [
            0,1,2,-1,2,1,3,-1,2,3,4,-1,5,6,2,-1,2,6,7,-1,2,7,8,-1,4,9,2,-1,2,9,10,-1,2,10,11,-1,11,12,2,-1,2,12,13,-1,2,13,5,-1,14,15,8,-1,8,15,16,-1,8,16,2,-1,17,18,19,-1,20,21,22,-1,23,24,25,-1,26,27,28,-1,29,30,31,-1,32,33,34,-1,0,2,35,-1,35,2,36,-1,37,38,36,-1,36,38,39,-1,36,39,35,-1,40,41,42,-1,42,41,43,-1,42,43,37,-1,37,43,44,-1,37,44,38,-1,40,42,45,-1,45,42,46,-1,45,46,47,-1,47,46,48,-1,48,46,49,-1,48,49,50,-1,49,51,52,-1,50,49,53,-1,53,49,52,-1,53,52,54,-1,55,56,57,-1,57,56,58,-1,57,58,59,-1,60,61,56,-1,56,61,62,-1,56,62,58,-1,63,64,60,-1,60,64,65,-1,60,65,61,-1,63,60,66,-1,66,60,67,-1,66,67,68,-1,68,67,69,-1,68,69,70,-1,70,69,71,-1,71,69,72,-1,71,72,73,-1,73,72,74,-1,74,72,3,-1,74,3,1,-1,16,15,75,-1,75,15,76,-1,75,76,77,-1,77,76,78,-1,77,78,79,-1,79,78,80,-1,79,80,81,-1,81,80,82,-1,81,82,83,-1,83,82,34,-1,13,12,84,-1,84,12,85,-1,84,85,86,-1,86,85,87,-1,86,87,88,-1,88,87,89,-1,88,89,90,-1,90,89,91,-1,90,91,92,-1,92,91,25,-1,2,16,36,-1,36,16,75,-1,36,75,37,-1,37,75,77,-1,37,77,42,-1,42,77,79,-1,42,79,46,-1,46,79,81,-1,46,81,49,-1,49,81,83,-1,49,83,51,-1,51,83,93,-1,34,33,83,-1,83,33,94,-1,83,94,93,-1,95,32,96,-1,96,32,34,-1,96,34,97,-1,97,34,82,-1,97,82,98,-1,98,82,80,-1,98,80,99,-1,99,80,78,-1,99,78,100,-1,100,78,76,-1,100,76,14,-1,14,76,15,-1,14,8,100,-1,100,8,101,-1,100,101,99,-1,99,101,102,-1,99,102,98,-1,98,102,103,-1,98,103,97,-1,97,103,104,-1,97,104,96,-1,96,104,31,-1,96,31,95,-1,95,31,30,-1,27,29,28,-1,28,29,31,-1,28,31,105,-1,105,31,104,-1,105,104,106,-1,106,104,103,-1,106,103,107,-1,107,103,102,-1,107,102,108,-1,108,102,101,-1,108,101,7,-1,7,101,8,-1,109,26,110,-1,110,26,28,-1,110,28,111,-1,111,28,105,-1,111,105,112,-1,112,105,106,-1,112,106,113,-1,113,106,107,-1,113,107,114,-1,114,107,108,-1,114,108,6,-1,6,108,7,-1,6,5,114,-1,114,5,115,-1,114,115,113,-1,113,115,116,-1,113,116,112,-1,112,116,117,-1,112,117,111,-1,111,117,118,-1,111,118,110,-1,110,118,119,-1,110,119,109,-1,109,119,120,-1,5,13,115,-1,115,13,84,-1,115,84,116,-1,116,84,86,-1,116,86,117,-1,117,86,88,-1,117,88,118,-1,118,88,90,-1,118,90,119,-1,119,90,92,-1,119,92,120,-1,120,92,121,-1,25,24,92,-1,92,24,122,-1,92,122,121,-1,123,23,124,-1,124,23,25,-1,124,25,125,-1,125,25,91,-1,125,91,126,-1,126,91,89,-1,126,89,127,-1,127,89,87,-1,127,87,128,-1,128,87,85,-1,128,85,11,-1,11,85,12,-1,11,10,128,-1,128,10,129,-1,128,129,127,-1,127,129,130,-1,127,130,126,-1,126,130,131,-1,126,131,125,-1,125,131,132,-1,125,132,124,-1,124,132,22,-1,124,22,123,-1,123,22,21,-1,18,20,19,-1,19,20,22,-1,19,22,133,-1,133,22,132,-1,133,132,134,-1,134,132,131,-1,134,131,135,-1,135,131,130,-1,135,130,136,-1,136,130,129,-1,136,129,9,-1,9,129,10,-1,137,17,138,-1,138,17,19,-1,138,19,139,-1,139,19,133,-1,139,133,140,-1,140,133,134,-1,140,134,141,-1,141,134,135,-1,141,135,142,-1,142,135,136,-1,142,136,4,-1,4,136,9,-1,4,3,142,-1,142,3,72,-1,142,72,141,-1,141,72,69,-1,141,69,140,-1,140,69,67,-1,140,67,139,-1,139,67,60,-1,139,60,138,-1,138,60,56,-1,138,56,137,-1,137,56,55,-1,143,144,145,-1,145,144,146,-1,145,146,147,-1,147,146,148,-1,148,146,149,-1,148,149,150,-1,150,149,151,-1,151,149,152,-1,151,152,153,-1,153,152,154,-1,154,152,155,-1,154,155,156,-1,156,155,157,-1,157,155,158,-1,157,158,159,-1,160,161,162,-1,162,161,163,-1,162,163,164,-1,164,163,165,-1,164,165,166,-1,166,165,167,-1,166,167,168,-1,168,167,169,-1,168,169,170,-1,170,169,171,-1,170,171,172,-1,172,171,173,-1,172,173,158,-1,158,173,174,-1,158,174,159,-1,175,176,160,-1,160,176,177,-1,160,177,161,-1,178,179,175,-1,175,179,180,-1,175,180,176,-1,181,182,178,-1,178,182,183,-1,178,183,179,-1,184,185,181,-1,181,185,186,-1,181,186,182,-1,187,188,184,-1,184,188,189,-1,184,189,185,-1,143,190,144,-1,144,190,191,-1,144,191,192,-1,192,191,193,-1,192,193,194,-1,194,193,195,-1,194,195,196,-1,196,195,197,-1,196,197,198,-1,198,197,199,-1,198,199,200,-1,200,199,201,-1,200,201,202,-1,202,201,203,-1,202,203,187,-1,187,203,204,-1,187,204,188,-1,205,206,207,-1,208,209,207,-1,207,209,210,-1,207,210,205,-1,211,212,213,-1,213,214,215,-1,215,216,213,-1,213,216,217,-1,213,217,218,-1,211,213,207,-1,207,213,219,-1,207,219,208,-1,212,220,213,-1,213,220,221,-1,213,221,214,-1,222,223,224,-1,225,226,227,-1,54,52,228,-1,228,52,229,-1,228,229,227,-1,227,229,230,-1,227,230,225,-1,226,225,231,-1,231,225,232,-1,231,232,233,-1,234,235,236,-1,236,235,237,-1,236,237,224,-1,224,237,238,-1,224,238,222,-1,223,222,239,-1,239,222,240,-1,239,240,59,-1,121,241,242,-1,23,243,24,-1,24,243,241,-1,24,241,122,-1,122,241,121,-1,23,123,243,-1,243,123,21,-1,243,21,244,-1,17,245,18,-1,18,245,244,-1,18,244,20,-1,20,244,21,-1,17,137,245,-1,245,137,55,-1,245,55,240,-1,240,55,57,-1,240,57,59,-1,235,246,237,-1,237,246,247,-1,237,247,248,-1,249,250,251,-1,251,250,248,-1,251,248,252,-1,252,248,247,-1,249,253,250,-1,250,253,254,-1,250,254,255,-1,254,256,255,-1,255,256,257,-1,255,257,258,-1,257,259,258,-1,258,259,260,-1,258,260,261,-1,260,262,261,-1,261,262,263,-1,261,263,264,-1,265,266,267,-1,267,266,264,-1,267,264,268,-1,268,264,263,-1,265,269,266,-1,266,269,270,-1,266,270,271,-1,272,273,274,-1,274,273,271,-1,274,271,275,-1,275,271,270,-1,272,276,273,-1,273,276,277,-1,273,277,232,-1,232,277,278,-1,232,278,233,-1,52,51,229,-1,229,51,93,-1,229,93,279,-1,32,280,33,-1,33,280,279,-1,33,279,94,-1,94,279,93,-1,32,95,280,-1,280,95,30,-1,280,30,281,-1,30,29,281,-1,281,29,27,-1,281,27,282,-1,27,26,282,-1,282,26,109,-1,282,109,242,-1,242,109,120,-1,242,120,121,-1,168,225,166,-1,166,225,230,-1,166,230,164,-1,164,230,229,-1,164,229,162,-1,162,229,279,-1,162,279,160,-1,160,279,280,-1,160,280,175,-1,175,280,281,-1,175,281,178,-1,178,281,282,-1,178,282,181,-1,181,282,242,-1,181,242,184,-1,184,242,241,-1,184,241,187,-1,187,241,243,-1,187,243,202,-1,202,243,244,-1,202,244,200,-1,200,244,245,-1,200,245,198,-1,245,240,198,-1,198,240,222,-1,198,222,196,-1,196,222,238,-1,196,238,194,-1,194,238,237,-1,194,237,192,-1,192,237,248,-1,192,248,144,-1,144,248,250,-1,144,250,146,-1,146,250,255,-1,146,255,149,-1,149,255,258,-1,149,258,152,-1,152,258,261,-1,152,261,155,-1,155,261,264,-1,155,264,158,-1,158,264,266,-1,158,266,172,-1,172,266,271,-1,172,271,170,-1,170,271,273,-1,170,273,168,-1,168,273,232,-1,168,232,225,-1,283,284,285,-1,285,284,286,-1,285,286,287,-1,287,286,288,-1,288,286,289,-1,288,289,290,-1,290,289,291,-1,290,291,292,-1,291,293,292,-1,292,293,294,-1,295,296,297,-1,297,296,298,-1,299,300,301,-1,302,303,304,-1,304,303,305,-1,305,303,306,-1,305,306,307,-1,308,309,304,-1,304,309,310,-1,304,310,302,-1,307,311,305,-1,305,311,312,-1,305,312,313,-1,284,283,314,-1,314,315,284,-1,284,315,316,-1,284,316,304,-1,304,316,317,-1,304,317,308,-1,313,318,305,-1,305,318,319,-1,305,319,301,-1,301,319,320,-1,301,320,299,-1,321,322,323,-1,323,322,324,-1,325,326,327,-1,327,326,328,-1,169,329,171,-1,171,329,173,-1,193,191,330,-1,330,191,190,-1,330,190,143,-1,169,167,329,-1,329,167,165,-1,329,165,331,-1,193,330,195,-1,195,330,332,-1,195,332,197,-1,165,163,331,-1,331,163,161,-1,331,161,333,-1,333,161,177,-1,333,177,334,-1,334,177,176,-1,334,176,335,-1,335,176,180,-1,335,180,336,-1,336,180,179,-1,336,179,337,-1,337,179,183,-1,337,183,338,-1,338,183,182,-1,338,182,339,-1,339,182,186,-1,339,186,340,-1,340,186,185,-1,340,185,341,-1,341,185,189,-1,341,189,342,-1,342,189,188,-1,342,188,343,-1,343,188,204,-1,343,204,344,-1,344,204,203,-1,344,203,345,-1,345,203,201,-1,345,201,332,-1,332,201,199,-1,332,199,197,-1,346,347,145,-1,145,347,348,-1,145,348,143,-1,143,348,349,-1,143,349,330,-1,350,351,352,-1,352,351,353,-1,145,147,346,-1,346,147,148,-1,346,148,352,-1,352,148,150,-1,352,150,151,-1,153,154,354,-1,354,154,156,-1,354,156,355,-1,356,350,354,-1,354,350,352,-1,354,352,153,-1,153,352,151,-1,156,157,355,-1,355,157,159,-1,355,159,357,-1,357,159,174,-1,357,174,358,-1,358,174,359,-1,359,174,173,-1,359,173,329,-1,284,304,360,-1,304,361,325,-1,362,332,330,-1,325,327,304,-1,304,327,362,-1,304,362,360,-1,360,362,330,-1,360,330,349,-1,296,295,363,-1,363,295,364,-1,363,364,351,-1,364,293,351,-1,351,293,291,-1,351,291,353,-1,353,291,289,-1,353,289,360,-1,360,289,286,-1,360,286,284,-1,365,366,367,-1,367,366,368,-1,367,368,369,-1,369,368,370,-1,369,370,371,-1,371,370,372,-1,371,372,373,-1,373,372,374,-1,373,374,375,-1,375,374,376,-1,375,376,377,-1,377,376,378,-1,377,378,379,-1,379,378,380,-1,379,380,381,-1,381,380,382,-1,381,382,383,-1,383,382,384,-1,383,384,385,-1,385,384,386,-1,385,386,387,-1,387,386,388,-1,387,388,389,-1,389,388,390,-1,389,390,391,-1,391,390,392,-1,391,392,393,-1,393,392,394,-1,393,394,324,-1,324,394,325,-1,324,325,323,-1,323,325,361,-1,297,298,395,-1,395,298,396,-1,395,396,350,-1,397,359,329,-1,398,395,399,-1,399,395,350,-1,399,350,400,-1,400,350,356,-1,400,356,401,-1,401,356,397,-1,401,397,301,-1,301,397,402,-1,301,402,305,-1,321,402,322,-1,322,402,397,-1,322,397,403,-1,403,397,329,-1,403,329,331,-1,403,328,322,-1,322,328,326,-1,322,326,404,-1,404,326,405,-1,404,405,406,-1,406,405,407,-1,406,407,408,-1,408,407,409,-1,408,409,410,-1,410,409,411,-1,410,411,412,-1,412,411,413,-1,412,413,414,-1,414,413,415,-1,414,415,416,-1,416,415,417,-1,416,417,418,-1,418,417,419,-1,418,419,420,-1,420,419,421,-1,420,421,422,-1,422,421,423,-1,422,423,424,-1,424,423,425,-1,424,425,426,-1,426,425,427,-1,426,427,428,-1,428,427,429,-1,428,429,430,-1,430,429,431,-1,430,431,432,-1,432,431,433,-1,365,367,432,-1,432,367,430,-1,366,365,433,-1,433,365,432,-1,368,366,431,-1,431,366,433,-1,368,431,429,-1,368,429,370,-1,370,429,427,-1,370,427,372,-1,372,427,425,-1,372,425,374,-1,374,425,423,-1,374,423,376,-1,376,423,421,-1,376,421,378,-1,378,421,419,-1,378,419,380,-1,380,419,417,-1,380,417,382,-1,384,382,415,-1,415,382,417,-1,384,415,413,-1,384,413,386,-1,386,413,411,-1,386,411,388,-1,388,411,409,-1,388,409,390,-1,390,409,407,-1,390,407,392,-1,392,407,405,-1,392,405,394,-1,394,405,326,-1,394,326,325,-1,363,351,396,-1,396,351,350,-1,296,363,298,-1,298,363,396,-1,398,399,434,-1,434,399,435,-1,399,400,435,-1,435,400,436,-1,401,301,300,-1,300,437,401,-1,401,437,438,-1,401,438,400,-1,400,438,439,-1,400,439,436,-1,324,322,393,-1,393,322,404,-1,393,404,391,-1,391,404,406,-1,391,406,389,-1,389,406,408,-1,389,408,387,-1,387,408,410,-1,387,410,385,-1,385,410,412,-1,385,412,383,-1,383,412,414,-1,381,383,416,-1,416,383,414,-1,381,416,379,-1,379,416,418,-1,379,418,377,-1,377,418,420,-1,377,420,375,-1,375,420,422,-1,375,422,373,-1,373,422,424,-1,373,424,371,-1,371,424,426,-1,371,426,369,-1,369,426,428,-1,369,428,367,-1,367,428,430,-1,
        ]
    }
}
Shape{
    appearance Appearance {
        material  Material 	{
            diffuseColor 0.13725490196078433 0.32941176470588235 0.7019607843137254
            specularColor 0.011764705882352941 0.023529411764705882 0.050980392156862744
            ambientIntensity 0.2
            transparency 0
            shininess 0.5
        }
    }
    geometry IndexedFaceSet {
        ccw TRUE
        solid FALSE
        coord DEF co Coordinate {
            point [
                2.9528 -0.7457 3.937, -2.9528 -0.7457 3.937, 2.9528 -1.3189 2.3622, -2.9528 -1.3189 2.3622, 2.9528 1.5157 2.3622, 2.9528 1.5157 0.0, 2.7258 1.5157 0.0, 2.156 1.5157 0.0, 1.9452 1.5157 0.0, 1.7471 1.5157 0.0, 1.5451 1.5157 0.0, 0.8851 1.5157 0.0, -2.9528 1.5157 2.3622, -0.0233 1.5157 0.0, -0.2214 1.5157 0.0, -0.4234 1.5157 0.0, -1.0834 1.5157 0.0, -1.781 1.5157 0.0, -1.9918 1.5157 0.0, -2.1899 1.5157 0.0, -2.3919 1.5157 0.0, -2.9528 1.5157 0.0, 1.9452 1.0979 0.0, -1.9918 1.0979 0.0, 2.9528 0.9252 0.0, 3.1102 0.9252 0.0, 3.1102 0.7228 0.0, 1.7126 0.3346 0.0, 1.7126 -1.5157 0.0, 1.5451 -1.5157 0.0, -0.2559 0.3346 0.0, -0.2559 -1.5157 0.0, -0.4234 -1.5157 0.0, -2.2244 0.3346 0.0, -2.2244 -1.5157 0.0, -2.3919 -1.5157 0.0, 0.3684 1.0973 0.0, 0.3683 1.0979 0.0, 0.8851 1.0979 0.0, 0.3607 1.0897 0.0, 0.2202 1.0897 0.0, 0.2182 1.0979 0.0, -1.6001 1.0973 0.0, -1.6002 1.0979 0.0, -1.0834 1.0979 0.0, -1.6078 1.0897 0.0, -1.7483 1.0897 0.0, -1.7503 1.0979 0.0, 2.3292 1.0897 0.0, 2.1887 1.0897 0.0, 2.1867 1.0979 0.0, 2.2935 0.9392 0.0, 2.2165 0.9578 0.0, 2.3269 1.0767 0.0, 2.1984 1.0422 0.0, 2.1899 1.0852 0.0, 2.156 1.0979 0.0, 2.1806 1.1029 0.0, 2.1802 1.1014 0.0, 2.1817 1.1041 0.0, 2.1814 1.1038 0.0, 2.181 1.1034 0.0, 2.7258 1.0979 0.0, 2.336 1.1017 0.0, 2.3368 1.0979 0.0, 2.3365 1.0993 0.0, 2.3363 1.1008 0.0, 2.3338 1.1034 0.0, 2.1865 1.0988 0.0, 2.1857 1.1008 0.0, 2.3333 1.1033 0.0, 2.3327 1.103 0.0, 2.3322 1.1026 0.0, 2.3317 1.1019 0.0, 2.3313 1.1009 0.0, 2.3309 1.0994 0.0, 2.3306 1.0979 0.0, 2.1835 1.104 0.0, 2.183 1.1042 0.0, 2.1826 1.1043 0.0, 2.1821 1.1042 0.0, 2.1851 1.1021 0.0, 2.1845 1.103 0.0, 2.184 1.1036 0.0, 2.3358 1.1023 0.0, 2.3355 1.1028 0.0, 2.3351 1.1031 0.0, 2.3347 1.1033 0.0, 2.3343 1.1034 0.0, 2.7258 1.0897 0.0, 2.3371 1.0943 0.0, 2.3369 1.0973 0.0, 2.3414 1.0436 0.0, 2.3413 1.043 0.0, 2.7258 0.7228 0.0, 2.341 1.0424 0.0, 2.3403 1.0415 0.0, 2.3414 1.0457 0.0, 2.3405 1.059 0.0, 2.3405 1.0592 0.0, 2.3383 1.0846 0.0, 2.3376 1.0897 0.0, 2.3218 0.9884 0.0, 2.315 0.9601 0.0, 2.2613 0.7228 0.0, 2.3248 1.0018 0.0, 2.3286 1.015 0.0, 2.3325 1.0257 0.0, 2.3361 1.0358 0.0, 2.3385 1.0394 0.0, 2.156 0.7132 0.0, 2.2522 0.7172 0.0, 2.2601 0.7172 0.0, 2.1785 1.0875 0.0, 2.1758 1.0637 0.0, 2.156 1.0897 0.0, 2.175 1.0527 0.0, 2.1752 1.0475 0.0, 2.156 0.7228 0.0, 2.1763 1.0444 0.0, 2.251 0.7228 0.0, 2.1939 0.9872 0.0, 2.1877 1.0123 0.0, 2.1774 1.0422 0.0, 2.1803 1.0371 0.0, 2.1797 1.0979 0.0, 2.1793 1.0943 0.0, 2.1788 1.0897 0.0, 1.9672 1.0626 0.0, 1.9675 1.0623 0.0, 1.9452 0.7228 0.0, 1.9666 1.0661 0.0, 1.9664 1.0655 0.0, 1.9452 1.0897 0.0, 2.0583 0.7296 0.0, 2.0759 0.7307 0.0, 2.0886 0.7338 0.0, 2.0991 0.7392 0.0, 2.088 1.0707 0.0, 2.0773 1.0749 0.0, 2.0362 1.0813 0.0, 2.0113 1.0841 0.0, 1.9698 1.0618 0.0, 1.9887 0.7653 0.0, 1.9684 1.0619 0.0, 1.9678 1.0621 0.0, 1.9658 0.7455 0.0, 1.9659 0.7441 0.0, 1.9663 0.7427 0.0, 1.9668 0.7418 0.0, 2.1084 0.7475 0.0, 2.1174 0.7606 0.0, 2.1262 0.7837 0.0, 1.9896 1.0897 0.0, 1.9875 1.0882 0.0, 1.9794 1.0807 0.0, 1.9813 0.7613 0.0, 1.9711 0.7528 0.0, 1.9717 1.062 0.0, 1.9796 1.062 0.0, 1.9887 1.062 0.0, 1.9664 1.0649 0.0, 1.9665 1.0642 0.0, 1.967 1.063 0.0, 1.9849 0.7635 0.0, 1.9686 0.7508 0.0, 1.9671 0.7489 0.0, 1.9661 0.7468 0.0, 2.1206 1.0299 0.0, 2.1088 1.0509 0.0, 2.0989 1.0626 0.0, 1.9686 1.069 0.0, 1.9676 1.0678 0.0, 1.967 1.0668 0.0, 1.9768 1.0778 0.0, 1.97 1.0705 0.0, 2.0 0.7403 0.0, 2.0119 0.7393 0.0, 2.0334 0.733 0.0, 2.0458 0.7306 0.0, 1.9676 0.7409 0.0, 1.9683 0.7403 0.0, 1.9785 0.7421 0.0, 2.1345 0.8471 0.0, 2.1371 0.9256 0.0, 2.1314 0.9924 0.0, 1.9904 0.7421 0.0, 1.9952 0.7412 0.0, 1.9943 1.0913 0.0, 1.9938 1.0914 0.0, 2.0021 1.0866 0.0, 1.9969 1.0897 0.0, 1.9961 1.0902 0.0, 1.9912 1.0909 0.0, 1.9923 1.0913 0.0, 1.9088 0.8929 0.0, 1.9078 0.8934 0.0, 1.9064 1.0416 0.0, 1.7708 0.7405 0.0, 1.771 0.74 0.0, 1.7471 0.7228 0.0, 1.8011 0.8887 0.0, 1.8487 0.8825 0.0, 1.8011 0.7642 0.0, 1.8683 0.8786 0.0, 1.8917 0.8678 0.0, 1.9081 0.7477 0.0, 1.8991 0.7489 0.0, 1.7711 0.7398 0.0, 1.7714 0.7396 0.0, 1.7716 0.7394 0.0, 1.8858 0.7507 0.0, 1.8724 0.7523 0.0, 1.8866 0.8706 0.0, 1.8809 0.8741 0.0, 1.9096 0.8921 0.0, 1.7857 1.0886 0.0, 1.7842 1.0884 0.0, 1.7471 1.0897 0.0, 1.7828 1.0878 0.0, 1.7721 0.7486 0.0, 1.7712 0.7467 0.0, 1.7707 0.7439 0.0, 1.9131 0.7429 0.0, 1.9132 0.7437 0.0, 1.9093 0.8858 0.0, 1.9101 0.887 0.0, 1.9095 0.7476 0.0, 1.9105 0.8882 0.0, 1.9106 0.7473 0.0, 1.9107 0.8891 0.0, 1.9116 0.7467 0.0, 1.9124 0.746 0.0, 1.7814 1.0867 0.0, 1.7803 1.0853 0.0, 1.7797 1.084 0.0, 1.7706 0.7422 0.0, 1.7707 0.741 0.0, 1.7725 0.7392 0.0, 1.774 0.7391 0.0, 1.7756 0.7393 0.0, 1.8946 0.7217 0.0, 1.8956 0.7228 0.0, 1.9109 0.7387 0.0, 1.8011 0.9085 0.0, 1.8011 1.062 0.0, 1.8855 1.0502 0.0, 1.9081 0.8842 0.0, 1.9222 1.0592 0.0, 1.9246 1.0647 0.0, 1.9242 1.0656 0.0, 1.9237 1.0667 0.0, 1.7792 1.0817 0.0, 1.7794 1.0785 0.0, 1.7795 1.0773 0.0, 1.9131 0.7445 0.0, 1.9128 0.7453 0.0, 1.9067 0.8937 0.0, 1.9053 0.8939 0.0, 1.9013 1.0444 0.0, 1.8937 1.048 0.0, 1.7783 0.7566 0.0, 1.7744 0.7519 0.0, 1.9106 0.89 0.0, 1.9103 0.8909 0.0, 1.924 1.0616 0.0, 1.9245 1.0629 0.0, 1.9246 1.0639 0.0, 1.9233 1.0672 0.0, 1.9229 1.0675 0.0, 1.9223 1.0678 0.0, 1.9222 1.0679 0.0, 1.9207 1.0682 0.0, 1.9189 1.0683 0.0, 1.7863 0.7409 0.0, 1.796 0.7421 0.0, 1.8056 0.7421 0.0, 1.912 0.7405 0.0, 1.9127 0.7419 0.0, 1.8248 1.0807 0.0, 1.7988 1.0852 0.0, 1.7925 1.0875 0.0, 1.7885 1.0885 0.0, 1.7832 1.0631 0.0, 1.7847 1.0484 0.0, 1.7847 1.0377 0.0, 1.8073 0.7421 0.0, 1.8184 0.7418 0.0, 1.8294 0.7403 0.0, 1.8515 0.7364 0.0, 1.871 0.7325 0.0, 1.8864 0.7269 0.0, 1.9104 1.0688 0.0, 1.8675 1.074 0.0, 1.7847 0.7642 0.0, 1.7852 1.0235 0.0, 1.785 1.0306 0.0, 1.8894 0.7251 0.0, 1.8929 0.7228 0.0, 1.7471 0.7132 0.0, 1.9452 0.7132 0.0, 1.7149 0.7302 0.0, 1.7149 0.8814 0.0, 1.7064 0.7302 0.0, 1.6664 0.7283 0.0, 1.6795 0.7355 0.0, 1.5962 0.7584 0.0, 1.6077 0.7434 0.0, 1.5451 0.7228 0.0, 1.719 1.0186 0.0, 1.7126 1.0439 0.0, 1.5841 0.7855 0.0, 1.7233 0.951 0.0, 1.7029 1.0635 0.0, 1.6955 1.073 0.0, 1.6846 1.0817 0.0, 1.6907 0.7457 0.0, 1.6973 0.7545 0.0, 1.7024 0.7636 0.0, 1.6253 0.7298 0.0, 1.6336 0.7257 0.0, 1.6418 0.7241 0.0, 1.5835 0.9346 0.0, 1.7114 0.9804 0.0, 1.5856 0.8446 0.0, 1.7143 0.9505 0.0, 1.5907 0.815 0.0, 1.5927 1.0467 0.0, 1.5451 1.0897 0.0, 1.6056 1.0679 0.0, 1.6151 1.0775 0.0, 1.6498 1.0716 0.0, 1.5975 1.0155 0.0, 1.7041 0.8814 0.0, 1.6993 0.8016 0.0, 1.6498 0.724 0.0, 1.6851 1.0589 0.0, 1.6934 1.0493 0.0, 1.6629 0.7445 0.0, 1.6228 0.7527 0.0, 1.6137 0.7616 0.0, 1.6625 1.0707 0.0, 1.675 1.066 0.0, 1.7008 1.0346 0.0, 1.7089 0.9972 0.0, 1.6543 0.7426 0.0, 1.6425 0.7433 0.0, 1.6324 0.7467 0.0, 1.5768 0.9993 0.0, 1.5707 0.9609 0.0, 1.5705 0.8468 0.0, 1.6271 1.0643 0.0, 1.619 1.0568 0.0, 1.606 1.0386 0.0, 1.6344 1.0686 0.0, 1.6419 1.0709 0.0, 1.6924 0.7759 0.0, 1.6852 0.762 0.0, 1.6784 0.7538 0.0, 1.6039 0.7769 0.0, 1.6708 0.748 0.0, 1.6576 1.0903 0.0, 1.6432 1.0898 0.0, 1.5451 1.0979 0.0, 1.6429 1.0897 0.0, 1.6282 1.0852 0.0, 1.671 1.088 0.0, 1.6611 1.0897 0.0, 1.7471 1.0979 0.0, 0.8851 0.7132 0.0, 1.3977 0.7132 0.0, 1.4012 0.7092 0.0, 1.4025 0.7467 0.0, 1.3989 0.7228 0.0, 0.8851 0.7228 0.0, 1.3983 0.7195 0.0, 1.3972 0.7137 0.0, 1.4176 0.7761 0.0, 1.5 1.0487 0.0, 1.5019 1.0479 0.0, 1.4202 0.7528 0.0, 1.4178 0.7688 0.0, 1.5214 1.0653 0.0, 1.5235 1.0676 0.0, 1.5245 1.0693 0.0, 1.5249 1.0713 0.0, 1.5252 1.0733 0.0, 1.5152 1.0595 0.0, 1.4176 1.0648 0.0, 1.4612 1.0612 0.0, 1.482 1.058 0.0, 1.489 1.0564 0.0, 1.4931 1.0544 0.0, 1.4983 1.0499 0.0, 1.4003 1.0844 0.0, 0.8851 1.0897 0.0, 1.4012 1.086 0.0, 1.4019 1.0869 0.0, 1.3999 1.0829 0.0, 1.3999 1.0798 0.0, 1.4015 1.0659 0.0, 1.5245 1.0746 0.0, 1.5241 1.0751 0.0, 1.5233 1.0756 0.0, 1.4018 1.0626 0.0, 1.4029 1.0292 0.0, 1.4029 0.7743 0.0, 1.5219 1.0761 0.0, 1.5198 1.0764 0.0, 1.5098 1.0766 0.0, 1.4955 1.0787 0.0, 1.4582 1.0825 0.0, 1.4459 1.0835 0.0, 1.4222 1.0858 0.0, 1.4091 1.0869 0.0, 1.4062 1.0878 0.0, 1.4046 1.0879 0.0, 1.4034 1.0877 0.0, 1.4026 1.0874 0.0, 1.4044 0.7132 0.0, 1.5451 0.7132 0.0, 1.412 0.7228 0.0, 1.4261 0.7403 0.0, -1.6435 0.9392 0.0, -1.7205 0.9578 0.0, -1.6101 1.0767 0.0, -1.7386 1.0422 0.0, -1.7472 1.0852 0.0, -1.781 1.0979 0.0, -1.7564 1.1029 0.0, -1.7568 1.1014 0.0, -1.7553 1.1041 0.0, -1.7556 1.1038 0.0, -1.756 1.1034 0.0, -1.601 1.1017 0.0, -1.6005 1.0993 0.0, -1.6007 1.1008 0.0, -1.6032 1.1034 0.0, -1.7505 1.0988 0.0, -1.7513 1.1008 0.0, -1.6037 1.1033 0.0, -1.6043 1.103 0.0, -1.6048 1.1026 0.0, -1.6053 1.1019 0.0, -1.6058 1.1009 0.0, -1.6061 1.0994 0.0, -1.6064 1.0979 0.0, -1.7535 1.104 0.0, -1.754 1.1042 0.0, -1.7544 1.1043 0.0, -1.7549 1.1042 0.0, -1.7519 1.1021 0.0, -1.7525 1.103 0.0, -1.7531 1.1036 0.0, -1.6012 1.1023 0.0, -1.6015 1.1028 0.0, -1.6019 1.1031 0.0, -1.6023 1.1033 0.0, -1.6027 1.1034 0.0, -1.5999 1.0943 0.0, -1.0834 1.0897 0.0, -1.5994 1.0897 0.0, -1.5956 1.0457 0.0, -1.5965 1.059 0.0, -1.5967 1.0415 0.0, -1.5961 1.0424 0.0, -1.0834 0.7228 0.0, -1.5957 1.043 0.0, -1.5956 1.0436 0.0, -1.5965 1.0592 0.0, -1.5988 1.0846 0.0, -1.6152 0.9884 0.0, -1.622 0.9601 0.0, -1.6757 0.7228 0.0, -1.6122 1.0018 0.0, -1.6084 1.015 0.0, -1.6045 1.0257 0.0, -1.6009 1.0358 0.0, -1.5985 1.0394 0.0, -1.781 0.7132 0.0, -1.6848 0.7172 0.0, -1.6769 0.7172 0.0, -1.7585 1.0875 0.0, -1.7613 1.0637 0.0, -1.781 1.0897 0.0, -1.762 1.0527 0.0, -1.7618 1.0475 0.0, -1.781 0.7228 0.0, -1.7607 1.0444 0.0, -1.686 0.7228 0.0, -1.7431 0.9872 0.0, -1.7493 1.0123 0.0, -1.7596 1.0422 0.0, -1.7567 1.0371 0.0, -1.7573 1.0979 0.0, -1.7578 1.0943 0.0, -1.7582 1.0897 0.0, -1.9698 1.0626 0.0, -1.9695 1.0623 0.0, -1.9918 0.7228 0.0, -1.9704 1.0661 0.0, -1.9706 1.0655 0.0, -1.9918 1.0897 0.0, -1.8787 0.7296 0.0, -1.8611 0.7307 0.0, -1.8484 0.7338 0.0, -1.838 0.7392 0.0, -1.849 1.0707 0.0, -1.8597 1.0749 0.0, -1.9008 1.0813 0.0, -1.9257 1.0841 0.0, -1.9672 1.0618 0.0, -1.9483 0.7653 0.0, -1.9686 1.0619 0.0, -1.9692 1.0621 0.0, -1.9712 0.7455 0.0, -1.9711 0.7441 0.0, -1.9707 0.7427 0.0, -1.9702 0.7418 0.0, -1.8286 0.7475 0.0, -1.8196 0.7606 0.0, -1.8108 0.7837 0.0, -1.9474 1.0897 0.0, -1.9495 1.0882 0.0, -1.9576 1.0807 0.0, -1.9557 0.7613 0.0, -1.9659 0.7528 0.0, -1.9653 1.062 0.0, -1.9574 1.062 0.0, -1.9483 1.062 0.0, -1.9707 1.0649 0.0, -1.9705 1.0642 0.0, -1.9701 1.063 0.0, -1.9521 0.7635 0.0, -1.9684 0.7508 0.0, -1.9699 0.7489 0.0, -1.9709 0.7468 0.0, -1.8165 1.0299 0.0, -1.8282 1.0509 0.0, -1.8381 1.0626 0.0, -1.9685 1.069 0.0, -1.9694 1.0678 0.0, -1.9701 1.0668 0.0, -1.9602 1.0778 0.0, -1.967 1.0705 0.0, -1.937 0.7403 0.0, -1.9251 0.7393 0.0, -1.9036 0.733 0.0, -1.8913 0.7306 0.0, -1.9694 0.7409 0.0, -1.9687 0.7403 0.0, -1.9585 0.7421 0.0, -1.8025 0.8471 0.0, -1.7999 0.9256 0.0, -1.8057 0.9924 0.0, -1.9467 0.7421 0.0, -1.9418 0.7412 0.0, -1.9427 1.0913 0.0, -1.9432 1.0914 0.0, -1.9349 1.0866 0.0, -1.9401 1.0897 0.0, -1.9409 1.0902 0.0, -1.9458 1.0909 0.0, -1.9447 1.0913 0.0, -2.0282 0.8929 0.0, -2.0292 0.8934 0.0, -2.0306 1.0416 0.0, -2.1662 0.7405 0.0, -2.1661 0.74 0.0, -2.1899 0.7228 0.0, -2.1359 0.8887 0.0, -2.0883 0.8825 0.0, -2.1359 0.7642 0.0, -2.0687 0.8786 0.0, -2.0453 0.8678 0.0, -2.0289 0.7477 0.0, -2.0379 0.7489 0.0, -2.1659 0.7398 0.0, -2.1656 0.7396 0.0, -2.1654 0.7394 0.0, -2.0513 0.7507 0.0, -2.0646 0.7523 0.0, -2.0504 0.8706 0.0, -2.0561 0.8741 0.0, -2.0274 0.8921 0.0, -2.1513 1.0886 0.0, -2.1528 1.0884 0.0, -2.1899 1.0897 0.0, -2.1542 1.0878 0.0, -2.1649 0.7486 0.0, -2.1658 0.7467 0.0, -2.1663 0.7439 0.0, -2.024 0.7429 0.0, -2.0238 0.7437 0.0, -2.0277 0.8858 0.0, -2.027 0.887 0.0, -2.0275 0.7476 0.0, -2.0265 0.8882 0.0, -2.0264 0.7473 0.0, -2.0263 0.8891 0.0, -2.0254 0.7467 0.0, -2.0246 0.746 0.0, -2.1556 1.0867 0.0, -2.1568 1.0853 0.0, -2.1573 1.084 0.0, -2.1664 0.7422 0.0, -2.1663 0.741 0.0, -2.1645 0.7392 0.0, -2.163 0.7391 0.0, -2.1614 0.7393 0.0, -2.0425 0.7217 0.0, -2.0414 0.7228 0.0, -2.0261 0.7387 0.0, -2.1359 0.9085 0.0, -2.1359 1.062 0.0, -2.0515 1.0502 0.0, -2.0289 0.8842 0.0, -2.0148 1.0592 0.0, -2.0124 1.0647 0.0, -2.0128 1.0656 0.0, -2.0133 1.0667 0.0, -2.1578 1.0817 0.0, -2.1576 1.0785 0.0, -2.1575 1.0773 0.0, -2.0239 0.7445 0.0, -2.0242 0.7453 0.0, -2.0303 0.8937 0.0, -2.0317 0.8939 0.0, -2.0357 1.0444 0.0, -2.0433 1.048 0.0, -2.1587 0.7566 0.0, -2.1626 0.7519 0.0, -2.0264 0.89 0.0, -2.0267 0.8909 0.0, -2.013 1.0616 0.0, -2.0125 1.0629 0.0, -2.0124 1.0639 0.0, -2.0137 1.0672 0.0, -2.0141 1.0675 0.0, -2.0147 1.0678 0.0, -2.0148 1.0679 0.0, -2.0163 1.0682 0.0, -2.0181 1.0683 0.0, -2.1507 0.7409 0.0, -2.141 0.7421 0.0, -2.1314 0.7421 0.0, -2.025 0.7405 0.0, -2.0243 0.7419 0.0, -2.1122 1.0807 0.0, -2.1382 1.0852 0.0, -2.1445 1.0875 0.0, -2.1485 1.0885 0.0, -2.1538 1.0631 0.0, -2.1524 1.0484 0.0, -2.1524 1.0377 0.0, -2.1297 0.7421 0.0, -2.1186 0.7418 0.0, -2.1076 0.7403 0.0, -2.0855 0.7364 0.0, -2.066 0.7325 0.0, -2.0506 0.7269 0.0, -2.0266 1.0688 0.0, -2.0695 1.074 0.0, -2.1524 0.7642 0.0, -2.1518 1.0235 0.0, -2.152 1.0306 0.0, -2.0476 0.7251 0.0, -2.0441 0.7228 0.0, -2.1899 0.7132 0.0, -1.9918 0.7132 0.0, -2.2221 0.7302 0.0, -2.2221 0.8814 0.0, -2.2306 0.7302 0.0, -2.2706 0.7283 0.0, -2.2575 0.7355 0.0, -2.3408 0.7584 0.0, -2.3293 0.7434 0.0, -2.3919 0.7228 0.0, -2.218 1.0186 0.0, -2.2244 1.0439 0.0, -2.3529 0.7855 0.0, -2.2137 0.951 0.0, -2.2341 1.0635 0.0, -2.2415 1.073 0.0, -2.2524 1.0817 0.0, -2.2463 0.7457 0.0, -2.2397 0.7545 0.0, -2.2346 0.7636 0.0, -2.3117 0.7298 0.0, -2.3034 0.7257 0.0, -2.2952 0.7241 0.0, -2.3535 0.9346 0.0, -2.2256 0.9804 0.0, -2.3514 0.8446 0.0, -2.2227 0.9505 0.0, -2.3463 0.815 0.0, -2.3443 1.0467 0.0, -2.3919 1.0897 0.0, -2.3314 1.0679 0.0, -2.3219 1.0775 0.0, -2.2872 1.0716 0.0, -2.3395 1.0155 0.0, -2.2329 0.8814 0.0, -2.2377 0.8016 0.0, -2.2872 0.724 0.0, -2.2519 1.0589 0.0, -2.2436 1.0493 0.0, -2.2741 0.7445 0.0, -2.3142 0.7527 0.0, -2.3233 0.7616 0.0, -2.2746 1.0707 0.0, -2.2621 1.066 0.0, -2.2362 1.0346 0.0, -2.2281 0.9972 0.0, -2.2827 0.7426 0.0, -2.2945 0.7433 0.0, -2.3046 0.7467 0.0, -2.3602 0.9993 0.0, -2.3663 0.9609 0.0, -2.3665 0.8468 0.0, -2.3099 1.0643 0.0, -2.318 1.0568 0.0, -2.331 1.0386 0.0, -2.3026 1.0686 0.0, -2.2951 1.0709 0.0, -2.2447 0.7759 0.0, -2.2518 0.762 0.0, -2.2586 0.7538 0.0, -2.3331 0.7769 0.0, -2.2662 0.748 0.0, -2.2794 1.0903 0.0, -2.2938 1.0898 0.0, -2.3919 1.0979 0.0, -2.2941 1.0897 0.0, -2.3088 1.0852 0.0, -2.266 1.088 0.0, -2.2759 1.0897 0.0, -2.1899 1.0979 0.0, -2.9528 -1.5157 0.0, -2.9528 0.5315 0.0, -2.7953 0.5315 0.0, -2.5345 0.7467 0.0, -2.5382 0.7228 0.0, -2.7953 0.7228 0.0, -2.5387 0.7195 0.0, -2.7953 0.7132 0.0, -2.5194 0.7761 0.0, -2.437 1.0487 0.0, -2.4351 1.0479 0.0, -2.5367 1.0844 0.0, -2.7953 0.9252 0.0, -2.5358 1.086 0.0, -2.5351 1.0869 0.0, -2.4118 1.0733 0.0, -2.4125 1.0746 0.0, -2.4129 1.0751 0.0, -2.5371 1.0829 0.0, -2.5371 1.0798 0.0, -2.5355 1.0659 0.0, -2.5168 0.7528 0.0, -2.5192 0.7688 0.0, -2.4156 1.0653 0.0, -2.4135 1.0676 0.0, -2.4125 1.0693 0.0, -2.4121 1.0713 0.0, -2.5352 1.0626 0.0, -2.5341 1.0292 0.0, -2.5341 0.7743 0.0, -2.4218 1.0595 0.0, -2.5194 1.0648 0.0, -2.4758 1.0612 0.0, -2.455 1.058 0.0, -2.448 1.0564 0.0, -2.4439 1.0544 0.0, -2.4387 1.0499 0.0, -2.4137 1.0756 0.0, -2.4151 1.0761 0.0, -2.4172 1.0764 0.0, -2.5344 1.0874 0.0, -2.9528 0.9252 0.0, -2.5336 1.0877 0.0, -2.9528 1.0897 0.0, -2.5324 1.0879 0.0, -2.4272 1.0766 0.0, -2.4415 1.0787 0.0, -2.4788 1.0825 0.0, -2.5279 1.0869 0.0, -2.5308 1.0878 0.0, -2.5148 1.0858 0.0, -2.4911 1.0835 0.0, -2.5358 0.7092 0.0, -2.5326 0.7132 0.0, -2.3919 0.7132 0.0, -2.525 0.7228 0.0, -2.5109 0.7403 0.0, 0.325 0.9392 0.0, 0.248 0.9578 0.0, 0.3584 1.0767 0.0, 0.2299 1.0422 0.0, 0.2213 1.0852 0.0, 0.2125 1.1034 0.0, 0.2121 1.1029 0.0, -0.0233 1.0979 0.0, 0.2117 1.1014 0.0, 0.2112 1.0979 0.0, 0.2141 1.1043 0.0, 0.2136 1.1042 0.0, 0.2132 1.1041 0.0, 0.2129 1.1038 0.0, 0.3673 1.1023 0.0, 0.3675 1.1017 0.0, 0.3653 1.1034 0.0, 0.218 1.0988 0.0, 0.2172 1.1008 0.0, 0.368 1.0993 0.0, 0.3678 1.1008 0.0, 0.3648 1.1033 0.0, 0.3642 1.103 0.0, 0.3637 1.1026 0.0, 0.3632 1.1019 0.0, 0.3628 1.1009 0.0, 0.3624 1.0994 0.0, 0.3621 1.0979 0.0, 0.2145 1.1042 0.0, 0.215 1.104 0.0, 0.2166 1.1021 0.0, 0.216 1.103 0.0, 0.2155 1.1036 0.0, 0.367 1.1028 0.0, 0.3666 1.1031 0.0, 0.3662 1.1033 0.0, 0.3658 1.1034 0.0, 0.3686 1.0943 0.0, 0.3691 1.0897 0.0, 0.3729 1.0457 0.0, 0.372 1.059 0.0, 0.3718 1.0415 0.0, 0.3725 1.0424 0.0, 0.3728 1.043 0.0, 0.3729 1.0436 0.0, 0.372 1.0592 0.0, 0.3698 1.0846 0.0, 0.3465 0.9601 0.0, 0.3533 0.9884 0.0, 0.3563 1.0018 0.0, 0.3601 1.015 0.0, 0.364 1.0257 0.0, 0.3676 1.0358 0.0, 0.37 1.0394 0.0, 0.2825 0.7228 0.0, 0.2837 0.7172 0.0, -0.0233 0.7132 0.0, 0.2916 0.7172 0.0, -0.0013 1.0626 0.0, -0.001 1.0623 0.0, -0.0233 0.7228 0.0, -0.0019 1.0661 0.0, -0.0021 1.0655 0.0, -0.0233 1.0897 0.0, 0.1304 1.0626 0.0, 0.1195 1.0707 0.0, 0.2103 1.0897 0.0, 0.1074 0.7307 0.0, 0.1201 0.7338 0.0, 0.1305 0.7392 0.0, 0.1399 0.7475 0.0, 0.1489 0.7606 0.0, 0.0013 1.0618 0.0, 0.0202 0.7653 0.0, -0.0001 1.0619 0.0, -0.0007 1.0621 0.0, -0.0027 0.7455 0.0, -0.0026 0.7441 0.0, -0.0022 0.7427 0.0, -0.0017 0.7418 0.0, 0.2073 1.0637 0.0, 0.2065 1.0527 0.0, 0.1403 1.0509 0.0, 0.1088 1.0749 0.0, 0.0677 1.0813 0.0, 0.0428 1.0841 0.0, 0.0773 0.7306 0.0, 0.0898 0.7296 0.0, 0.019 1.0882 0.0, 0.0109 1.0807 0.0, 0.0128 0.7613 0.0, 0.0026 0.7528 0.0, 0.0032 1.062 0.0, 0.0111 1.062 0.0, 0.0202 1.062 0.0, 0.152 1.0299 0.0, 0.2067 1.0475 0.0, 0.2078 1.0444 0.0, -0.0021 1.0649 0.0, -0.002 1.0642 0.0, -0.0016 1.063 0.0, 0.0164 0.7635 0.0, 0.0001 0.7508 0.0, -0.0014 0.7489 0.0, -0.0024 0.7468 0.0, 0.21 1.0875 0.0, 0.0 1.069 0.0, -0.0009 1.0678 0.0, -0.0016 1.0668 0.0, 0.0083 1.0778 0.0, 0.0015 1.0705 0.0, 0.0315 0.7403 0.0, 0.0434 0.7393 0.0, 0.0649 0.733 0.0, 0.1577 0.7837 0.0, 0.166 0.8471 0.0, 0.2254 0.9872 0.0, 0.1686 0.9256 0.0, 0.2192 1.0123 0.0, 0.1628 0.9924 0.0, 0.2118 1.0371 0.0, 0.2089 1.0422 0.0, -0.0009 0.7409 0.0, -0.0002 0.7403 0.0, 0.01 0.7421 0.0, 0.0219 0.7421 0.0, 0.0267 0.7412 0.0, 0.0336 1.0866 0.0, 0.0284 1.0897 0.0, 0.2108 1.0943 0.0, 0.0227 1.0909 0.0, 0.0211 1.0897 0.0, 0.0276 1.0902 0.0, 0.0258 1.0913 0.0, 0.0253 1.0914 0.0, 0.0238 1.0913 0.0, -0.0597 0.8929 0.0, -0.0607 0.8934 0.0, -0.0621 1.0416 0.0, -0.1977 0.7405 0.0, -0.1976 0.74 0.0, -0.2214 0.7228 0.0, -0.1674 0.8887 0.0, -0.1198 0.8825 0.0, -0.1674 0.7642 0.0, -0.1002 0.8786 0.0, -0.0768 0.8678 0.0, -0.0604 0.7477 0.0, -0.0694 0.7489 0.0, -0.1974 0.7398 0.0, -0.1971 0.7396 0.0, -0.1969 0.7394 0.0, -0.0827 0.7507 0.0, -0.0961 0.7523 0.0, -0.0819 0.8706 0.0, -0.0876 0.8741 0.0, -0.0589 0.8921 0.0, -0.1828 1.0886 0.0, -0.1843 1.0884 0.0, -0.2214 1.0897 0.0, -0.1857 1.0878 0.0, -0.1964 0.7486 0.0, -0.1973 0.7467 0.0, -0.1978 0.7439 0.0, -0.0555 0.7429 0.0, -0.0553 0.7437 0.0, -0.0592 0.8858 0.0, -0.0585 0.887 0.0, -0.059 0.7476 0.0, -0.058 0.8882 0.0, -0.0579 0.7473 0.0, -0.0578 0.8891 0.0, -0.0569 0.7467 0.0, -0.0561 0.746 0.0, -0.1871 1.0867 0.0, -0.1883 1.0853 0.0, -0.1888 1.084 0.0, -0.1979 0.7422 0.0, -0.1978 0.741 0.0, -0.196 0.7392 0.0, -0.1945 0.7391 0.0, -0.1929 0.7393 0.0, -0.074 0.7217 0.0, -0.0729 0.7228 0.0, -0.0576 0.7387 0.0, -0.1674 0.9085 0.0, -0.1674 1.062 0.0, -0.083 1.0502 0.0, -0.0604 0.8842 0.0, -0.0463 1.0592 0.0, -0.0439 1.0647 0.0, -0.0443 1.0656 0.0, -0.0448 1.0667 0.0, -0.1893 1.0817 0.0, -0.1891 1.0785 0.0, -0.189 1.0773 0.0, -0.0554 0.7445 0.0, -0.0557 0.7453 0.0, -0.0618 0.8937 0.0, -0.0632 0.8939 0.0, -0.0672 1.0444 0.0, -0.0748 1.048 0.0, -0.1902 0.7566 0.0, -0.1941 0.7519 0.0, -0.0579 0.89 0.0, -0.0582 0.8909 0.0, -0.0445 1.0616 0.0, -0.044 1.0629 0.0, -0.0439 1.0639 0.0, -0.0452 1.0672 0.0, -0.0456 1.0675 0.0, -0.0462 1.0678 0.0, -0.0463 1.0679 0.0, -0.0478 1.0682 0.0, -0.0496 1.0683 0.0, -0.1822 0.7409 0.0, -0.1725 0.7421 0.0, -0.1629 0.7421 0.0, -0.0565 0.7405 0.0, -0.0558 0.7419 0.0, -0.1437 1.0807 0.0, -0.1697 1.0852 0.0, -0.176 1.0875 0.0, -0.18 1.0885 0.0, -0.1853 1.0631 0.0, -0.1838 1.0484 0.0, -0.1838 1.0377 0.0, -0.1612 0.7421 0.0, -0.1501 0.7418 0.0, -0.1391 0.7403 0.0, -0.117 0.7364 0.0, -0.0975 0.7325 0.0, -0.0821 0.7269 0.0, -0.0581 1.0688 0.0, -0.101 1.074 0.0, -0.1838 0.7642 0.0, -0.1833 1.0235 0.0, -0.1835 1.0306 0.0, -0.0791 0.7251 0.0, -0.0756 0.7228 0.0, -0.2214 0.7132 0.0, -0.2536 0.7302 0.0, -0.2536 0.8814 0.0, -0.2621 0.7302 0.0, -0.3021 0.7283 0.0, -0.289 0.7355 0.0, -0.3723 0.7584 0.0, -0.3608 0.7434 0.0, -0.4234 0.7228 0.0, -0.2495 1.0186 0.0, -0.2559 1.0439 0.0, -0.3844 0.7855 0.0, -0.2452 0.951 0.0, -0.2656 1.0635 0.0, -0.273 1.073 0.0, -0.2839 1.0817 0.0, -0.2778 0.7457 0.0, -0.2712 0.7545 0.0, -0.2661 0.7636 0.0, -0.3432 0.7298 0.0, -0.3349 0.7257 0.0, -0.3267 0.7241 0.0, -0.385 0.9346 0.0, -0.2571 0.9804 0.0, -0.3829 0.8446 0.0, -0.2542 0.9505 0.0, -0.3778 0.815 0.0, -0.3758 1.0467 0.0, -0.4234 1.0897 0.0, -0.3629 1.0679 0.0, -0.3534 1.0775 0.0, -0.3187 1.0716 0.0, -0.371 1.0155 0.0, -0.2644 0.8814 0.0, -0.2692 0.8016 0.0, -0.3187 0.724 0.0, -0.2834 1.0589 0.0, -0.2751 1.0493 0.0, -0.3056 0.7445 0.0, -0.3457 0.7527 0.0, -0.3548 0.7616 0.0, -0.3061 1.0707 0.0, -0.2936 1.066 0.0, -0.2677 1.0346 0.0, -0.2596 0.9972 0.0, -0.3142 0.7426 0.0, -0.326 0.7433 0.0, -0.3361 0.7467 0.0, -0.3917 0.9993 0.0, -0.3978 0.9609 0.0, -0.398 0.8468 0.0, -0.3414 1.0643 0.0, -0.3495 1.0568 0.0, -0.3625 1.0386 0.0, -0.3341 1.0686 0.0, -0.3266 1.0709 0.0, -0.2762 0.7759 0.0, -0.2833 0.762 0.0, -0.2901 0.7538 0.0, -0.3646 0.7769 0.0, -0.2977 0.748 0.0, -0.3109 1.0903 0.0, -0.3253 1.0898 0.0, -0.4234 1.0979 0.0, -0.3256 1.0897 0.0, -0.3403 1.0852 0.0, -0.2975 1.088 0.0, -0.3074 1.0897 0.0, -0.2214 1.0979 0.0, -1.0834 0.7132 0.0, -0.5708 0.7132 0.0, -0.5673 0.7092 0.0, -0.566 0.7467 0.0, -0.5697 0.7228 0.0, -0.5702 0.7195 0.0, -0.5713 0.7137 0.0, -0.5509 0.7761 0.0, -0.4685 1.0487 0.0, -0.4666 1.0479 0.0, -0.5483 0.7528 0.0, -0.5507 0.7688 0.0, -0.4471 1.0653 0.0, -0.445 1.0676 0.0, -0.444 1.0693 0.0, -0.4436 1.0713 0.0, -0.4433 1.0733 0.0, -0.4533 1.0595 0.0, -0.5509 1.0648 0.0, -0.5073 1.0612 0.0, -0.4865 1.058 0.0, -0.4795 1.0564 0.0, -0.4754 1.0544 0.0, -0.4702 1.0499 0.0, -0.5682 1.0844 0.0, -0.5673 1.086 0.0, -0.5666 1.0869 0.0, -0.5686 1.0829 0.0, -0.5686 1.0798 0.0, -0.567 1.0659 0.0, -0.444 1.0746 0.0, -0.4444 1.0751 0.0, -0.4452 1.0756 0.0, -0.5667 1.0626 0.0, -0.5656 1.0292 0.0, -0.5656 0.7743 0.0, -0.4466 1.0761 0.0, -0.4487 1.0764 0.0, -0.4587 1.0766 0.0, -0.473 1.0787 0.0, -0.5103 1.0825 0.0, -0.5226 1.0835 0.0, -0.5463 1.0858 0.0, -0.5594 1.0869 0.0, -0.5623 1.0878 0.0, -0.5639 1.0879 0.0, -0.5651 1.0877 0.0, -0.5659 1.0874 0.0, -0.5641 0.7132 0.0, -0.4234 0.7132 0.0, -0.5565 0.7228 0.0, -0.5424 0.7403 0.0, -2.1899 0.3346 0.0, -2.5393 0.7132 0.0, -2.5398 0.7137 0.0, -1.7126 0.3346 0.0, -1.781 0.3346 0.0, -0.2214 0.3346 0.0, -1.0834 -1.5157 0.0, -1.7126 -1.5157 0.0, 0.2559 0.3346 0.0, 0.2928 0.7228 0.0, 1.7471 0.3346 0.0, 0.8851 -1.5157 0.0, 0.2559 -1.5157 0.0, 2.2244 -1.5157 0.0, 2.2244 0.3346 0.0, 2.7258 0.7132 0.0, 2.156 0.3346 0.0, 3.1102 0.5315 0.0, 2.9528 0.5315 0.0, 2.7258 -1.5157 0.0, 2.9528 -1.5157 0.0, 2.9528 1.0979 0.0, 2.9528 1.0897 0.0, -2.9528 1.0979 0.0, -1.9918 0.3346 0.0, -0.0233 0.3346 0.0, 1.9452 0.3346 0.0, 3.1102 0.7132 0.0, 2.9528 -1.5157 2.3622, -2.9528 -1.5157 2.3622, 2.7228 0.3636 3.937, 2.7546 0.1836 3.937, 2.9528 0.9646 3.937, 2.7439 0.0011 3.937, 2.6915 -0.1741 3.937, -0.5061 -0.4654 3.937, -1.2455 -0.1741 3.937, -0.3534 -0.5659 3.937, -1.3369 -0.3324 3.937, -0.1816 -0.6284 3.937, -0.6316 -0.3324 3.937, -0.723 -0.1741 3.937, -1.1931 0.0011 3.937, -0.7754 0.0011 3.937, -1.1824 0.1836 3.937, 2.6001 -0.3324 3.937, 2.4746 -0.4654 3.937, 2.3219 -0.5659 3.937, -2.3219 -0.5659 3.937, -2.4746 -0.4654 3.937, -2.6001 -0.3324 3.937, -2.6915 -0.1741 3.937, 2.4012 0.7957 3.937, 2.5412 0.6781 3.937, 2.6504 0.5315 3.937, 1.3958 0.6781 3.937, 0.2693 0.8777 3.937, 0.4327 0.7957 3.937, 0.7861 0.1836 3.937, 1.2142 0.3636 3.937, 0.7543 0.3636 3.937, 1.2866 0.5315 3.937, 0.6819 0.5315 3.937, 0.5727 0.6781 3.937, 0.0914 0.9199 3.937, 1.5358 0.7957 3.937, 1.6992 0.8777 3.937, 2.1501 -0.6284 3.937, 1.9685 -0.6496 3.937, 0.0 -0.6496 3.937, -2.7439 0.0011 3.937, -2.7546 0.1836 3.937, -2.9528 0.9646 3.937, -2.7228 0.3636 3.937, -2.6504 0.5315 3.937, 1.7869 -0.6284 3.937, 1.6151 -0.5659 3.937, 0.1816 -0.6284 3.937, 1.4624 -0.4654 3.937, 0.3534 -0.5659 3.937, -1.4624 -0.4654 3.937, -1.6151 -0.5659 3.937, -1.7869 -0.6284 3.937, -1.9685 -0.6496 3.937, -2.1501 -0.6284 3.937, -0.7861 0.1836 3.937, -0.7543 0.3636 3.937, -1.2142 0.3636 3.937, -0.6819 0.5315 3.937, -1.2866 0.5315 3.937, -0.5727 0.6781 3.937, -1.3958 0.6781 3.937, -0.4327 0.7957 3.937, 0.723 -0.1741 3.937, 0.6316 -0.3324 3.937, 0.5061 -0.4654 3.937, -2.5412 0.6781 3.937, -2.4012 0.7957 3.937, -2.2378 0.8777 3.937, -2.0599 0.9199 3.937, -1.8771 0.9199 3.937, 1.3369 -0.3324 3.937, 1.2455 -0.1741 3.937, 0.7754 0.0011 3.937, 1.1931 0.0011 3.937, 1.1824 0.1836 3.937, -0.2693 0.8777 3.937, -0.0914 0.9199 3.937, -1.5358 0.7957 3.937, -1.6992 0.8777 3.937, 1.8771 0.9199 3.937, 2.0599 0.9199 3.937, 2.2378 0.8777 3.937, 0.1114 1.3121 1.9685, 0.0787 1.3372 1.9685, 0.1364 1.2795 1.9685, 0.0408 1.3529 1.9685, 0.0 1.3583 1.9685, -0.1364 1.2795 1.9685, -0.1521 1.2415 1.9685, 0.1521 1.2415 1.9685, -0.1575 1.2008 1.9685, 0.1575 1.2008 1.9685, -0.0408 1.3529 1.9685, -0.0787 1.3372 1.9685, -0.1114 1.3121 1.9685, -0.0 -0.6496 2.1583, 0.1816 -0.6284 2.1583, 0.3534 -0.5659 2.1583, 0.5061 -0.4654 2.1583, 0.6316 -0.3324 2.1583, 0.723 -0.1741 2.1583, 0.7754 0.0011 2.1583, 0.7861 0.1836 2.1583, 0.7543 0.3636 2.1583, 0.6819 0.5315 2.1583, 0.5727 0.6781 2.1583, 0.4327 0.7957 2.1583, 0.2693 0.8777 2.1583, 0.0914 0.9199 2.1583, -0.0914 0.9199 2.1583, -0.2693 0.8777 2.1583, -0.4327 0.7957 2.1583, -0.5727 0.6781 2.1583, -0.6819 0.5315 2.1583, -0.7543 0.3636 2.1583, -0.7861 0.1836 2.1583, -0.7754 0.0011 2.1583, -0.723 -0.1741 2.1583, -0.6316 -0.3324 2.1583, -0.5061 -0.4654 2.1583, -0.3534 -0.5659 2.1583, -0.1816 -0.6284 2.1583, -0.1816 -0.6284 2.1583
            ]
        }
        coordIndex [
            0,1,2,-1,2,1,3,-1,4,5,6,-1,6,7,4,-1,4,7,8,-1,4,8,9,-1,9,10,4,-1,4,10,11,-1,4,11,12,-1,11,13,12,-1,12,13,14,-1,12,14,15,-1,15,16,12,-1,12,16,17,-1,12,17,18,-1,18,19,12,-1,12,19,20,-1,12,20,21,-1,22,8,7,-1,23,18,17,-1,24,25,26,-1,27,28,29,-1,30,31,32,-1,33,34,35,-1,36,37,38,-1,39,40,41,-1,42,43,44,-1,45,46,47,-1,48,49,50,-1,51,52,53,-1,53,52,54,-1,53,54,48,-1,48,54,55,-1,48,55,49,-1,56,57,58,-1,59,60,56,-1,56,60,61,-1,56,61,57,-1,6,62,63,-1,64,65,62,-1,62,65,66,-1,62,66,63,-1,67,68,69,-1,68,67,50,-1,50,67,70,-1,50,70,71,-1,71,72,50,-1,50,72,73,-1,50,73,74,-1,74,75,50,-1,50,75,76,-1,50,76,48,-1,77,78,7,-1,7,78,79,-1,7,79,80,-1,69,81,67,-1,67,81,82,-1,67,82,83,-1,63,84,6,-1,6,84,85,-1,6,85,7,-1,7,85,86,-1,7,86,87,-1,87,88,7,-1,7,88,67,-1,7,67,77,-1,77,67,83,-1,89,90,62,-1,62,90,91,-1,62,91,64,-1,92,89,93,-1,93,89,94,-1,93,94,95,-1,95,94,96,-1,92,97,89,-1,89,97,98,-1,89,98,99,-1,99,100,89,-1,89,100,101,-1,89,101,90,-1,102,94,103,-1,103,94,104,-1,102,105,94,-1,94,105,106,-1,94,106,107,-1,107,108,94,-1,94,108,109,-1,94,109,96,-1,110,111,112,-1,113,114,115,-1,114,116,115,-1,115,116,117,-1,115,117,118,-1,118,117,119,-1,111,110,120,-1,120,110,118,-1,120,118,121,-1,121,118,119,-1,121,119,122,-1,122,119,123,-1,122,123,124,-1,58,125,56,-1,56,125,126,-1,56,126,115,-1,115,126,127,-1,115,127,113,-1,128,129,130,-1,131,132,133,-1,134,135,118,-1,118,135,136,-1,118,136,137,-1,138,139,115,-1,115,139,140,-1,115,140,141,-1,142,143,144,-1,144,143,145,-1,146,147,130,-1,130,147,148,-1,130,148,149,-1,137,150,118,-1,118,150,151,-1,118,151,152,-1,153,154,133,-1,133,154,155,-1,129,156,157,-1,142,158,143,-1,143,158,159,-1,143,159,160,-1,132,161,133,-1,133,161,162,-1,133,162,130,-1,130,162,163,-1,130,163,128,-1,145,143,129,-1,129,143,164,-1,129,164,156,-1,157,165,129,-1,129,165,166,-1,129,166,130,-1,130,166,167,-1,130,167,146,-1,168,169,115,-1,115,169,170,-1,115,170,138,-1,171,172,133,-1,133,172,173,-1,133,173,131,-1,155,174,133,-1,133,174,175,-1,133,175,171,-1,176,177,130,-1,130,177,178,-1,130,178,179,-1,149,180,130,-1,130,180,181,-1,130,181,182,-1,152,183,118,-1,118,183,184,-1,118,184,115,-1,115,184,185,-1,115,185,168,-1,182,186,130,-1,130,186,187,-1,130,187,176,-1,188,189,56,-1,141,190,115,-1,115,190,191,-1,115,191,56,-1,56,191,192,-1,56,192,188,-1,153,133,193,-1,193,133,22,-1,193,22,194,-1,195,196,197,-1,198,199,200,-1,201,202,203,-1,203,202,204,-1,205,206,207,-1,199,208,200,-1,200,208,209,-1,200,209,210,-1,207,211,205,-1,205,211,212,-1,205,212,213,-1,213,212,203,-1,213,203,214,-1,214,203,204,-1,195,197,215,-1,216,217,218,-1,218,217,219,-1,220,221,200,-1,200,221,222,-1,223,224,130,-1,225,226,227,-1,227,226,228,-1,227,228,229,-1,229,228,230,-1,229,230,231,-1,231,230,232,-1,219,233,218,-1,218,233,234,-1,218,234,235,-1,222,236,200,-1,200,236,237,-1,200,237,198,-1,210,238,200,-1,200,238,239,-1,200,239,240,-1,241,242,130,-1,130,242,243,-1,244,245,246,-1,206,205,227,-1,227,205,247,-1,227,247,225,-1,130,197,248,-1,249,250,133,-1,133,250,251,-1,235,252,218,-1,218,252,253,-1,218,253,254,-1,224,255,130,-1,130,255,256,-1,130,256,232,-1,196,257,197,-1,197,257,258,-1,197,258,259,-1,259,258,244,-1,259,244,260,-1,260,244,246,-1,261,262,218,-1,232,230,130,-1,130,230,263,-1,130,263,197,-1,197,263,264,-1,197,264,215,-1,248,265,130,-1,130,265,266,-1,130,266,133,-1,133,266,267,-1,133,267,249,-1,251,268,133,-1,133,268,269,-1,133,269,270,-1,270,271,133,-1,133,271,272,-1,133,272,273,-1,240,274,200,-1,200,274,275,-1,200,275,276,-1,243,277,130,-1,130,277,278,-1,130,278,223,-1,279,280,133,-1,133,280,281,-1,133,281,282,-1,254,283,218,-1,218,283,284,-1,218,284,285,-1,276,286,200,-1,200,286,287,-1,200,287,288,-1,288,289,200,-1,200,289,290,-1,200,290,291,-1,273,292,133,-1,133,292,293,-1,133,293,279,-1,294,261,295,-1,295,261,218,-1,295,218,296,-1,296,218,285,-1,291,297,200,-1,200,297,298,-1,200,298,299,-1,299,298,241,-1,299,241,300,-1,300,241,130,-1,200,301,302,-1,303,304,305,-1,306,307,308,-1,309,310,218,-1,306,308,311,-1,309,218,312,-1,310,313,218,-1,218,313,314,-1,218,314,315,-1,305,316,303,-1,303,316,317,-1,303,317,318,-1,307,319,308,-1,308,319,320,-1,308,320,321,-1,322,323,324,-1,324,323,325,-1,324,325,326,-1,327,328,329,-1,329,328,330,-1,331,322,332,-1,262,220,218,-1,218,220,200,-1,218,200,312,-1,312,200,302,-1,312,302,325,-1,325,302,333,-1,325,333,326,-1,326,333,334,-1,301,200,303,-1,303,200,335,-1,303,335,304,-1,322,336,337,-1,338,339,340,-1,331,341,322,-1,322,341,342,-1,322,342,336,-1,337,343,322,-1,322,343,344,-1,322,344,323,-1,345,346,338,-1,338,346,347,-1,338,347,339,-1,327,348,328,-1,328,348,349,-1,328,349,308,-1,308,349,350,-1,308,350,311,-1,351,332,352,-1,352,332,353,-1,351,354,332,-1,332,354,355,-1,332,355,331,-1,334,356,326,-1,326,356,357,-1,326,357,358,-1,340,359,338,-1,338,359,326,-1,338,326,360,-1,360,326,358,-1,361,362,363,-1,363,362,364,-1,363,364,328,-1,328,364,365,-1,328,365,330,-1,315,366,218,-1,218,366,367,-1,218,367,368,-1,369,370,371,-1,372,373,374,-1,374,373,375,-1,374,375,369,-1,369,375,376,-1,369,376,370,-1,377,378,379,-1,380,381,308,-1,308,381,377,-1,382,383,308,-1,308,383,384,-1,308,384,328,-1,328,384,385,-1,328,385,386,-1,377,379,308,-1,308,379,387,-1,308,387,382,-1,388,389,377,-1,377,389,390,-1,377,390,391,-1,391,392,377,-1,377,392,393,-1,377,393,378,-1,394,395,396,-1,396,395,397,-1,394,398,395,-1,395,398,399,-1,395,399,400,-1,386,401,328,-1,328,401,402,-1,328,402,403,-1,400,404,395,-1,395,404,405,-1,395,405,374,-1,374,405,406,-1,374,406,372,-1,403,407,328,-1,328,407,408,-1,328,408,409,-1,409,410,328,-1,328,410,411,-1,328,411,412,-1,412,413,328,-1,328,413,414,-1,328,414,415,-1,416,417,395,-1,395,417,418,-1,395,418,397,-1,371,419,420,-1,420,419,421,-1,420,421,308,-1,308,421,422,-1,308,422,380,-1,423,424,425,-1,425,424,426,-1,425,426,45,-1,45,426,427,-1,45,427,46,-1,428,429,430,-1,431,432,428,-1,428,432,433,-1,428,433,429,-1,16,44,434,-1,43,435,44,-1,44,435,436,-1,44,436,434,-1,437,438,439,-1,438,437,47,-1,47,437,440,-1,47,440,441,-1,441,442,47,-1,47,442,443,-1,47,443,444,-1,444,445,47,-1,47,445,446,-1,47,446,45,-1,447,448,17,-1,17,448,449,-1,17,449,450,-1,439,451,437,-1,437,451,452,-1,437,452,453,-1,434,454,16,-1,16,454,455,-1,16,455,17,-1,17,455,456,-1,17,456,457,-1,457,458,17,-1,17,458,437,-1,17,437,447,-1,447,437,453,-1,42,44,459,-1,459,44,460,-1,459,460,461,-1,462,463,460,-1,464,465,466,-1,466,465,467,-1,466,467,460,-1,460,467,468,-1,460,468,462,-1,463,469,460,-1,460,469,470,-1,460,470,461,-1,471,466,472,-1,472,466,473,-1,471,474,466,-1,466,474,475,-1,466,475,476,-1,476,477,466,-1,466,477,478,-1,466,478,464,-1,479,480,481,-1,482,483,484,-1,483,485,484,-1,484,485,486,-1,484,486,487,-1,487,486,488,-1,480,479,489,-1,489,479,487,-1,489,487,490,-1,490,487,488,-1,490,488,491,-1,491,488,492,-1,491,492,493,-1,430,494,428,-1,428,494,495,-1,428,495,484,-1,484,495,496,-1,484,496,482,-1,497,498,499,-1,500,501,502,-1,503,504,487,-1,487,504,505,-1,487,505,506,-1,507,508,484,-1,484,508,509,-1,484,509,510,-1,511,512,513,-1,513,512,514,-1,515,516,499,-1,499,516,517,-1,499,517,518,-1,506,519,487,-1,487,519,520,-1,487,520,521,-1,522,523,502,-1,502,523,524,-1,498,525,526,-1,511,527,512,-1,512,527,528,-1,512,528,529,-1,501,530,502,-1,502,530,531,-1,502,531,499,-1,499,531,532,-1,499,532,497,-1,514,512,498,-1,498,512,533,-1,498,533,525,-1,526,534,498,-1,498,534,535,-1,498,535,499,-1,499,535,536,-1,499,536,515,-1,537,538,484,-1,484,538,539,-1,484,539,507,-1,540,541,502,-1,502,541,542,-1,502,542,500,-1,524,543,502,-1,502,543,544,-1,502,544,540,-1,545,546,499,-1,499,546,547,-1,499,547,548,-1,518,549,499,-1,499,549,550,-1,499,550,551,-1,521,552,487,-1,487,552,553,-1,487,553,484,-1,484,553,554,-1,484,554,537,-1,551,555,499,-1,499,555,556,-1,499,556,545,-1,557,558,428,-1,510,559,484,-1,484,559,560,-1,484,560,428,-1,428,560,561,-1,428,561,557,-1,522,502,562,-1,562,502,23,-1,562,23,563,-1,564,565,566,-1,567,568,569,-1,570,571,572,-1,572,571,573,-1,574,575,576,-1,568,577,569,-1,569,577,578,-1,569,578,579,-1,576,580,574,-1,574,580,581,-1,574,581,582,-1,582,581,572,-1,582,572,583,-1,583,572,573,-1,564,566,584,-1,585,586,587,-1,587,586,588,-1,589,590,569,-1,569,590,591,-1,592,593,499,-1,594,595,596,-1,596,595,597,-1,596,597,598,-1,598,597,599,-1,598,599,600,-1,600,599,601,-1,588,602,587,-1,587,602,603,-1,587,603,604,-1,591,605,569,-1,569,605,606,-1,569,606,567,-1,579,607,569,-1,569,607,608,-1,569,608,609,-1,610,611,499,-1,499,611,612,-1,613,614,615,-1,575,574,596,-1,596,574,616,-1,596,616,594,-1,499,566,617,-1,618,619,502,-1,502,619,620,-1,604,621,587,-1,587,621,622,-1,587,622,623,-1,593,624,499,-1,499,624,625,-1,499,625,601,-1,565,626,566,-1,566,626,627,-1,566,627,628,-1,628,627,613,-1,628,613,629,-1,629,613,615,-1,630,631,587,-1,601,599,499,-1,499,599,632,-1,499,632,566,-1,566,632,633,-1,566,633,584,-1,617,634,499,-1,499,634,635,-1,499,635,502,-1,502,635,636,-1,502,636,618,-1,620,637,502,-1,502,637,638,-1,502,638,639,-1,639,640,502,-1,502,640,641,-1,502,641,642,-1,609,643,569,-1,569,643,644,-1,569,644,645,-1,612,646,499,-1,499,646,647,-1,499,647,592,-1,648,649,502,-1,502,649,650,-1,502,650,651,-1,623,652,587,-1,587,652,653,-1,587,653,654,-1,645,655,569,-1,569,655,656,-1,569,656,657,-1,657,658,569,-1,569,658,659,-1,569,659,660,-1,642,661,502,-1,502,661,662,-1,502,662,648,-1,663,630,664,-1,664,630,587,-1,664,587,665,-1,665,587,654,-1,660,666,569,-1,569,666,667,-1,569,667,668,-1,668,667,610,-1,668,610,669,-1,669,610,499,-1,569,670,671,-1,672,673,674,-1,675,676,677,-1,678,679,587,-1,675,677,680,-1,678,587,681,-1,679,682,587,-1,587,682,683,-1,587,683,684,-1,674,685,672,-1,672,685,686,-1,672,686,687,-1,676,688,677,-1,677,688,689,-1,677,689,690,-1,691,692,693,-1,693,692,694,-1,693,694,695,-1,696,697,698,-1,698,697,699,-1,700,691,701,-1,631,589,587,-1,587,589,569,-1,587,569,681,-1,681,569,671,-1,681,671,694,-1,694,671,702,-1,694,702,695,-1,695,702,703,-1,670,569,672,-1,672,569,704,-1,672,704,673,-1,691,705,706,-1,707,708,709,-1,700,710,691,-1,691,710,711,-1,691,711,705,-1,706,712,691,-1,691,712,713,-1,691,713,692,-1,714,715,707,-1,707,715,716,-1,707,716,708,-1,696,717,697,-1,697,717,718,-1,697,718,677,-1,677,718,719,-1,677,719,680,-1,720,701,721,-1,721,701,722,-1,720,723,701,-1,701,723,724,-1,701,724,700,-1,703,725,695,-1,695,725,726,-1,695,726,727,-1,709,728,707,-1,707,728,695,-1,707,695,729,-1,729,695,727,-1,730,731,732,-1,732,731,733,-1,732,733,697,-1,697,733,734,-1,697,734,699,-1,684,735,587,-1,587,735,736,-1,587,736,737,-1,738,739,35,-1,35,739,740,-1,741,742,743,-1,743,742,744,-1,743,744,745,-1,746,747,748,-1,749,750,751,-1,751,750,752,-1,753,754,697,-1,697,754,755,-1,749,756,750,-1,750,756,757,-1,750,757,758,-1,759,760,677,-1,677,760,746,-1,761,762,677,-1,677,762,763,-1,677,763,697,-1,697,763,764,-1,697,764,753,-1,758,765,750,-1,750,765,766,-1,750,766,743,-1,743,766,767,-1,743,767,741,-1,746,748,677,-1,677,748,768,-1,677,768,761,-1,769,770,746,-1,746,770,771,-1,746,771,772,-1,772,773,746,-1,746,773,774,-1,746,774,747,-1,755,775,697,-1,697,775,776,-1,697,776,777,-1,752,750,778,-1,778,750,779,-1,778,779,780,-1,780,779,781,-1,780,781,782,-1,777,783,697,-1,697,783,784,-1,697,784,785,-1,786,787,788,-1,788,787,697,-1,788,697,789,-1,789,697,785,-1,790,791,792,-1,792,791,793,-1,792,793,677,-1,677,793,794,-1,677,794,759,-1,795,796,797,-1,797,796,798,-1,797,798,39,-1,39,798,799,-1,39,799,40,-1,800,801,802,-1,802,801,803,-1,802,803,804,-1,805,806,13,-1,13,806,807,-1,13,807,802,-1,802,807,808,-1,802,808,800,-1,809,11,810,-1,810,11,38,-1,811,812,813,-1,37,814,38,-1,38,814,815,-1,38,815,810,-1,812,811,41,-1,41,811,816,-1,41,816,817,-1,817,818,41,-1,41,818,819,-1,41,819,820,-1,820,821,41,-1,41,821,822,-1,41,822,39,-1,805,13,823,-1,823,13,11,-1,823,11,824,-1,813,825,811,-1,811,825,826,-1,811,826,827,-1,809,828,11,-1,11,828,829,-1,11,829,830,-1,830,831,11,-1,11,831,811,-1,11,811,824,-1,824,811,827,-1,36,38,832,-1,832,38,395,-1,832,395,833,-1,834,835,395,-1,836,837,374,-1,374,837,838,-1,374,838,395,-1,395,838,839,-1,395,839,834,-1,835,840,395,-1,395,840,841,-1,395,841,833,-1,842,843,374,-1,843,844,374,-1,374,844,845,-1,374,845,846,-1,846,847,374,-1,374,847,848,-1,374,848,836,-1,849,850,851,-1,851,850,852,-1,853,854,855,-1,856,857,858,-1,859,860,861,-1,862,863,849,-1,863,864,849,-1,849,864,865,-1,849,865,866,-1,867,868,869,-1,869,868,870,-1,871,872,855,-1,855,872,873,-1,855,873,874,-1,875,876,877,-1,860,878,861,-1,861,878,879,-1,861,879,880,-1,881,882,855,-1,858,883,884,-1,854,885,886,-1,867,887,868,-1,868,887,888,-1,868,888,889,-1,877,876,890,-1,890,876,891,-1,890,891,892,-1,857,893,858,-1,858,893,894,-1,858,894,855,-1,855,894,895,-1,855,895,853,-1,870,868,854,-1,854,868,896,-1,854,896,885,-1,886,897,854,-1,854,897,898,-1,854,898,855,-1,855,898,899,-1,855,899,871,-1,859,861,877,-1,877,861,900,-1,877,900,875,-1,901,902,858,-1,858,902,903,-1,858,903,856,-1,884,904,858,-1,858,904,905,-1,858,905,901,-1,906,907,855,-1,855,907,908,-1,855,908,881,-1,866,909,849,-1,849,909,910,-1,849,910,911,-1,911,910,912,-1,911,912,913,-1,913,912,914,-1,913,914,915,-1,915,914,890,-1,915,890,916,-1,916,890,892,-1,874,917,855,-1,855,917,918,-1,855,918,919,-1,919,920,855,-1,855,920,921,-1,855,921,906,-1,880,922,861,-1,861,922,923,-1,861,923,924,-1,802,925,858,-1,858,925,926,-1,858,926,883,-1,923,927,924,-1,924,927,928,-1,924,928,804,-1,804,928,929,-1,804,929,802,-1,802,929,930,-1,802,930,925,-1,931,932,933,-1,934,935,936,-1,937,938,939,-1,939,938,940,-1,941,942,943,-1,935,944,936,-1,936,944,945,-1,936,945,946,-1,943,947,941,-1,941,947,948,-1,941,948,949,-1,949,948,939,-1,949,939,950,-1,950,939,940,-1,931,933,951,-1,952,953,954,-1,954,953,955,-1,956,957,936,-1,936,957,958,-1,959,960,855,-1,961,962,963,-1,963,962,964,-1,963,964,965,-1,965,964,966,-1,965,966,967,-1,967,966,968,-1,955,969,954,-1,954,969,970,-1,954,970,971,-1,958,972,936,-1,936,972,973,-1,936,973,934,-1,946,974,936,-1,936,974,975,-1,936,975,976,-1,977,978,855,-1,855,978,979,-1,980,981,982,-1,942,941,963,-1,963,941,983,-1,963,983,961,-1,855,933,984,-1,985,986,858,-1,858,986,987,-1,971,988,954,-1,954,988,989,-1,954,989,990,-1,960,991,855,-1,855,991,992,-1,855,992,968,-1,932,993,933,-1,933,993,994,-1,933,994,995,-1,995,994,980,-1,995,980,996,-1,996,980,982,-1,997,998,954,-1,968,966,855,-1,855,966,999,-1,855,999,933,-1,933,999,1000,-1,933,1000,951,-1,984,1001,855,-1,855,1001,1002,-1,855,1002,858,-1,858,1002,1003,-1,858,1003,985,-1,987,1004,858,-1,858,1004,1005,-1,858,1005,1006,-1,1006,1007,858,-1,858,1007,1008,-1,858,1008,1009,-1,976,1010,936,-1,936,1010,1011,-1,936,1011,1012,-1,979,1013,855,-1,855,1013,1014,-1,855,1014,959,-1,1015,1016,858,-1,858,1016,1017,-1,858,1017,1018,-1,990,1019,954,-1,954,1019,1020,-1,954,1020,1021,-1,1012,1022,936,-1,936,1022,1023,-1,936,1023,1024,-1,1024,1025,936,-1,936,1025,1026,-1,936,1026,1027,-1,1009,1028,858,-1,858,1028,1029,-1,858,1029,1015,-1,1030,997,1031,-1,1031,997,954,-1,1031,954,1032,-1,1032,954,1021,-1,1027,1033,936,-1,936,1033,1034,-1,936,1034,1035,-1,1035,1034,977,-1,1035,977,851,-1,851,977,855,-1,851,855,849,-1,849,855,882,-1,849,882,862,-1,936,1036,1037,-1,1038,1039,1040,-1,1041,1042,1043,-1,1044,1045,954,-1,1041,1043,1046,-1,1044,954,1047,-1,1045,1048,954,-1,954,1048,1049,-1,954,1049,1050,-1,1040,1051,1038,-1,1038,1051,1052,-1,1038,1052,1053,-1,1042,1054,1043,-1,1043,1054,1055,-1,1043,1055,1056,-1,1057,1058,1059,-1,1059,1058,1060,-1,1059,1060,1061,-1,1062,1063,1064,-1,1064,1063,1065,-1,1066,1057,1067,-1,998,956,954,-1,954,956,936,-1,954,936,1047,-1,1047,936,1037,-1,1047,1037,1060,-1,1060,1037,1068,-1,1060,1068,1061,-1,1061,1068,1069,-1,1036,936,1038,-1,1038,936,1070,-1,1038,1070,1039,-1,1057,1071,1072,-1,1073,1074,1075,-1,1066,1076,1057,-1,1057,1076,1077,-1,1057,1077,1071,-1,1072,1078,1057,-1,1057,1078,1079,-1,1057,1079,1058,-1,1080,1081,1073,-1,1073,1081,1082,-1,1073,1082,1074,-1,1062,1083,1063,-1,1063,1083,1084,-1,1063,1084,1043,-1,1043,1084,1085,-1,1043,1085,1046,-1,1086,1067,1087,-1,1087,1067,1088,-1,1086,1089,1067,-1,1067,1089,1090,-1,1067,1090,1066,-1,1069,1091,1061,-1,1061,1091,1092,-1,1061,1092,1093,-1,1075,1094,1073,-1,1073,1094,1061,-1,1073,1061,1095,-1,1095,1061,1093,-1,1096,1097,1098,-1,1098,1097,1099,-1,1098,1099,1063,-1,1063,1099,1100,-1,1063,1100,1065,-1,1050,1101,954,-1,954,1101,1102,-1,954,1102,1103,-1,1104,1105,1106,-1,1107,1108,466,-1,466,1108,1109,-1,466,1109,1104,-1,1104,1109,1110,-1,1104,1110,1105,-1,1111,1112,1113,-1,1114,1115,1043,-1,1043,1115,1111,-1,1116,1117,1043,-1,1043,1117,1118,-1,1043,1118,1063,-1,1063,1118,1119,-1,1063,1119,1120,-1,1111,1113,1043,-1,1043,1113,1121,-1,1043,1121,1116,-1,1122,1123,1111,-1,1111,1123,1124,-1,1111,1124,1125,-1,1125,1126,1111,-1,1111,1126,1127,-1,1111,1127,1112,-1,1128,460,1129,-1,1129,460,1130,-1,1128,1131,460,-1,460,1131,1132,-1,460,1132,1133,-1,1120,1134,1063,-1,1063,1134,1135,-1,1063,1135,1136,-1,1133,1137,460,-1,460,1137,1138,-1,460,1138,466,-1,466,1138,1139,-1,466,1139,1107,-1,1136,1140,1063,-1,1063,1140,1141,-1,1063,1141,1142,-1,1142,1143,1063,-1,1063,1143,1144,-1,1063,1144,1145,-1,1145,1146,1063,-1,1063,1146,1147,-1,1063,1147,1148,-1,1149,1150,460,-1,460,1150,1151,-1,460,1151,1130,-1,1106,1152,1153,-1,1153,1152,1154,-1,1153,1154,1043,-1,1043,1154,1155,-1,1043,1155,1114,-1,1156,33,792,-1,792,33,35,-1,792,35,790,-1,790,35,740,-1,790,740,1157,-1,1157,740,745,-1,1157,745,1158,-1,1158,745,744,-1,473,466,481,-1,481,466,1104,-1,481,1104,479,-1,479,1104,1159,-1,479,1159,1160,-1,1161,30,1153,-1,1153,30,32,-1,1153,32,1106,-1,1106,32,1162,-1,1106,1162,1104,-1,1104,1162,1163,-1,1104,1163,1159,-1,1164,851,369,-1,369,851,852,-1,369,852,374,-1,374,852,1165,-1,374,1165,842,-1,1166,27,420,-1,420,27,29,-1,420,29,371,-1,371,29,1167,-1,371,1167,369,-1,369,1167,1168,-1,369,1168,1164,-1,1169,1170,1171,-1,104,94,112,-1,112,94,1171,-1,112,1171,110,-1,110,1171,1170,-1,110,1170,1172,-1,1173,1174,1171,-1,1169,1171,1175,-1,1175,1171,1174,-1,1175,1174,1176,-1,6,5,62,-1,62,5,1177,-1,62,1177,89,-1,89,1177,1178,-1,89,1178,94,-1,20,19,732,-1,732,19,737,-1,732,737,730,-1,730,737,736,-1,450,431,17,-1,17,431,428,-1,17,428,23,-1,23,428,558,-1,23,558,563,-1,15,14,1098,-1,1098,14,1103,-1,1098,1103,1096,-1,1096,1103,1102,-1,10,9,363,-1,363,9,368,-1,363,368,361,-1,361,368,367,-1,80,59,7,-1,7,59,56,-1,7,56,22,-1,22,56,189,-1,22,189,194,-1,21,20,1179,-1,1179,20,732,-1,1179,732,781,-1,781,732,697,-1,781,697,782,-1,782,697,787,-1,19,18,737,-1,737,18,23,-1,737,23,587,-1,587,23,502,-1,587,502,585,-1,585,502,651,-1,16,15,44,-1,44,15,1098,-1,44,1098,460,-1,460,1098,1063,-1,460,1063,1149,-1,1149,1063,1148,-1,14,13,1103,-1,1103,13,802,-1,1103,802,954,-1,954,802,858,-1,954,858,952,-1,952,858,1018,-1,11,10,38,-1,38,10,363,-1,38,363,395,-1,395,363,328,-1,395,328,416,-1,416,328,415,-1,9,8,368,-1,368,8,22,-1,368,22,218,-1,218,22,133,-1,218,133,216,-1,216,133,282,-1,690,704,677,-1,677,704,569,-1,677,569,792,-1,792,569,668,-1,792,668,1156,-1,1156,668,669,-1,1156,669,1180,-1,548,503,499,-1,499,503,487,-1,499,487,669,-1,669,487,479,-1,669,479,1180,-1,1180,479,1160,-1,1056,1070,1043,-1,1043,1070,936,-1,1043,936,1153,-1,1153,936,1035,-1,1153,1035,1161,-1,1161,1035,851,-1,1161,851,1181,-1,1181,851,1164,-1,321,335,308,-1,308,335,200,-1,308,200,420,-1,420,200,299,-1,420,299,1166,-1,1166,299,300,-1,1166,300,1182,-1,179,134,130,-1,130,134,118,-1,130,118,300,-1,300,118,110,-1,300,110,1182,-1,1182,110,1172,-1,1178,24,94,-1,94,24,26,-1,94,26,1171,-1,1171,26,1183,-1,1171,1183,1173,-1,2,3,1184,-1,1184,3,1185,-1,1186,1187,1188,-1,1188,1187,0,-1,0,1187,1189,-1,0,1189,1190,-1,1191,1192,1193,-1,1193,1192,1194,-1,1193,1194,1195,-1,1191,1196,1192,-1,1192,1196,1197,-1,1192,1197,1198,-1,1198,1197,1199,-1,1198,1199,1200,-1,1190,1201,0,-1,0,1201,1202,-1,0,1202,1203,-1,1204,1205,1,-1,1,1205,1206,-1,1,1206,1207,-1,1208,1209,1188,-1,1188,1209,1210,-1,1188,1210,1186,-1,1211,1212,1213,-1,1214,1215,1216,-1,1216,1215,1217,-1,1216,1217,1218,-1,1218,1217,1211,-1,1218,1211,1219,-1,1219,1211,1213,-1,1212,1211,1220,-1,1220,1211,1221,-1,1220,1221,1222,-1,1203,1223,0,-1,0,1223,1224,-1,0,1224,1225,-1,1207,1226,1,-1,1,1226,1227,-1,1,1227,1228,-1,1228,1227,1229,-1,1228,1229,1230,-1,1224,1231,1225,-1,1225,1231,1232,-1,1225,1232,1233,-1,1233,1232,1234,-1,1233,1234,1235,-1,1194,1236,1195,-1,1195,1236,1237,-1,1195,1237,1225,-1,1225,1237,1238,-1,1225,1238,0,-1,0,1238,1239,-1,0,1239,1,-1,1,1239,1240,-1,1,1240,1204,-1,1199,1241,1200,-1,1200,1241,1242,-1,1200,1242,1243,-1,1243,1242,1244,-1,1243,1244,1245,-1,1245,1244,1246,-1,1245,1246,1247,-1,1247,1246,1248,-1,1249,1250,1234,-1,1234,1250,1251,-1,1234,1251,1235,-1,1230,1252,1228,-1,1228,1252,1253,-1,1228,1253,1254,-1,1254,1255,1228,-1,1228,1255,1256,-1,1228,1256,1188,-1,1234,1257,1249,-1,1249,1257,1258,-1,1249,1258,1259,-1,1259,1258,1260,-1,1259,1260,1214,-1,1214,1260,1261,-1,1214,1261,1215,-1,1248,1262,1247,-1,1247,1262,1263,-1,1247,1263,1264,-1,1264,1263,1265,-1,1266,1267,1188,-1,1188,1267,1268,-1,1188,1268,1208,-1,1222,1266,1220,-1,1220,1266,1188,-1,1220,1188,1263,-1,1263,1188,1256,-1,1263,1256,1265,-1,1269,1270,1271,-1,1271,1270,1272,-1,1271,1272,1273,-1,1274,1275,1276,-1,1276,1275,1277,-1,1276,1277,1278,-1,1273,1279,1271,-1,1271,1279,1280,-1,1271,1280,1276,-1,1276,1280,1281,-1,1276,1281,1274,-1,1282,1225,1283,-1,1283,1225,1233,-1,1283,1233,1284,-1,1284,1233,1235,-1,1284,1235,1285,-1,1285,1235,1251,-1,1285,1251,1286,-1,1286,1251,1250,-1,1286,1250,1287,-1,1287,1250,1249,-1,1287,1249,1288,-1,1288,1249,1259,-1,1288,1259,1289,-1,1289,1259,1214,-1,1289,1214,1290,-1,1290,1214,1216,-1,1290,1216,1291,-1,1291,1216,1218,-1,1291,1218,1292,-1,1292,1218,1219,-1,1292,1219,1293,-1,1293,1219,1213,-1,1293,1213,1294,-1,1294,1213,1212,-1,1294,1212,1295,-1,1295,1212,1220,-1,1295,1220,1296,-1,1296,1220,1263,-1,1296,1263,1297,-1,1297,1263,1262,-1,1297,1262,1298,-1,1298,1262,1248,-1,1298,1248,1299,-1,1299,1248,1246,-1,1299,1246,1300,-1,1300,1246,1244,-1,1300,1244,1301,-1,1301,1244,1242,-1,1301,1242,1302,-1,1302,1242,1241,-1,1302,1241,1303,-1,1303,1241,1199,-1,1303,1199,1304,-1,1304,1199,1197,-1,1304,1197,1305,-1,1305,1197,1196,-1,1305,1196,1306,-1,1306,1196,1191,-1,1306,1191,1307,-1,1307,1191,1193,-1,1307,1193,1308,-1,1308,1193,1195,-1,1308,1195,1282,-1,1282,1195,1225,-1,
        ]
    }
}
Shape{
    appearance Appearance {
        material  Material 	{
            diffuseColor 0.6470588235294118 0.6196078431372549 0.5882352941176471
            specularColor 0.45098039215686275 0.43529411764705883 0.4117647058823529
            ambientIntensity 0.2
            transparency 0
            shininess 0.5
        }
    }
    geometry IndexedFaceSet {
        ccw TRUE
        solid FALSE
        coord DEF co Coordinate {
            point [
                0.7087 -0.9646 0.3937, 0.7087 0.6102 0.3937, 0.7087 -0.9646 1.8898, 0.7087 0.6102 1.8898, 0.7087 0.6102 1.8898
            ]
        }
        coordIndex [
            0,1,2,-1,2,1,3,-1,
        ]
    }
}
Shape{
    appearance Appearance {
        material  Material 	{
            diffuseColor 0.13725490196078433 0.32941176470588235 0.7019607843137254
            specularColor 0.011764705882352941 0.023529411764705882 0.050980392156862744
            ambientIntensity 0.2
            transparency 0
            shininess 0.5
        }
    }
    geometry IndexedFaceSet {
        ccw TRUE
        solid FALSE
        coord DEF co Coordinate {
            point [
                -0.7874 -1.5157 0.3937, -0.7874 1.2008 0.3937, -0.7874 -1.5157 1.9685, -0.7874 1.2008 1.9685, -2.2244 -1.5157 0.0, -2.2244 -1.5157 0.3937, -2.3919 -1.5157 0.0, -2.7559 -1.5157 0.3937, -2.9528 -1.5157 0.0, -2.9528 -1.5157 2.3622, 1.1811 -1.5157 1.9685, 2.9528 -1.5157 2.3622, 2.7559 -1.5157 1.9685, 2.9528 -1.5157 0.0, 2.7559 -1.5157 0.3937, 2.7258 -1.5157 0.0, 2.2244 -1.5157 0.3937, 2.2244 -1.5157 0.0, -2.7559 -1.5157 1.9685, -1.1811 -1.5157 1.9685, 0.2559 -1.5157 0.3937, 0.2559 -1.5157 0.0, 0.7874 -1.5157 0.3937, 0.8851 -1.5157 0.0, -0.4234 -1.5157 0.0, -0.2559 -1.5157 0.0, -0.2559 -1.5157 0.3937, -1.1811 -1.5157 0.3937, 0.7874 -1.5157 1.9685, 1.1811 -1.5157 0.3937, 1.7126 -1.5157 0.3937, 1.5451 -1.5157 0.0, 1.7126 -1.5157 0.0, -1.0834 -1.5157 0.0, -1.7126 -1.5157 0.3937, -1.7126 -1.5157 0.0, 0.7874 1.2008 0.3937, 0.7874 1.2008 1.9685, -0.0787 1.0644 3.6518, -0.0603 1.0553 3.6778, -0.0408 1.0487 1.9685, -0.0408 1.0487 3.6967, -0.0 1.0433 1.9685, -0.0307 1.0463 3.7034, -0.0206 1.0447 3.7082, -0.0787 1.0644 1.9685, -0.1114 1.0894 1.9685, -0.1114 1.0894 3.5803, -0.1364 1.122 1.9685, -0.1364 1.122 3.4871, -0.1521 1.16 1.9685, -0.1521 1.16 3.3785, -0.1575 1.2008 1.9685, -0.1575 1.2008 3.2621, -0.1521 1.2415 1.9685, -0.1521 1.2415 3.1456, -0.1364 1.2795 1.9685, -0.1364 1.2795 3.0371, -0.1114 1.3121 1.9685, -0.1114 1.3121 2.9439, -0.0787 1.3372 1.9685, -0.0787 1.3372 2.8724, -0.0206 1.3569 2.816, -0.0307 1.3552 2.8208, -0.0408 1.3529 1.9685, -0.0408 1.3529 2.8275, -0.0603 1.3463 2.8464, 0.0307 1.3552 2.8208, 0.0206 1.3569 2.816, 0.0408 1.3529 1.9685, 0.0103 1.3579 2.8131, 0.0 1.3583 1.9685, 0.0 1.3583 2.8121, -0.0103 1.3579 2.8131, 0.0787 1.0644 1.9685, 0.1114 1.0894 3.5803, 0.1114 1.0894 1.9685, 0.1364 1.122 3.4871, 0.1364 1.122 1.9685, 0.1521 1.16 3.3785, 0.1521 1.16 1.9685, 0.1575 1.2008 3.2621, 0.1575 1.2008 1.9685, 0.1521 1.2415 3.1456, 0.1521 1.2415 1.9685, 0.1364 1.2795 3.0371, 0.1364 1.2795 1.9685, 0.1114 1.3121 2.9439, 0.1114 1.3121 1.9685, 0.0787 1.3372 2.8724, 0.0787 1.3372 1.9685, 0.0603 1.3463 2.8464, 0.0408 1.3529 2.8275, 0.0408 1.0487 1.9685, 0.0603 1.0553 3.6778, 0.0787 1.0644 3.6518, -0.0103 1.0436 3.7111, 0.0 1.0433 3.712, 0.0103 1.0436 3.7111, 0.0206 1.0447 3.7082, 0.0307 1.0463 3.7034, 0.0408 1.0487 3.6967, -0.3534 -0.5659 2.1583, -0.1816 -0.6284 2.1583, -0.1522 -0.431 2.0866, -0.265 -0.3899 2.0866, -0.2936 -0.3711 2.0866, -0.5061 -0.4654 2.1583, -0.3796 -0.3146 2.0866, -0.4149 -0.2772 2.0866, -0.6316 -0.3324 2.1583, -0.4737 -0.2149 2.0866, -0.508 -0.1555 2.0866, -0.723 -0.1741 2.1583, -0.5423 -0.0961 2.0866, -0.5668 -0.014 2.0866, -0.7754 0.0011 2.1583, -0.5816 0.0352 2.0866, -0.5876 0.138 2.0866, -0.7861 0.1836 2.1583, -0.5896 0.1721 2.0866, -0.5687 0.2903 2.0866, -0.7543 0.3636 2.1583, -0.5657 0.3072 2.0866, -0.6819 0.5315 2.1583, -0.5114 0.4331 2.0866, -0.5727 0.6781 2.1583, -0.4296 0.5431 2.0866, -0.4165 0.554 2.0866, -0.4327 0.7957 2.1583, -0.3245 0.6312 2.0866, -0.2939 0.6466 2.0866, -0.2693 0.8777 2.1583, -0.202 0.6927 2.0866, -0.152 0.7046 2.0866, -0.0914 0.9199 2.1583, -0.0686 0.7244 2.0866, 0.0 0.7244 2.0866, 0.0914 0.9199 2.1583, 0.0686 0.7244 2.0866, 0.152 0.7046 2.0866, 0.2693 0.8777 2.1583, 0.202 0.6927 2.0866, 0.2939 0.6466 2.0866, 0.4327 0.7957 2.1583, 0.3245 0.6312 2.0866, 0.4165 0.554 2.0866, 0.5727 0.6781 2.1583, 0.4296 0.5431 2.0866, 0.6819 0.5315 2.1583, 0.5114 0.4331 2.0866, 0.7543 0.3636 2.1583, 0.5657 0.3072 2.0866, 0.5687 0.2903 2.0866, 0.7861 0.1836 2.1583, 0.5896 0.1721 2.0866, 0.5876 0.138 2.0866, 0.7754 0.0011 2.1583, 0.5816 0.0352 2.0866, 0.5668 -0.014 2.0866, 0.723 -0.1741 2.1583, 0.5423 -0.0961 2.0866, 0.508 -0.1555 2.0866, 0.6316 -0.3324 2.1583, 0.4737 -0.2149 2.0866, 0.4149 -0.2772 2.0866, 0.5061 -0.4654 2.1583, 0.3796 -0.3146 2.0866, 0.2936 -0.3711 2.0866, 0.3534 -0.5659 2.1583, 0.265 -0.3899 2.0866, 0.1522 -0.431 2.0866, 0.1816 -0.6284 2.1583, 0.1362 -0.4368 2.0866, -0.0 -0.6496 2.1583, 0.0 -0.4528 2.0866, -0.1362 -0.4368 2.0866, 0.4098 0.5625 1.9807, 0.4176 0.5554 1.9836, 0.4921 0.4642 1.9978, 0.4921 0.4642 1.9685, 0.5114 0.4331 1.9685, -0.4921 -0.1886 1.9836, -0.4921 -0.1886 1.9685, -0.5114 -0.1575 1.9685, -0.2953 -0.3736 1.9796, -0.226 -0.4078 1.9789, -0.1528 -0.4326 1.9783, -0.0771 -0.4477 1.978, -0.0 -0.4528 1.9779, 0.0771 -0.4477 1.978, 0.1528 -0.4326 1.9783, 0.226 -0.4078 1.9789, 0.2953 -0.3736 1.9796, 0.3595 -0.3307 1.9805, 0.4176 -0.2798 1.9816, 0.4921 -0.1886 1.9836, 0.4921 -0.1886 1.9685, 0.4559 0.5131 1.9941, 0.3777 0.5917 1.9685, 0.2953 0.6492 1.9685, -0.2953 0.6492 1.9685, -0.3777 0.5917 1.9685, -0.4102 0.5626 1.9811, -0.4172 0.555 1.9831, -0.4559 0.5131 1.9941, -0.4921 0.4642 1.9978, -0.4921 0.4642 1.9685, 0.5114 -0.1575 1.9685, 0.5704 -0.0151 1.9685, 0.5906 0.1378 1.9685, 0.5704 0.2906 1.9685, 0.1528 0.7082 1.9685, 0.0 0.7283 1.9685, -0.1528 0.7082 1.9685, -0.5114 0.4331 1.9685, -0.5704 0.2906 1.9685, -0.5906 0.1378 1.9685, -0.5704 -0.0151 1.9685, -0.4176 -0.2798 1.9816, -0.3595 -0.3307 1.9805, 0.4921 -0.8838 1.9685, -0.4921 -0.8838 1.9685, 0.4921 0.5917 1.9685, -0.4921 0.5917 1.9685, -0.2559 -0.9646 0.3937, -0.7087 -0.9646 0.3937, -0.7087 0.6102 0.3937, 0.2559 -0.9646 0.3937, 0.7087 -0.9646 0.3937, 0.7087 0.6102 0.3937, 0.7087 0.6102 0.3937
            ]
        }
        coordIndex [
            0,1,2,-1,2,1,3,-1,4,5,6,-1,6,5,7,-1,6,7,8,-1,9,10,11,-1,11,10,12,-1,11,12,13,-1,13,12,14,-1,13,14,15,-1,15,14,16,-1,15,16,17,-1,8,7,9,-1,9,7,18,-1,9,18,19,-1,20,21,22,-1,22,21,23,-1,24,25,26,-1,27,0,19,-1,19,0,2,-1,19,2,9,-1,9,2,28,-1,9,28,10,-1,10,28,22,-1,10,22,29,-1,29,22,23,-1,29,23,30,-1,30,23,31,-1,30,31,32,-1,26,0,24,-1,24,0,27,-1,24,27,33,-1,33,27,34,-1,33,34,35,-1,36,22,37,-1,37,22,28,-1,38,39,40,-1,40,39,41,-1,40,41,42,-1,42,41,43,-1,42,43,44,-1,40,45,38,-1,38,45,46,-1,38,46,47,-1,47,46,48,-1,47,48,49,-1,49,48,50,-1,49,50,51,-1,51,50,52,-1,51,52,53,-1,53,52,54,-1,53,54,55,-1,55,54,56,-1,55,56,57,-1,57,56,58,-1,57,58,59,-1,59,58,60,-1,59,60,61,-1,62,63,64,-1,64,63,65,-1,64,65,60,-1,60,65,66,-1,60,66,61,-1,67,68,69,-1,69,68,70,-1,69,70,71,-1,71,70,72,-1,71,72,64,-1,64,72,73,-1,64,73,62,-1,74,75,76,-1,76,75,77,-1,76,77,78,-1,78,77,79,-1,78,79,80,-1,80,79,81,-1,80,81,82,-1,82,81,83,-1,82,83,84,-1,84,83,85,-1,84,85,86,-1,86,85,87,-1,86,87,88,-1,88,87,89,-1,88,89,90,-1,90,89,91,-1,90,91,69,-1,69,91,92,-1,69,92,67,-1,93,94,74,-1,74,94,95,-1,74,95,75,-1,44,96,42,-1,42,96,97,-1,42,97,98,-1,98,99,42,-1,42,99,100,-1,42,100,93,-1,93,100,101,-1,93,101,94,-1,3,1,52,-1,52,1,36,-1,52,36,82,-1,82,36,37,-1,102,103,104,-1,104,105,102,-1,102,105,106,-1,102,106,107,-1,106,108,107,-1,107,108,109,-1,107,109,110,-1,109,111,110,-1,110,111,112,-1,110,112,113,-1,112,114,113,-1,113,114,115,-1,113,115,116,-1,115,117,116,-1,116,117,118,-1,116,118,119,-1,118,120,119,-1,119,120,121,-1,119,121,122,-1,122,121,123,-1,122,123,124,-1,124,123,125,-1,124,125,126,-1,125,127,126,-1,126,127,128,-1,126,128,129,-1,128,130,129,-1,129,130,131,-1,129,131,132,-1,131,133,132,-1,132,133,134,-1,132,134,135,-1,134,136,135,-1,135,136,137,-1,135,137,138,-1,137,139,138,-1,138,139,140,-1,138,140,141,-1,140,142,141,-1,141,142,143,-1,141,143,144,-1,143,145,144,-1,144,145,146,-1,144,146,147,-1,147,146,148,-1,147,148,149,-1,149,148,150,-1,149,150,151,-1,150,152,151,-1,151,152,153,-1,151,153,154,-1,153,155,154,-1,154,155,156,-1,154,156,157,-1,156,158,157,-1,157,158,159,-1,157,159,160,-1,159,161,160,-1,160,161,162,-1,160,162,163,-1,162,164,163,-1,163,164,165,-1,163,165,166,-1,165,167,166,-1,166,167,168,-1,166,168,169,-1,168,170,169,-1,169,170,171,-1,169,171,172,-1,172,171,173,-1,172,173,174,-1,174,173,175,-1,174,175,103,-1,103,175,176,-1,103,176,104,-1,177,178,146,-1,179,180,181,-1,182,183,184,-1,185,105,186,-1,186,105,104,-1,186,104,187,-1,187,104,176,-1,187,176,188,-1,188,176,175,-1,188,175,189,-1,189,175,190,-1,190,175,173,-1,190,173,191,-1,191,173,171,-1,191,171,192,-1,192,171,170,-1,192,170,193,-1,193,170,168,-1,193,168,194,-1,194,168,167,-1,194,167,195,-1,167,165,195,-1,195,165,164,-1,195,164,196,-1,196,164,162,-1,196,162,197,-1,146,178,148,-1,148,178,198,-1,148,198,150,-1,177,146,199,-1,199,146,145,-1,199,145,200,-1,201,130,202,-1,202,130,128,-1,202,128,203,-1,203,128,204,-1,204,128,205,-1,205,128,127,-1,205,127,206,-1,206,127,125,-1,206,125,207,-1,197,162,208,-1,208,162,161,-1,208,161,209,-1,161,159,209,-1,209,159,158,-1,209,158,210,-1,158,156,210,-1,210,156,155,-1,210,155,211,-1,198,179,150,-1,150,179,181,-1,150,181,152,-1,152,181,211,-1,152,211,153,-1,153,211,155,-1,145,143,200,-1,200,143,142,-1,200,142,212,-1,212,142,140,-1,212,140,213,-1,213,140,139,-1,139,137,213,-1,213,137,136,-1,213,136,214,-1,136,134,214,-1,214,134,133,-1,214,133,201,-1,201,133,131,-1,201,131,130,-1,207,125,215,-1,215,125,123,-1,215,123,216,-1,123,121,216,-1,216,121,120,-1,216,120,217,-1,120,118,217,-1,217,118,117,-1,217,117,218,-1,218,117,115,-1,218,115,184,-1,115,114,184,-1,184,114,112,-1,184,112,182,-1,182,112,111,-1,182,111,219,-1,219,111,109,-1,219,109,220,-1,220,109,108,-1,220,108,185,-1,185,108,106,-1,185,106,105,-1,221,28,222,-1,222,28,2,-1,215,216,3,-1,3,216,217,-1,3,217,2,-1,183,222,184,-1,184,222,2,-1,184,2,218,-1,218,2,217,-1,37,28,210,-1,210,28,209,-1,3,52,50,-1,221,197,28,-1,28,197,208,-1,28,208,209,-1,180,223,181,-1,181,223,37,-1,181,37,211,-1,211,37,210,-1,50,224,3,-1,3,224,207,-1,3,207,215,-1,74,76,223,-1,223,76,78,-1,223,78,37,-1,37,78,80,-1,37,80,82,-1,45,202,46,-1,46,202,224,-1,46,224,48,-1,48,224,50,-1,223,199,74,-1,74,199,200,-1,74,200,93,-1,93,200,212,-1,93,212,42,-1,42,212,213,-1,42,213,40,-1,40,213,214,-1,40,214,45,-1,45,214,201,-1,45,201,202,-1,26,225,0,-1,0,225,226,-1,0,226,227,-1,228,20,229,-1,229,20,22,-1,229,22,230,-1,230,22,36,-1,230,36,227,-1,227,36,1,-1,227,1,0,-1,
        ]
    }
}
Shape{
    appearance Appearance {
        material  Material 	{
            diffuseColor 0.6470588235294118 0.6196078431372549 0.5882352941176471
            specularColor 0.45098039215686275 0.43529411764705883 0.4117647058823529
            ambientIntensity 0.2
            transparency 0
            shininess 0.5
        }
    }
    geometry IndexedFaceSet {
        ccw TRUE
        solid FALSE
        coord DEF co Coordinate {
            point [
                -0.7087 0.6102 0.3937, -0.7087 -0.9646 0.3937, -0.7087 0.6102 1.8898, -0.7087 -0.9646 1.8898, -0.0 0.6102 0.5118, -0.0 -0.9646 0.5118, 0.1427 0.6102 0.5306, 0.1427 -0.9646 0.5306, 0.2756 0.6102 0.5857, 0.2756 -0.9646 0.5857, 0.3897 0.6102 0.6732, 0.3897 -0.9646 0.6732, 0.4773 0.6102 0.7874, 0.4773 -0.9646 0.7874, 0.5324 0.6102 0.9203, 0.5324 -0.9646 0.9203, 0.5512 0.6102 1.063, 0.5512 -0.9646 1.063, 0.5324 0.6102 1.2056, 0.5324 -0.9646 1.2056, 0.4773 0.6102 1.3386, 0.4773 -0.9646 1.3386, 0.3897 0.6102 1.4527, 0.3897 -0.9646 1.4527, 0.2756 0.6102 1.5403, 0.2756 -0.9646 1.5403, 0.1427 0.6102 1.5954, 0.1427 -0.9646 1.5954, 0.0 0.6102 1.6142, 0.0 -0.9646 1.6142, -0.1427 0.6102 1.5954, -0.1427 -0.9646 1.5954, -0.2756 0.6102 1.5403, -0.2756 -0.9646 1.5403, -0.3897 0.6102 1.4527, -0.3897 -0.9646 1.4527, -0.4773 0.6102 1.3386, -0.4773 -0.9646 1.3386, -0.5324 0.6102 1.2056, -0.5324 -0.9646 1.2056, -0.5512 0.6102 1.063, -0.5512 -0.9646 1.063, -0.5324 0.6102 0.9203, -0.5324 -0.9646 0.9203, -0.4773 0.6102 0.7874, -0.4773 -0.9646 0.7874, -0.3897 0.6102 0.6732, -0.3897 -0.9646 0.6732, -0.2756 0.6102 0.5857, -0.2756 -0.9646 0.5857, -0.1427 0.6102 0.5306, -0.1427 -0.9646 0.5306, -0.4921 -0.9646 1.8898, -0.4921 -0.9646 1.888, 0.7087 -0.9646 0.3937, 0.7087 -0.9646 1.8898, 0.4921 -0.9646 1.888, 0.4921 -0.9646 1.8898, 0.2559 -0.9646 0.3937, -0.2559 -0.9646 0.3937, -0.4921 0.6102 1.8667, -0.4921 0.6102 1.8898, 0.7087 0.6102 1.8898, 0.4921 0.6102 1.8898, 0.4921 0.6102 1.8667, 0.7087 0.6102 0.3937, 0.4921 -0.883 1.8898, 0.4921 0.5715 1.8898, -0.4921 0.5715 1.8898, -0.4921 -0.883 1.8898, 0.1301 0.5715 1.8898, 0.2202 0.5334 1.8898, 0.3115 0.4663 1.8898, 0.3833 0.3787 1.8898, 0.4445 0.0517 1.8898, 0.452 0.1647 1.8898, 0.4311 0.2761 1.8898, -0.1663 -0.2833 1.8898, -0.2657 -0.2288 1.8898, -0.3483 -0.1514 1.8898, -0.4092 -0.0559 1.8898, 0.4092 -0.0559 1.8898, 0.3483 -0.1514 1.8898, 0.2657 -0.2288 1.8898, 0.1663 -0.2833 1.8898, 0.0566 -0.3114 1.8898, -0.0566 -0.3114 1.8898, -0.3833 0.3787 1.8898, -0.3115 0.4663 1.8898, -0.2202 0.5334 1.8898, -0.1301 0.5715 1.8898, -0.4445 0.0517 1.8898, -0.452 0.1647 1.8898, -0.4311 0.2761 1.8898, -0.1391 0.5686 1.8914, -0.3142 0.4638 1.919, -0.3833 0.3787 1.9172, -0.4311 0.2761 1.915, -0.452 0.1647 1.9125, -0.4445 0.0517 1.9101, -0.4092 -0.0559 1.9077, -0.3483 -0.1514 1.9057, -0.2657 -0.2288 1.904, -0.1663 -0.2833 1.9028, -0.0566 -0.3114 1.9022, 0.0566 -0.3114 1.9022, 0.1663 -0.2833 1.9028, 0.2657 -0.2288 1.904, 0.3483 -0.1514 1.9057, 0.4092 -0.0559 1.9077, 0.4445 0.0517 1.9101, 0.452 0.1647 1.9125, 0.4311 0.2761 1.915, 0.3833 0.3787 1.9172, 0.3142 0.4638 1.919, 0.3114 0.4662 1.9189, 0.1391 0.5686 1.8914, 0.2153 0.5355 1.9069, 0.2202 0.5334 1.9079, 0.2713 0.5002 1.9164, -0.2162 0.5356 1.9071, -0.3114 0.4662 1.9189, -0.2713 0.5002 1.9164, -0.2201 0.5331 1.9078, -0.2201 0.5331 1.9078
            ]
        }
        coordIndex [
            0,1,2,-1,2,1,3,-1,4,5,6,-1,6,5,7,-1,6,7,8,-1,8,7,9,-1,8,9,10,-1,10,9,11,-1,10,11,12,-1,12,11,13,-1,12,13,14,-1,14,13,15,-1,14,15,16,-1,16,15,17,-1,16,17,18,-1,18,17,19,-1,18,19,20,-1,20,19,21,-1,20,21,22,-1,22,21,23,-1,22,23,24,-1,24,23,25,-1,24,25,26,-1,26,25,27,-1,26,27,28,-1,28,27,29,-1,28,29,30,-1,30,29,31,-1,30,31,32,-1,32,31,33,-1,32,33,34,-1,34,33,35,-1,34,35,36,-1,36,35,37,-1,36,37,38,-1,38,37,39,-1,38,39,40,-1,40,39,41,-1,40,41,42,-1,42,41,43,-1,42,43,44,-1,44,43,45,-1,44,45,46,-1,46,45,47,-1,46,47,48,-1,48,47,49,-1,48,49,50,-1,50,49,51,-1,50,51,4,-1,4,51,5,-1,52,3,53,-1,53,3,1,-1,54,55,56,-1,56,55,57,-1,23,56,25,-1,25,56,27,-1,23,21,56,-1,56,21,19,-1,56,19,54,-1,54,19,17,-1,54,17,15,-1,15,13,54,-1,54,13,11,-1,54,11,58,-1,58,11,9,-1,9,7,58,-1,58,7,5,-1,58,5,59,-1,35,33,53,-1,53,33,31,-1,53,31,56,-1,56,31,29,-1,56,29,27,-1,5,51,59,-1,59,51,49,-1,59,49,1,-1,49,47,1,-1,1,47,45,-1,1,45,43,-1,43,41,1,-1,1,41,39,-1,1,39,53,-1,53,39,37,-1,53,37,35,-1,0,2,60,-1,60,2,61,-1,20,22,62,-1,63,62,64,-1,64,62,28,-1,64,28,60,-1,8,10,65,-1,65,10,12,-1,22,24,62,-1,62,24,26,-1,62,26,28,-1,12,14,65,-1,65,14,16,-1,65,16,62,-1,62,16,18,-1,62,18,20,-1,48,50,0,-1,0,50,4,-1,0,4,65,-1,65,4,6,-1,65,6,8,-1,28,30,60,-1,60,30,32,-1,60,32,34,-1,42,44,0,-1,0,44,46,-1,0,46,48,-1,34,36,60,-1,60,36,38,-1,60,38,0,-1,0,38,40,-1,0,40,42,-1,57,55,66,-1,66,55,62,-1,66,62,67,-1,67,62,63,-1,61,2,68,-1,68,2,3,-1,68,3,69,-1,69,3,52,-1,70,71,67,-1,67,71,72,-1,67,72,73,-1,74,66,75,-1,75,66,67,-1,75,67,76,-1,76,67,73,-1,77,78,69,-1,69,78,79,-1,69,79,80,-1,74,81,66,-1,66,81,82,-1,66,82,83,-1,83,84,66,-1,66,84,85,-1,66,85,69,-1,69,85,86,-1,69,86,77,-1,87,88,68,-1,68,88,89,-1,68,89,90,-1,80,91,69,-1,69,91,92,-1,69,92,68,-1,68,92,93,-1,68,93,87,-1,94,90,89,-1,95,88,87,-1,95,87,96,-1,96,87,93,-1,96,93,97,-1,97,93,92,-1,97,92,98,-1,98,92,91,-1,98,91,99,-1,99,91,80,-1,99,80,100,-1,100,80,79,-1,100,79,101,-1,101,79,78,-1,101,78,102,-1,102,78,77,-1,102,77,103,-1,103,77,86,-1,103,86,104,-1,104,86,85,-1,104,85,105,-1,105,85,84,-1,105,84,106,-1,106,84,83,-1,106,83,107,-1,107,83,82,-1,107,82,108,-1,108,82,81,-1,108,81,109,-1,109,81,74,-1,109,74,110,-1,110,74,75,-1,110,75,111,-1,111,75,76,-1,111,76,112,-1,112,76,73,-1,112,73,113,-1,113,73,114,-1,114,73,72,-1,114,72,115,-1,71,70,116,-1,116,117,71,-1,71,117,118,-1,71,118,72,-1,72,118,119,-1,72,119,115,-1,94,89,120,-1,95,121,88,-1,88,121,122,-1,88,122,89,-1,89,122,123,-1,89,123,120,-1,
        ]
    }
}
Shape{
    appearance Appearance {
        material  Material 	{
            diffuseColor 0.13725490196078433 0.32941176470588235 0.7019607843137254
            specularColor 0.011764705882352941 0.023529411764705882 0.050980392156862744
            ambientIntensity 0.2
            transparency 0
            shininess 0.5
        }
    }
    geometry IndexedFaceSet {
        ccw TRUE
        solid FALSE
        coord DEF co Coordinate {
            point [
                -0.1705 -0.1575 0.3937, -0.1392 -0.1982 0.3937, -0.2559 -0.9646 0.3937, -0.1392 0.0801 0.3937, -0.1705 0.0394 0.3937, -0.2559 0.3346 0.3937, 0.1705 0.0394 0.3937, 0.1392 0.0801 0.3937, 0.2559 0.3346 0.3937, 0.0984 0.1114 0.3937, -0.0984 0.1114 0.3937, -0.1901 -0.0081 0.3937, -0.1969 -0.0591 0.3937, -0.1901 -0.11 0.3937, 0.0509 0.1311 0.3937, 0.0 0.1378 0.3937, -0.0509 0.1311 0.3937, -0.0984 -0.2295 0.3937, -0.0509 -0.2492 0.3937, 0.2559 -0.9646 0.3937, -0.0 -0.2559 0.3937, 0.0509 -0.2492 0.3937, 0.0984 -0.2295 0.3937, 0.1392 -0.1982 0.3937, 0.1705 -0.1575 0.3937, 0.1901 -0.11 0.3937, 0.1969 -0.0591 0.3937, 0.1901 -0.0081 0.3937, 0.2559 0.3346 0.0, -0.0233 0.3346 0.0, -0.2214 0.3346 0.0, -0.2559 0.3346 0.0, 0.2559 -1.5157 0.0, 0.2559 -1.5157 0.3937, -0.2559 -1.5157 0.0, -0.2559 -1.5157 0.3937, -1.9788 1.3579 2.8131, -1.9685 1.3583 2.8121, -2.9528 1.5157 2.3622, -1.9788 1.0436 3.7111, -1.9891 1.0447 3.7082, -2.9528 0.9646 3.937, 1.9891 1.0447 3.7082, 1.9788 1.0436 3.7111, 2.9528 0.9646 3.937, -1.9685 1.0433 3.712, -1.9582 1.0436 3.7111, 1.9788 1.3579 2.8131, 1.9891 1.3569 2.816, 2.9528 1.5157 2.3622, 1.9992 1.3552 2.8208, 2.0093 1.3529 2.8275, -2.0288 1.3463 2.8464, -2.0093 1.3529 2.8275, -1.9082 1.0553 3.6778, -1.9277 1.0487 3.6967, 1.9992 1.0463 3.7034, -1.9992 1.0463 3.7034, -2.0093 1.0487 3.6967, -2.0288 1.0553 3.6778, -1.9992 1.3552 2.8208, -1.9891 1.3569 2.816, 0.0 1.3583 2.8121, 0.0103 1.3579 2.8131, 1.9582 1.3579 2.8131, -1.8898 1.0644 3.6518, 0.0 1.0433 3.712, -1.8571 1.0894 3.5803, -0.0103 1.0436 3.7111, -1.8321 1.122 3.4871, -1.9378 1.0463 3.7034, -1.9479 1.0447 3.7082, 2.0472 1.0644 3.6518, 2.0288 1.0553 3.6778, 2.0093 1.0487 3.6967, -0.1114 1.3121 2.9439, -0.0787 1.3372 2.8724, -0.0603 1.3463 2.8464, -0.0408 1.3529 2.8275, -0.0307 1.3552 2.8208, -0.0206 1.3569 2.816, -0.0103 1.3579 2.8131, -0.0206 1.0447 3.7082, -1.9277 1.3529 2.8275, -1.9082 1.3463 2.8464, 1.9685 1.3583 2.8121, 0.0103 1.0436 3.7111, 2.0288 1.3463 2.8464, 2.0472 1.3372 2.8724, 2.0799 1.3121 2.9439, -2.1049 1.2795 3.0371, -2.0799 1.3121 2.9439, -2.0472 1.3372 2.8724, -1.8898 1.3372 2.8724, -1.8571 1.3121 2.9439, -1.8321 1.2795 3.0371, 1.9378 1.0463 3.7034, 1.9277 1.0487 3.6967, 2.1206 1.16 3.3785, 2.1049 1.122 3.4871, 2.0799 1.0894 3.5803, -1.9378 1.3552 2.8208, -0.0307 1.0463 3.7034, -1.9479 1.3569 2.816, -0.0408 1.0487 3.6967, -0.0603 1.0553 3.6778, -0.0787 1.0644 3.6518, -0.1114 1.0894 3.5803, -0.1364 1.122 3.4871, 1.9685 1.0433 3.712, 1.9582 1.0436 3.7111, 1.9479 1.0447 3.7082, -2.0472 1.0644 3.6518, -2.0799 1.0894 3.5803, -2.1049 1.122 3.4871, -1.8164 1.2415 3.1456, -1.811 1.2008 3.2621, -1.8164 1.16 3.3785, 0.0408 1.0487 3.6967, 0.0307 1.0463 3.7034, 0.0206 1.0447 3.7082, -1.9582 1.3579 2.8131, -0.1364 1.2795 3.0371, -0.1521 1.16 3.3785, -0.1575 1.2008 3.2621, -0.1521 1.2415 3.1456, 1.9277 1.3529 2.8275, 0.0206 1.3569 2.816, 1.9378 1.3552 2.8208, 1.9479 1.3569 2.816, 0.0307 1.3552 2.8208, 0.0408 1.3529 2.8275, 1.9082 1.3463 2.8464, 1.8898 1.3372 2.8724, 2.1049 1.2795 3.0371, 2.1206 1.2415 3.1456, 2.126 1.2008 3.2621, -2.1206 1.16 3.3785, -2.126 1.2008 3.2621, -2.1206 1.2415 3.1456, 0.0603 1.3463 2.8464, 0.0787 1.3372 2.8724, 1.8571 1.3121 2.9439, 1.9082 1.0553 3.6778, 1.8898 1.0644 3.6518, 0.0603 1.0553 3.6778, 0.0787 1.0644 3.6518, 0.1114 1.0894 3.5803, 1.8571 1.0894 3.5803, 1.8321 1.122 3.4871, 0.1114 1.3121 2.9439, 0.1364 1.2795 3.0371, 1.8321 1.2795 3.0371, 1.8164 1.2415 3.1456, 0.1521 1.2415 3.1456, 1.811 1.2008 3.2621, 0.1575 1.2008 3.2621, 1.8164 1.16 3.3785, 0.1521 1.16 3.3785, 0.1364 1.122 3.4871, 0.1364 1.122 3.4871
            ]
        }
        coordIndex [
            0,1,2,-1,3,4,5,-1,6,7,8,-1,8,7,9,-1,3,5,10,-1,4,11,5,-1,5,11,12,-1,5,12,2,-1,2,12,13,-1,2,13,0,-1,9,14,8,-1,8,14,15,-1,8,15,5,-1,5,15,16,-1,5,16,10,-1,1,17,2,-1,2,17,18,-1,2,18,19,-1,19,18,20,-1,19,20,21,-1,21,22,19,-1,19,22,23,-1,19,23,24,-1,24,25,19,-1,19,25,26,-1,19,26,8,-1,8,26,27,-1,8,27,6,-1,28,8,29,-1,29,8,5,-1,29,5,30,-1,30,5,31,-1,8,28,19,-1,19,28,32,-1,19,32,33,-1,31,5,34,-1,34,5,2,-1,34,2,35,-1,36,37,38,-1,39,40,41,-1,42,43,44,-1,39,41,45,-1,45,41,44,-1,45,44,46,-1,47,48,49,-1,49,48,50,-1,49,50,51,-1,52,53,38,-1,54,55,44,-1,42,44,56,-1,40,57,41,-1,41,57,58,-1,41,58,59,-1,53,60,38,-1,38,60,61,-1,38,61,36,-1,62,63,64,-1,65,66,67,-1,67,66,68,-1,67,68,69,-1,55,70,44,-1,44,70,71,-1,44,71,46,-1,72,73,44,-1,44,73,74,-1,44,74,56,-1,75,76,38,-1,38,76,77,-1,38,77,78,-1,78,79,38,-1,38,79,80,-1,38,80,81,-1,82,83,84,-1,81,62,38,-1,38,62,64,-1,38,64,49,-1,49,64,85,-1,49,85,47,-1,86,66,44,-1,44,66,65,-1,44,65,54,-1,51,87,49,-1,49,87,88,-1,49,88,89,-1,90,91,38,-1,38,91,92,-1,38,92,52,-1,84,93,82,-1,82,93,94,-1,82,94,95,-1,96,97,86,-1,98,99,44,-1,44,99,100,-1,44,100,72,-1,83,82,101,-1,101,82,102,-1,101,102,103,-1,103,102,104,-1,103,104,105,-1,105,106,103,-1,103,106,107,-1,103,107,108,-1,43,109,44,-1,44,109,110,-1,44,110,86,-1,86,110,111,-1,86,111,96,-1,59,112,41,-1,41,112,113,-1,41,113,114,-1,95,115,82,-1,82,115,116,-1,82,116,68,-1,68,116,117,-1,68,117,69,-1,118,119,97,-1,97,119,120,-1,97,120,86,-1,37,121,38,-1,38,121,122,-1,38,122,75,-1,108,123,103,-1,103,123,124,-1,103,124,121,-1,121,124,125,-1,121,125,122,-1,126,63,127,-1,126,128,63,-1,63,128,129,-1,63,129,64,-1,127,130,126,-1,126,130,131,-1,126,131,132,-1,132,131,133,-1,89,134,49,-1,49,134,135,-1,49,135,44,-1,44,135,136,-1,44,136,98,-1,114,137,41,-1,41,137,138,-1,41,138,38,-1,38,138,139,-1,38,139,90,-1,131,140,133,-1,133,140,141,-1,133,141,142,-1,97,143,118,-1,118,143,144,-1,118,144,145,-1,145,144,146,-1,146,144,147,-1,147,144,148,-1,147,148,149,-1,141,150,142,-1,142,150,151,-1,142,151,152,-1,152,151,153,-1,153,151,154,-1,153,154,155,-1,155,154,156,-1,155,156,157,-1,157,156,158,-1,157,158,149,-1,149,158,159,-1,149,159,147,-1,
        ]
    }
}
Shape{
    appearance Appearance {
        material  Material 	{
            diffuseColor 0.6470588235294118 0.6196078431372549 0.5882352941176471
            specularColor 0.45098039215686275 0.43529411764705883 0.4117647058823529
            ambientIntensity 0.2
            transparency 0
            shininess 0.5
        }
    }
    geometry IndexedFaceSet {
        ccw TRUE
        solid FALSE
        coord DEF co Coordinate {
            point [
                -0.0 -0.2559 0.3937, 0.0509 -0.2492 -1.6535, 0.0509 -0.2492 0.3937, 0.0984 -0.2295 -1.6535, 0.0984 -0.2295 0.3937, 0.1392 -0.1982 -1.6535, 0.1392 -0.1982 0.3937, 0.1705 -0.1575 -1.6535, 0.1705 -0.1575 0.3937, 0.1901 -0.11 -1.6535, 0.1901 -0.11 0.3937, 0.1969 -0.0591 -1.6535, 0.1969 -0.0591 0.3937, 0.1901 -0.0081 -1.6535, 0.1901 -0.0081 0.3937, 0.1705 0.0394 -1.6535, 0.1705 0.0394 0.3937, 0.1392 0.0801 -1.6535, 0.1392 0.0801 0.3937, 0.0984 0.1114 -1.6535, 0.0984 0.1114 0.3937, 0.0509 0.1311 -1.6535, 0.0509 0.1311 0.3937, 0.0 0.1378 -1.6535, 0.0 0.1378 0.3937, -0.0509 0.1311 -1.6535, -0.0509 0.1311 0.3937, -0.0984 0.1114 -1.6535, -0.0984 0.1114 0.3937, -0.1392 0.0801 -1.6535, -0.1392 0.0801 0.3937, -0.1705 0.0394 -1.6535, -0.1705 0.0394 0.3937, -0.1901 -0.0081 -1.6535, -0.1901 -0.0081 0.3937, -0.1969 -0.0591 -1.6535, -0.1969 -0.0591 0.3937, -0.1901 -0.11 -1.6535, -0.1901 -0.11 0.3937, -0.1705 -0.1575 -1.6535, -0.1705 -0.1575 0.3937, -0.1392 -0.1982 -1.6535, -0.1392 -0.1982 0.3937, -0.0984 -0.2295 -1.6535, -0.0984 -0.2295 0.3937, -0.0509 -0.2492 -1.6535, -0.0509 -0.2492 0.3937, 0.0 -0.2559 -1.6535, 0.0 -0.0591 -1.6535, 0.5975 0.5501 3.3465, 0.5499 0.6154 3.3465, 0.5449 0.611 3.3974, 0.4816 0.6816 3.3465, 0.4605 0.702 3.3465, 0.4563 0.6969 3.3974, 0.3378 0.7813 3.3465, 0.2445 0.8239 3.3465, 0.2422 0.8176 3.3974, -0.1736 0.8425 3.3465, -0.2445 0.8239 3.3465, -0.2422 0.8176 3.3974, -0.3378 0.7813 3.3465, -0.3577 0.7722 3.3465, -0.3544 0.7664 3.3974, -0.4816 0.6816 3.3465, -0.5499 0.6154 3.3465, -0.5449 0.611 3.3974, 0.6805 0.3959 3.3465, 0.6783 0.4031 3.3465, 0.6721 0.4007 3.3974, 0.7111 0.2953 3.3465, 0.7067 0.2953 3.3873, 0.7041 0.2953 3.3974, 0.6537 0.3935 3.4449, 0.6858 0.2953 3.442, 0.7023 0.2953 3.404, 0.6447 0.2953 3.4923, 0.6513 0.2953 3.4851, 0.6246 0.3821 3.4857, 0.673 0.2953 3.4616, 0.6839 0.2953 3.4448, 0.5657 0.2953 3.5353, 0.5888 0.2953 3.5272, 0.5866 0.3673 3.5169, 0.6093 0.2953 3.516, 0.626 0.2953 3.5069, 0.5606 0.2953 3.5362, 0.5424 0.35 3.5366, 0.5232 0.2953 3.5427, 0.495 0.3314 3.5433, 0.5076 0.2953 3.5433, -0.5076 0.2953 3.5433, -0.495 0.3314 3.5433, -0.5505 0.2953 3.539, -0.5424 0.35 3.5366, -0.5607 0.2953 3.5365, -0.5639 0.2953 3.5358, -0.6034 0.2953 3.5204, -0.5866 0.3673 3.5169, -0.6097 0.2953 3.5166, -0.6287 0.2953 3.505, -0.6246 0.3821 3.4857, -0.6513 0.2953 3.485, -0.66 0.2953 3.4774, -0.6537 0.3935 3.4449, -0.677 0.2953 3.4559, -0.6721 0.4007 3.3974, -0.6966 0.2953 3.4197, -0.6832 0.2953 3.4445, -0.6783 0.4031 3.3465, -0.6805 0.3959 3.3465, -0.7111 0.2953 3.3465, -0.7108 0.2953 3.3566, -0.7081 0.2953 3.3801, -0.7032 0.2953 3.3971, -0.4548 0.4129 3.5433, -0.4013 0.4863 3.5433, -0.4984 0.4392 3.5366, -0.4398 0.5197 3.5366, -0.539 0.4638 3.5169, -0.4756 0.5508 3.5169, -0.5739 0.4849 3.4857, -0.5064 0.5776 3.4857, -0.6006 0.5011 3.4449, -0.53 0.5981 3.4449, -0.6175 0.5113 3.3974, 0.0905 0.6615 3.5433, 0.1784 0.6385 3.5433, 0.0992 0.7117 3.5366, 0.1955 0.6865 3.5366, 0.1073 0.7585 3.5169, 0.2114 0.7312 3.5169, 0.1142 0.7987 3.4857, 0.2251 0.7696 3.4857, 0.1195 0.8295 3.4449, 0.2356 0.7991 3.4449, 0.1229 0.8489 3.3974, -0.6232 0.5147 3.3465, -0.5975 0.5501 3.3465, -0.4605 0.702 3.3465, -0.4563 0.6969 3.3974, -0.4439 0.6816 3.4449, -0.4241 0.6574 3.4857, -0.3983 0.6258 3.5169, -0.3683 0.589 3.5366, -0.3361 0.5495 3.5433, -0.261 0.6008 3.5433, -0.2861 0.6451 3.5366, -0.3094 0.6865 3.5169, -0.3294 0.722 3.4857, -0.3448 0.7493 3.4449, -0.2356 0.7991 3.4449, -0.2251 0.7696 3.4857, -0.2114 0.7312 3.5169, -0.1955 0.6865 3.5366, -0.1784 0.6385 3.5433, -0.124 0.8555 3.3465, -0.1229 0.8489 3.3974, -0.1195 0.8295 3.4449, -0.1142 0.7987 3.4857, -0.1073 0.7585 3.5169, -0.0992 0.7117 3.5366, -0.0905 0.6615 3.5433, 0.0 0.6693 3.5433, 0.0 0.7202 3.5366, 0.0 0.7677 3.5169, 0.0 0.8085 3.4857, 0.0 0.8398 3.4449, 0.0 0.8594 3.3974, 0.0 0.8661 3.3465, 0.124 0.8555 3.3465, 0.1736 0.8425 3.3465, 0.3577 0.7722 3.3465, 0.3544 0.7664 3.3974, 0.3448 0.7493 3.4449, 0.3294 0.722 3.4857, 0.3094 0.6865 3.5169, 0.2861 0.6451 3.5366, 0.261 0.6008 3.5433, 0.3361 0.5495 3.5433, 0.3683 0.589 3.5366, 0.3983 0.6258 3.5169, 0.4241 0.6574 3.4857, 0.4439 0.6816 3.4449, 0.53 0.5981 3.4449, 0.5064 0.5776 3.4857, 0.4756 0.5508 3.5169, 0.4398 0.5197 3.5366, 0.4013 0.4863 3.5433, 0.6232 0.5147 3.3465, 0.6175 0.5113 3.3974, 0.6006 0.5011 3.4449, 0.5739 0.4849 3.4857, 0.539 0.4638 3.5169, 0.4984 0.4392 3.5366, 0.4548 0.4129 3.5433, 0.7039 -0.0197 3.3973, 0.7078 -0.0197 3.3821, -0.7111 -0.0197 3.2283, 0.7111 -0.0197 3.3465, 0.7111 -0.0197 3.2283, -0.7073 -0.0197 3.3844, -0.7035 -0.0197 3.3972, 0.6096 -0.0197 3.5164, -0.6966 -0.0197 3.4197, -0.6832 -0.0197 3.4444, 0.5782 -0.0197 3.5313, -0.6616 -0.0197 3.4756, -0.6513 -0.0197 3.485, 0.5606 -0.0197 3.5362, 0.6164 -0.0197 3.5131, 0.6402 -0.0197 3.4962, 0.6512 -0.0197 3.485, 0.6693 -0.0197 3.4664, -0.7111 -0.0197 3.3465, 0.6845 -0.0197 3.4442, 0.7015 -0.0197 3.4065, -0.6769 -0.0197 3.4561, -0.6305 -0.0197 3.5038, -0.6101 -0.0197 3.5169, -0.5709 -0.0197 3.5337, -0.5606 -0.0197 3.5363, -0.5469 -0.0197 3.5397, 0.5505 -0.0197 3.539, 0.5076 -0.0197 3.5433, -0.5076 -0.0197 3.5433, 0.7111 0.2953 3.2283, -0.7111 0.2953 3.2283, 0.723 0.05 3.2283, -0.723 0.05 3.2283, 0.723 0.2256 3.2283, -0.723 0.2256 3.2283, -0.723 0.2256 3.2283
            ]
        }
        coordIndex [
            0,1,2,-1,2,1,3,-1,2,3,4,-1,4,3,5,-1,4,5,6,-1,6,5,7,-1,6,7,8,-1,8,7,9,-1,8,9,10,-1,10,9,11,-1,10,11,12,-1,12,11,13,-1,12,13,14,-1,14,13,15,-1,14,15,16,-1,16,15,17,-1,16,17,18,-1,18,17,19,-1,18,19,20,-1,20,19,21,-1,20,21,22,-1,22,21,23,-1,22,23,24,-1,24,23,25,-1,24,25,26,-1,26,25,27,-1,26,27,28,-1,28,27,29,-1,28,29,30,-1,30,29,31,-1,30,31,32,-1,32,31,33,-1,32,33,34,-1,34,33,35,-1,34,35,36,-1,36,35,37,-1,36,37,38,-1,38,37,39,-1,38,39,40,-1,40,39,41,-1,40,41,42,-1,42,41,43,-1,42,43,44,-1,44,43,45,-1,44,45,46,-1,46,45,47,-1,46,47,0,-1,0,47,1,-1,3,1,48,-1,48,1,47,-1,48,47,45,-1,9,7,48,-1,48,7,5,-1,48,5,3,-1,15,13,48,-1,48,13,11,-1,48,11,9,-1,21,19,48,-1,48,19,17,-1,48,17,15,-1,27,25,48,-1,48,25,23,-1,48,23,21,-1,33,31,48,-1,48,31,29,-1,48,29,27,-1,39,37,48,-1,48,37,35,-1,48,35,33,-1,45,43,48,-1,48,43,41,-1,48,41,39,-1,49,50,51,-1,52,53,54,-1,55,56,57,-1,58,59,60,-1,61,62,63,-1,64,65,66,-1,67,68,69,-1,70,67,71,-1,71,67,69,-1,71,69,72,-1,73,74,69,-1,69,74,75,-1,69,75,72,-1,76,77,78,-1,78,77,79,-1,78,79,73,-1,73,79,80,-1,73,80,74,-1,81,82,83,-1,83,82,84,-1,83,84,78,-1,78,84,85,-1,78,85,76,-1,81,83,86,-1,86,83,87,-1,86,87,88,-1,88,87,89,-1,88,89,90,-1,91,92,93,-1,93,92,94,-1,93,94,95,-1,95,94,96,-1,96,94,97,-1,97,94,98,-1,97,98,99,-1,99,98,100,-1,100,98,101,-1,100,101,102,-1,102,101,103,-1,103,101,104,-1,103,104,105,-1,106,107,104,-1,104,107,108,-1,104,108,105,-1,106,109,110,-1,111,112,110,-1,110,112,113,-1,110,113,106,-1,106,113,114,-1,106,114,107,-1,115,116,117,-1,117,116,118,-1,117,118,119,-1,119,118,120,-1,119,120,121,-1,121,120,122,-1,121,122,123,-1,123,122,124,-1,123,124,125,-1,125,124,66,-1,126,127,128,-1,128,127,129,-1,128,129,130,-1,130,129,131,-1,130,131,132,-1,132,131,133,-1,132,133,134,-1,134,133,135,-1,134,135,136,-1,136,135,57,-1,92,115,94,-1,94,115,117,-1,94,117,98,-1,98,117,119,-1,98,119,101,-1,101,119,121,-1,101,121,104,-1,104,121,123,-1,104,123,106,-1,106,123,125,-1,106,125,109,-1,109,125,137,-1,66,65,125,-1,125,65,138,-1,125,138,137,-1,139,64,140,-1,140,64,66,-1,140,66,141,-1,141,66,124,-1,141,124,142,-1,142,124,122,-1,142,122,143,-1,143,122,120,-1,143,120,144,-1,144,120,118,-1,144,118,145,-1,145,118,116,-1,145,146,144,-1,144,146,147,-1,144,147,143,-1,143,147,148,-1,143,148,142,-1,142,148,149,-1,142,149,141,-1,141,149,150,-1,141,150,140,-1,140,150,63,-1,140,63,139,-1,139,63,62,-1,59,61,60,-1,60,61,63,-1,60,63,151,-1,151,63,150,-1,151,150,152,-1,152,150,149,-1,152,149,153,-1,153,149,148,-1,153,148,154,-1,154,148,147,-1,154,147,155,-1,155,147,146,-1,156,58,157,-1,157,58,60,-1,157,60,158,-1,158,60,151,-1,158,151,159,-1,159,151,152,-1,159,152,160,-1,160,152,153,-1,160,153,161,-1,161,153,154,-1,161,154,162,-1,162,154,155,-1,162,163,161,-1,161,163,164,-1,161,164,160,-1,160,164,165,-1,160,165,159,-1,159,165,166,-1,159,166,158,-1,158,166,167,-1,158,167,157,-1,157,167,168,-1,157,168,156,-1,156,168,169,-1,163,126,164,-1,164,126,128,-1,164,128,165,-1,165,128,130,-1,165,130,166,-1,166,130,132,-1,166,132,167,-1,167,132,134,-1,167,134,168,-1,168,134,136,-1,168,136,169,-1,169,136,170,-1,57,56,136,-1,136,56,171,-1,136,171,170,-1,172,55,173,-1,173,55,57,-1,173,57,174,-1,174,57,135,-1,174,135,175,-1,175,135,133,-1,175,133,176,-1,176,133,131,-1,176,131,177,-1,177,131,129,-1,177,129,178,-1,178,129,127,-1,178,179,177,-1,177,179,180,-1,177,180,176,-1,176,180,181,-1,176,181,175,-1,175,181,182,-1,175,182,174,-1,174,182,183,-1,174,183,173,-1,173,183,54,-1,173,54,172,-1,172,54,53,-1,50,52,51,-1,51,52,54,-1,51,54,184,-1,184,54,183,-1,184,183,185,-1,185,183,182,-1,185,182,186,-1,186,182,181,-1,186,181,187,-1,187,181,180,-1,187,180,188,-1,188,180,179,-1,189,49,190,-1,190,49,51,-1,190,51,191,-1,191,51,184,-1,191,184,192,-1,192,184,185,-1,192,185,193,-1,193,185,186,-1,193,186,194,-1,194,186,187,-1,194,187,195,-1,195,187,188,-1,195,89,194,-1,194,89,87,-1,194,87,193,-1,193,87,83,-1,193,83,192,-1,192,83,78,-1,192,78,191,-1,191,78,73,-1,191,73,190,-1,190,73,69,-1,190,69,189,-1,189,69,68,-1,196,197,198,-1,198,197,199,-1,198,199,200,-1,201,202,203,-1,202,204,203,-1,203,204,205,-1,203,205,206,-1,207,208,209,-1,210,211,198,-1,198,211,212,-1,198,212,213,-1,210,198,203,-1,203,198,214,-1,203,214,201,-1,213,215,198,-1,198,215,216,-1,198,216,196,-1,206,205,209,-1,209,205,217,-1,209,217,207,-1,208,218,219,-1,219,220,208,-1,208,220,221,-1,208,221,222,-1,223,209,224,-1,224,209,208,-1,224,208,225,-1,225,208,222,-1,226,70,227,-1,227,70,71,-1,71,72,227,-1,227,72,75,-1,227,75,74,-1,74,80,227,-1,227,80,79,-1,227,79,77,-1,108,107,114,-1,112,111,102,-1,102,111,227,-1,102,227,100,-1,96,97,227,-1,227,97,99,-1,227,99,100,-1,105,108,103,-1,103,108,102,-1,77,76,227,-1,227,76,85,-1,227,85,84,-1,108,114,102,-1,102,114,113,-1,102,113,112,-1,84,82,227,-1,227,82,81,-1,227,81,86,-1,86,88,227,-1,227,88,90,-1,227,90,91,-1,91,93,227,-1,227,93,95,-1,227,95,96,-1,198,200,228,-1,198,228,229,-1,229,228,230,-1,229,230,231,-1,231,230,226,-1,231,226,227,-1,
        ]
    }
}
Shape{
    appearance Appearance {
        material  Material 	{
            diffuseColor 0.13725490196078433 0.32941176470588235 0.7019607843137254
            specularColor 0.011764705882352941 0.023529411764705882 0.050980392156862744
            ambientIntensity 0.2
            transparency 0
            shininess 0.5
        }
    }
    geometry IndexedFaceSet {
        ccw TRUE
        solid FALSE
        coord DEF co Coordinate {
            point [
                0.2299 1.0422 0.0039, 0.2299 1.0422 0.0, 0.248 0.9578 0.0039, 0.248 0.9578 0.0, 0.2213 1.0852 0.0039, 0.2213 1.0852 0.0, 0.218 1.0988 0.0039, 0.218 1.0988 0.0, 0.2182 1.0979 0.0, 0.2202 1.0897 0.0, 0.21 1.0875 0.0039, 0.21 1.0875 0.0, 0.2103 1.0897 0.0, 0.2108 1.0943 0.0039, 0.2108 1.0943 0.0, 0.2112 1.0979 0.0, 0.2117 1.1014 0.0039, 0.2117 1.1014 0.0, 0.2121 1.1029 0.0, 0.2121 1.1029 0.0039, 0.2125 1.1034 0.0, 0.2125 1.1034 0.0039, 0.2129 1.1038 0.0, 0.2129 1.1038 0.0039, 0.2132 1.1041 0.0, 0.2132 1.1041 0.0039, 0.2136 1.1042 0.0, 0.2136 1.1042 0.0039, 0.2141 1.1043 0.0, 0.2141 1.1043 0.0039, 0.2145 1.1042 0.0, 0.2145 1.1042 0.0039, 0.215 1.104 0.0, 0.215 1.104 0.0039, 0.2155 1.1036 0.0, 0.2155 1.1036 0.0039, 0.216 1.103 0.0, 0.216 1.103 0.0039, 0.2166 1.1021 0.0, 0.2166 1.1021 0.0039, 0.2172 1.1008 0.0, 0.2172 1.1008 0.0039, 0.2073 1.0637 0.0039, 0.2073 1.0637 0.0, 0.2089 1.0422 0.0039, 0.2089 1.0422 0.0, 0.2078 1.0444 0.0, 0.2078 1.0444 0.0039, 0.2067 1.0475 0.0, 0.2067 1.0475 0.0039, 0.2065 1.0527 0.0, 0.2065 1.0527 0.0039, 0.2118 1.0371 0.0039, 0.2118 1.0371 0.0, 0.2254 0.9872 0.0039, 0.2254 0.9872 0.0, 0.2192 1.0123 0.0, 0.2192 1.0123 0.0039, 0.2825 0.7228 0.0, 0.2837 0.7172 0.0039, 0.2837 0.7172 0.0, 0.2916 0.7172 0.0039, 0.2916 0.7172 0.0, 0.3465 0.9601 0.0039, 0.3465 0.9601 0.0, 0.2928 0.7228 0.0, 0.3533 0.9884 0.0039, 0.3533 0.9884 0.0, 0.3601 1.015 0.0039, 0.3601 1.015 0.0, 0.3563 1.0018 0.0, 0.3563 1.0018 0.0039, 0.364 1.0257 0.0039, 0.364 1.0257 0.0, 0.372 1.0592 0.0039, 0.372 1.0592 0.0, 0.372 1.059 0.0, 0.372 1.059 0.0039, 0.3729 1.0457 0.0, 0.3729 1.0457 0.0039, 0.3729 1.0436 0.0, 0.3729 1.0436 0.0039, 0.3728 1.043 0.0, 0.3728 1.043 0.0039, 0.3725 1.0424 0.0, 0.3725 1.0424 0.0039, 0.3718 1.0415 0.0, 0.3718 1.0415 0.0039, 0.37 1.0394 0.0, 0.37 1.0394 0.0039, 0.3676 1.0358 0.0, 0.3676 1.0358 0.0039, 0.3698 1.0846 0.0039, 0.3698 1.0846 0.0, 0.3691 1.0897 0.0, 0.3686 1.0943 0.0039, 0.3686 1.0943 0.0, 0.3684 1.0973 0.0039, 0.3624 1.0994 0.0039, 0.3624 1.0994 0.0, 0.3628 1.1009 0.0, 0.3628 1.1009 0.0039, 0.3632 1.1019 0.0, 0.3632 1.1019 0.0039, 0.3637 1.1026 0.0, 0.3637 1.1026 0.0039, 0.3642 1.103 0.0, 0.3642 1.103 0.0039, 0.3648 1.1033 0.0, 0.3648 1.1033 0.0039, 0.3653 1.1034 0.0, 0.3653 1.1034 0.0039, 0.3658 1.1034 0.0, 0.3658 1.1034 0.0039, 0.3662 1.1033 0.0, 0.3662 1.1033 0.0039, 0.3666 1.1031 0.0, 0.3666 1.1031 0.0039, 0.367 1.1028 0.0, 0.367 1.1028 0.0039, 0.3673 1.1023 0.0, 0.3673 1.1023 0.0039, 0.3675 1.1017 0.0, 0.3675 1.1017 0.0039, 0.3678 1.1008 0.0, 0.3678 1.1008 0.0039, 0.368 1.0993 0.0, 0.368 1.0993 0.0039, 0.3683 1.0979 0.0, 0.3684 1.0973 0.0, 0.3584 1.0767 0.0039, 0.3584 1.0767 0.0, 0.3607 1.0897 0.0, 0.3621 1.0979 0.0, 0.325 0.9392 0.0039, 0.325 0.9392 0.0, 0.2876 0.7716 0.0039, 0.2508 0.938 0.0039, 0.3239 0.9306 0.0039, 0.3086 0.9159 0.0039, 0.2944 0.9256 0.0039, 0.2896 0.9282 0.0039, 0.2731 0.9333 0.0039, 0.2508 0.938 0.0, 0.2876 0.7716 0.0, 0.2944 0.9256 0.0, 0.2896 0.9282 0.0, 0.2731 0.9333 0.0, 0.3086 0.9159 0.0, 0.3239 0.9306 0.0, 0.0026 0.7528 0.0039, 0.0026 0.7528 0.0, 0.0128 0.7613 0.0039, 0.0128 0.7613 0.0, -0.0002 0.7403 0.0039, -0.0002 0.7403 0.0, -0.0009 0.7409 0.0, -0.0009 0.7409 0.0039, -0.0017 0.7418 0.0, -0.0017 0.7418 0.0039, -0.0022 0.7427 0.0, -0.0022 0.7427 0.0039, -0.0026 0.7441 0.0, -0.0026 0.7441 0.0039, -0.0027 0.7455 0.0, -0.0027 0.7455 0.0039, -0.0024 0.7468 0.0, -0.0024 0.7468 0.0039, -0.0014 0.7489 0.0, -0.0014 0.7489 0.0039, 0.0001 0.7508 0.0, 0.0001 0.7508 0.0039, 0.01 0.7421 0.0039, 0.01 0.7421 0.0, 0.0219 0.7421 0.0039, 0.0219 0.7421 0.0, 0.0315 0.7403 0.0039, 0.0315 0.7403 0.0, 0.0267 0.7412 0.0, 0.0267 0.7412 0.0039, 0.0434 0.7393 0.0039, 0.0434 0.7393 0.0, 0.0649 0.733 0.0039, 0.0649 0.733 0.0, 0.0898 0.7296 0.0039, 0.0898 0.7296 0.0, 0.0773 0.7306 0.0, 0.0773 0.7306 0.0039, 0.1686 0.9256 0.0039, 0.1686 0.9256 0.0, 0.166 0.8471 0.0, 0.166 0.8471 0.0039, 0.1577 0.7837 0.0, 0.1577 0.7837 0.0039, 0.1489 0.7606 0.0, 0.1489 0.7606 0.0039, 0.1399 0.7475 0.0, 0.1399 0.7475 0.0039, 0.1305 0.7392 0.0, 0.1305 0.7392 0.0039, 0.1201 0.7338 0.0, 0.1201 0.7338 0.0039, 0.1074 0.7307 0.0, 0.1074 0.7307 0.0039, 0.0677 1.0813 0.0039, 0.0677 1.0813 0.0, 0.1088 1.0749 0.0, 0.1088 1.0749 0.0039, 0.1195 1.0707 0.0, 0.1195 1.0707 0.0039, 0.1304 1.0626 0.0, 0.1304 1.0626 0.0039, 0.1403 1.0509 0.0, 0.1403 1.0509 0.0039, 0.152 1.0299 0.0, 0.152 1.0299 0.0039, 0.1628 0.9924 0.0, 0.1628 0.9924 0.0039, 0.0428 1.0841 0.0039, 0.0428 1.0841 0.0, 0.0336 1.0866 0.0039, 0.0253 1.0914 0.0039, 0.0253 1.0914 0.0, 0.0258 1.0913 0.0, 0.0258 1.0913 0.0039, 0.0276 1.0902 0.0, 0.0276 1.0902 0.0039, 0.0284 1.0897 0.0, 0.0336 1.0866 0.0, 0.0083 1.0778 0.0039, 0.0083 1.0778 0.0, 0.0109 1.0807 0.0, 0.0109 1.0807 0.0039, 0.019 1.0882 0.0, 0.019 1.0882 0.0039, 0.0211 1.0897 0.0, 0.0227 1.0909 0.0039, 0.0227 1.0909 0.0, 0.0238 1.0913 0.0, 0.0238 1.0913 0.0039, 0.0015 1.0705 0.0039, 0.0015 1.0705 0.0, 0.0032 1.062 0.0039, 0.0032 1.062 0.0, 0.0013 1.0618 0.0, 0.0013 1.0618 0.0039, -0.0001 1.0619 0.0, -0.0001 1.0619 0.0039, -0.0007 1.0621 0.0, -0.0007 1.0621 0.0039, -0.001 1.0623 0.0, -0.001 1.0623 0.0039, -0.0013 1.0626 0.0, -0.0013 1.0626 0.0039, -0.0016 1.063 0.0, -0.0016 1.063 0.0039, -0.002 1.0642 0.0, -0.002 1.0642 0.0039, -0.0021 1.0649 0.0, -0.0021 1.0649 0.0039, -0.0021 1.0655 0.0, -0.0021 1.0655 0.0039, -0.0019 1.0661 0.0, -0.0019 1.0661 0.0039, -0.0016 1.0668 0.0, -0.0016 1.0668 0.0039, -0.0009 1.0678 0.0, -0.0009 1.0678 0.0039, 0.0 1.069 0.0, 0.0 1.069 0.0039, 0.0111 1.062 0.0039, 0.0111 1.062 0.0, 0.0202 1.062 0.0039, 0.0202 1.062 0.0, 0.0202 0.7653 0.0039, 0.0202 0.7653 0.0, 0.0164 0.7635 0.0, 0.0164 0.7635 0.0039, 0.036 0.7613 0.0039, 0.036 1.0609 0.0039, 0.1086 1.0525 0.0039, 0.0959 1.0557 0.0039, 0.0785 1.058 0.0039, 0.0536 1.0609 0.0039, 0.1178 1.0485 0.0039, 0.0448 1.0612 0.0039, 0.0468 0.7568 0.0039, 0.0709 0.7512 0.0039, 0.0955 0.7494 0.0039, 0.1105 0.7523 0.0039, 0.1514 0.9591 0.0039, 0.1424 1.0094 0.0039, 0.1312 1.0346 0.0039, 0.1246 1.0431 0.0039, 0.1213 0.7566 0.0039, 0.1281 0.7614 0.0039, 0.1348 0.7696 0.0039, 0.1411 0.7818 0.0039, 0.1461 0.7988 0.0039, 0.1527 0.8757 0.0039, 0.0785 1.058 0.0, 0.0536 1.0609 0.0, 0.1527 0.8757 0.0, 0.1514 0.9591 0.0, 0.1424 1.0094 0.0, 0.1312 1.0346 0.0, 0.1246 1.0431 0.0, 0.1178 1.0485 0.0, 0.1086 1.0525 0.0, 0.0959 1.0557 0.0, 0.0955 0.7494 0.0, 0.1105 0.7523 0.0, 0.1213 0.7566 0.0, 0.1281 0.7614 0.0, 0.1348 0.7696 0.0, 0.1411 0.7818 0.0, 0.1461 0.7988 0.0, 0.0468 0.7568 0.0, 0.0709 0.7512 0.0, 0.036 0.7613 0.0, 0.036 1.0609 0.0, 0.0448 1.0612 0.0, -0.1198 0.8825 0.0039, -0.1198 0.8825 0.0, -0.1674 0.8887 0.0039, -0.1674 0.8887 0.0, -0.0819 0.8706 0.0039, -0.0819 0.8706 0.0, -0.0876 0.8741 0.0, -0.0876 0.8741 0.0039, -0.1002 0.8786 0.0, -0.1002 0.8786 0.0039, -0.0768 0.8678 0.0039, -0.0768 0.8678 0.0, -0.0604 0.8842 0.0039, -0.0604 0.8842 0.0, -0.0632 0.8939 0.0039, -0.0632 0.8939 0.0, -0.0618 0.8937 0.0, -0.0618 0.8937 0.0039, -0.0607 0.8934 0.0, -0.0607 0.8934 0.0039, -0.0597 0.8929 0.0, -0.0597 0.8929 0.0039, -0.0589 0.8921 0.0, -0.0589 0.8921 0.0039, -0.0582 0.8909 0.0, -0.0582 0.8909 0.0039, -0.0579 0.89 0.0, -0.0579 0.89 0.0039, -0.0578 0.8891 0.0, -0.0578 0.8891 0.0039, -0.058 0.8882 0.0, -0.058 0.8882 0.0039, -0.0585 0.887 0.0, -0.0585 0.887 0.0039, -0.0592 0.8858 0.0, -0.0592 0.8858 0.0039, -0.1674 0.9085 0.0039, -0.1674 0.9085 0.0, -0.1674 1.062 0.0039, -0.1674 1.062 0.0, -0.083 1.0502 0.0039, -0.083 1.0502 0.0, -0.0672 1.0444 0.0039, -0.0672 1.0444 0.0, -0.0748 1.048 0.0, -0.0748 1.048 0.0039, -0.0621 1.0416 0.0039, -0.0621 1.0416 0.0, -0.0463 1.0592 0.0039, -0.0463 1.0592 0.0, -0.0496 1.0683 0.0039, -0.0496 1.0683 0.0, -0.0478 1.0682 0.0, -0.0478 1.0682 0.0039, -0.0463 1.0679 0.0, -0.0463 1.0679 0.0039, -0.0462 1.0678 0.0, -0.0462 1.0678 0.0039, -0.0456 1.0675 0.0, -0.0456 1.0675 0.0039, -0.0452 1.0672 0.0, -0.0452 1.0672 0.0039, -0.0448 1.0667 0.0, -0.0448 1.0667 0.0039, -0.0443 1.0656 0.0, -0.0443 1.0656 0.0039, -0.0439 1.0647 0.0, -0.0439 1.0647 0.0039, -0.0439 1.0639 0.0, -0.0439 1.0639 0.0039, -0.044 1.0629 0.0, -0.044 1.0629 0.0039, -0.0445 1.0616 0.0, -0.0445 1.0616 0.0039, -0.0581 1.0688 0.0039, -0.0581 1.0688 0.0, -0.1437 1.0807 0.0039, -0.1437 1.0807 0.0, -0.101 1.074 0.0, -0.101 1.074 0.0039, -0.1697 1.0852 0.0039, -0.1697 1.0852 0.0, -0.189 1.0773 0.0039, -0.189 1.0773 0.0, -0.1891 1.0785 0.0, -0.1891 1.0785 0.0039, -0.1893 1.0817 0.0, -0.1893 1.0817 0.0039, -0.1888 1.084 0.0, -0.1888 1.084 0.0039, -0.1883 1.0853 0.0, -0.1883 1.0853 0.0039, -0.1871 1.0867 0.0, -0.1871 1.0867 0.0039, -0.1857 1.0878 0.0, -0.1857 1.0878 0.0039, -0.1843 1.0884 0.0, -0.1843 1.0884 0.0039, -0.1828 1.0886 0.0, -0.1828 1.0886 0.0039, -0.18 1.0885 0.0, -0.18 1.0885 0.0039, -0.176 1.0875 0.0, -0.176 1.0875 0.0039, -0.1838 1.0484 0.0039, -0.1838 1.0484 0.0, -0.1853 1.0631 0.0, -0.1853 1.0631 0.0039, -0.1838 1.0377 0.0039, -0.1838 1.0377 0.0, -0.1833 1.0235 0.0039, -0.1833 1.0235 0.0, -0.1835 1.0306 0.0, -0.1835 1.0306 0.0039, -0.1838 0.7642 0.0039, -0.1838 0.7642 0.0, -0.1929 0.7393 0.0039, -0.1929 0.7393 0.0, -0.1945 0.7391 0.0, -0.1945 0.7391 0.0039, -0.196 0.7392 0.0, -0.196 0.7392 0.0039, -0.1969 0.7394 0.0, -0.1969 0.7394 0.0039, -0.1971 0.7396 0.0, -0.1971 0.7396 0.0039, -0.1974 0.7398 0.0, -0.1974 0.7398 0.0039, -0.1976 0.74 0.0, -0.1976 0.74 0.0039, -0.1977 0.7405 0.0, -0.1977 0.7405 0.0039, -0.1978 0.741 0.0, -0.1978 0.741 0.0039, -0.1979 0.7422 0.0, -0.1979 0.7422 0.0039, -0.1978 0.7439 0.0, -0.1978 0.7439 0.0039, -0.1973 0.7467 0.0, -0.1973 0.7467 0.0039, -0.1964 0.7486 0.0, -0.1964 0.7486 0.0039, -0.1941 0.7519 0.0, -0.1941 0.7519 0.0039, -0.1902 0.7566 0.0, -0.1902 0.7566 0.0039, -0.1822 0.7409 0.0039, -0.1822 0.7409 0.0, -0.1629 0.7421 0.0039, -0.1629 0.7421 0.0, -0.1725 0.7421 0.0, -0.1725 0.7421 0.0039, -0.1612 0.7421 0.0039, -0.1612 0.7421 0.0, -0.1391 0.7403 0.0039, -0.1391 0.7403 0.0, -0.1501 0.7418 0.0, -0.1501 0.7418 0.0039, -0.117 0.7364 0.0039, -0.117 0.7364 0.0, -0.0791 0.7251 0.0039, -0.0791 0.7251 0.0, -0.0821 0.7269 0.0, -0.0821 0.7269 0.0039, -0.0975 0.7325 0.0, -0.0975 0.7325 0.0039, -0.0756 0.7228 0.0, -0.074 0.7217 0.0039, -0.074 0.7217 0.0, -0.0729 0.7228 0.0, -0.0576 0.7387 0.0039, -0.0576 0.7387 0.0, -0.0604 0.7477 0.0039, -0.0604 0.7477 0.0, -0.059 0.7476 0.0, -0.059 0.7476 0.0039, -0.0579 0.7473 0.0, -0.0579 0.7473 0.0039, -0.0569 0.7467 0.0, -0.0569 0.7467 0.0039, -0.0561 0.746 0.0, -0.0561 0.746 0.0039, -0.0557 0.7453 0.0, -0.0557 0.7453 0.0039, -0.0554 0.7445 0.0, -0.0554 0.7445 0.0039, -0.0553 0.7437 0.0, -0.0553 0.7437 0.0039, -0.0555 0.7429 0.0, -0.0555 0.7429 0.0039, -0.0558 0.7419 0.0, -0.0558 0.7419 0.0039, -0.0565 0.7405 0.0, -0.0565 0.7405 0.0039, -0.0694 0.7489 0.0039, -0.0694 0.7489 0.0, -0.0961 0.7523 0.0039, -0.0961 0.7523 0.0, -0.0827 0.7507 0.0, -0.0827 0.7507 0.0039, -0.1674 0.7642 0.0039, -0.1674 0.7642 0.0, -0.2536 0.7302 0.0039, -0.2536 0.7302 0.0, -0.2621 0.7302 0.0039, -0.2621 0.7302 0.0, -0.2536 0.8814 0.0039, -0.2536 0.8814 0.0, -0.2644 0.8814 0.0039, -0.2644 0.8814 0.0, -0.3142 0.7426 0.0039, -0.3142 0.7426 0.0, -0.3056 0.7445 0.0, -0.3056 0.7445 0.0039, -0.2977 0.748 0.0, -0.2977 0.748 0.0039, -0.2901 0.7538 0.0, -0.2901 0.7538 0.0039, -0.2833 0.762 0.0, -0.2833 0.762 0.0039, -0.2762 0.7759 0.0, -0.2762 0.7759 0.0039, -0.2692 0.8016 0.0, -0.2692 0.8016 0.0039, -0.385 0.9346 0.0039, -0.385 0.9346 0.0, -0.3829 0.8446 0.0, -0.3829 0.8446 0.0039, -0.3778 0.815 0.0, -0.3778 0.815 0.0039, -0.3646 0.7769 0.0, -0.3646 0.7769 0.0039, -0.3548 0.7616 0.0, -0.3548 0.7616 0.0039, -0.3457 0.7527 0.0, -0.3457 0.7527 0.0039, -0.3361 0.7467 0.0, -0.3361 0.7467 0.0039, -0.326 0.7433 0.0, -0.326 0.7433 0.0039, -0.3187 1.0716 0.0039, -0.3187 1.0716 0.0, -0.3266 1.0709 0.0, -0.3266 1.0709 0.0039, -0.3341 1.0686 0.0, -0.3341 1.0686 0.0039, -0.3414 1.0643 0.0, -0.3414 1.0643 0.0039, -0.3495 1.0568 0.0, -0.3495 1.0568 0.0039, -0.3625 1.0386 0.0, -0.3625 1.0386 0.0039, -0.371 1.0155 0.0, -0.371 1.0155 0.0039, -0.2571 0.9804 0.0039, -0.2571 0.9804 0.0, -0.2596 0.9972 0.0, -0.2596 0.9972 0.0039, -0.2677 1.0346 0.0, -0.2677 1.0346 0.0039, -0.2751 1.0493 0.0, -0.2751 1.0493 0.0039, -0.2834 1.0589 0.0, -0.2834 1.0589 0.0039, -0.2936 1.066 0.0, -0.2936 1.066 0.0039, -0.3061 1.0707 0.0, -0.3061 1.0707 0.0039, -0.2542 0.9505 0.0039, -0.2542 0.9505 0.0, -0.2452 0.951 0.0039, -0.2452 0.951 0.0, -0.3109 1.0903 0.0039, -0.3109 1.0903 0.0, -0.3074 1.0897 0.0, -0.2975 1.088 0.0039, -0.2975 1.088 0.0, -0.2839 1.0817 0.0, -0.2839 1.0817 0.0039, -0.273 1.073 0.0, -0.273 1.073 0.0039, -0.2656 1.0635 0.0, -0.2656 1.0635 0.0039, -0.2559 1.0439 0.0, -0.2559 1.0439 0.0039, -0.2495 1.0186 0.0, -0.2495 1.0186 0.0039, -0.3253 1.0898 0.0039, -0.398 0.8468 0.0039, -0.398 0.8468 0.0, -0.3978 0.9609 0.0, -0.3978 0.9609 0.0039, -0.3917 0.9993 0.0, -0.3917 0.9993 0.0039, -0.3758 1.0467 0.0, -0.3758 1.0467 0.0039, -0.3629 1.0679 0.0, -0.3629 1.0679 0.0039, -0.3534 1.0775 0.0, -0.3534 1.0775 0.0039, -0.3403 1.0852 0.0, -0.3403 1.0852 0.0039, -0.3256 1.0897 0.0, -0.3253 1.0898 0.0, -0.3187 0.724 0.0039, -0.3187 0.724 0.0, -0.3267 0.7241 0.0, -0.3267 0.7241 0.0039, -0.3349 0.7257 0.0, -0.3349 0.7257 0.0039, -0.3432 0.7298 0.0, -0.3432 0.7298 0.0039, -0.3608 0.7434 0.0, -0.3608 0.7434 0.0039, -0.3723 0.7584 0.0, -0.3723 0.7584 0.0039, -0.3844 0.7855 0.0, -0.3844 0.7855 0.0039, -0.2712 0.7545 0.0039, -0.2712 0.7545 0.0, -0.2778 0.7457 0.0, -0.2778 0.7457 0.0039, -0.289 0.7355 0.0, -0.289 0.7355 0.0039, -0.3021 0.7283 0.0, -0.3021 0.7283 0.0039, -0.2661 0.7636 0.0039, -0.2661 0.7636 0.0, -0.5424 0.7403 0.0039, -0.5424 0.7403 0.0, -0.5565 0.7228 0.0, -0.5673 0.7092 0.0039, -0.5641 0.7132 0.0, -0.5673 0.7092 0.0, -0.5509 0.7761 0.0039, -0.5509 0.7761 0.0, -0.5507 0.7688 0.0, -0.5507 0.7688 0.0039, -0.5483 0.7528 0.0, -0.5483 0.7528 0.0039, -0.5509 1.0648 0.0039, -0.5509 1.0648 0.0, -0.4666 1.0479 0.0039, -0.4666 1.0479 0.0, -0.4685 1.0487 0.0, -0.4685 1.0487 0.0039, -0.4702 1.0499 0.0, -0.4702 1.0499 0.0039, -0.4754 1.0544 0.0, -0.4754 1.0544 0.0039, -0.4795 1.0564 0.0, -0.4795 1.0564 0.0039, -0.4865 1.058 0.0, -0.4865 1.058 0.0039, -0.5073 1.0612 0.0, -0.5073 1.0612 0.0039, -0.4433 1.0733 0.0039, -0.4433 1.0733 0.0, -0.4436 1.0713 0.0, -0.4436 1.0713 0.0039, -0.444 1.0693 0.0, -0.444 1.0693 0.0039, -0.445 1.0676 0.0, -0.445 1.0676 0.0039, -0.4471 1.0653 0.0, -0.4471 1.0653 0.0039, -0.4533 1.0595 0.0, -0.4533 1.0595 0.0039, -0.5226 1.0835 0.0039, -0.5226 1.0835 0.0, -0.5103 1.0825 0.0, -0.5103 1.0825 0.0039, -0.473 1.0787 0.0, -0.473 1.0787 0.0039, -0.4587 1.0766 0.0, -0.4587 1.0766 0.0039, -0.4487 1.0764 0.0, -0.4487 1.0764 0.0039, -0.4466 1.0761 0.0, -0.4466 1.0761 0.0039, -0.4452 1.0756 0.0, -0.4452 1.0756 0.0039, -0.4444 1.0751 0.0, -0.4444 1.0751 0.0039, -0.444 1.0746 0.0, -0.444 1.0746 0.0039, -0.5463 1.0858 0.0039, -0.5463 1.0858 0.0, -0.5594 1.0869 0.0039, -0.5594 1.0869 0.0, -0.5667 1.0626 0.0039, -0.5667 1.0626 0.0, -0.567 1.0659 0.0, -0.567 1.0659 0.0039, -0.5686 1.0798 0.0, -0.5686 1.0798 0.0039, -0.5686 1.0829 0.0, -0.5686 1.0829 0.0039, -0.5682 1.0844 0.0, -0.5682 1.0844 0.0039, -0.5673 1.086 0.0, -0.5673 1.086 0.0039, -0.5666 1.0869 0.0, -0.5666 1.0869 0.0039, -0.5659 1.0874 0.0, -0.5659 1.0874 0.0039, -0.5651 1.0877 0.0, -0.5651 1.0877 0.0039, -0.5639 1.0879 0.0, -0.5639 1.0879 0.0039, -0.5623 1.0878 0.0, -0.5623 1.0878 0.0039, -0.5656 1.0292 0.0039, -0.5656 1.0292 0.0, -0.5656 0.7743 0.0039, -0.5656 0.7743 0.0, -0.566 0.7467 0.0039, -0.5702 0.7195 0.0039, -0.5702 0.7195 0.0, -0.5697 0.7228 0.0, -0.566 0.7467 0.0, -0.5713 0.7137 0.0039, -0.5713 0.7137 0.0, -0.5708 0.7132 0.0, -0.5708 0.7132 0.0
            ]
        }
        coordIndex [
            0,1,2,-1,2,1,3,-1,4,5,0,-1,0,5,1,-1,6,7,8,-1,6,8,4,-1,4,8,9,-1,4,9,5,-1,10,11,12,-1,10,12,13,-1,12,14,13,-1,13,14,15,-1,13,15,16,-1,15,17,16,-1,16,17,18,-1,16,18,19,-1,19,18,20,-1,19,20,21,-1,21,20,22,-1,21,22,23,-1,23,22,24,-1,23,24,25,-1,25,24,26,-1,25,26,27,-1,27,26,28,-1,27,28,29,-1,29,28,30,-1,29,30,31,-1,31,30,32,-1,31,32,33,-1,33,32,34,-1,33,34,35,-1,35,34,36,-1,35,36,37,-1,37,36,38,-1,37,38,39,-1,39,38,40,-1,39,40,41,-1,41,40,7,-1,41,7,6,-1,42,43,10,-1,10,43,11,-1,44,45,46,-1,44,46,47,-1,47,46,48,-1,47,48,49,-1,49,48,50,-1,49,50,51,-1,51,50,43,-1,51,43,42,-1,52,53,44,-1,44,53,45,-1,54,55,56,-1,54,56,57,-1,57,56,53,-1,57,53,52,-1,55,54,58,-1,58,54,59,-1,58,59,60,-1,61,62,59,-1,59,62,60,-1,63,64,61,-1,61,64,65,-1,61,65,62,-1,66,67,63,-1,63,67,64,-1,68,69,70,-1,68,70,71,-1,71,70,67,-1,71,67,66,-1,72,73,68,-1,68,73,69,-1,74,75,76,-1,74,76,77,-1,77,76,78,-1,77,78,79,-1,79,78,80,-1,79,80,81,-1,81,80,82,-1,81,82,83,-1,83,82,84,-1,83,84,85,-1,85,84,86,-1,85,86,87,-1,87,86,88,-1,87,88,89,-1,89,88,90,-1,89,90,91,-1,91,90,73,-1,91,73,72,-1,92,93,74,-1,74,93,75,-1,93,92,94,-1,94,92,95,-1,94,95,96,-1,96,95,97,-1,98,99,100,-1,98,100,101,-1,101,100,102,-1,101,102,103,-1,103,102,104,-1,103,104,105,-1,105,104,106,-1,105,106,107,-1,107,106,108,-1,107,108,109,-1,109,108,110,-1,109,110,111,-1,111,110,112,-1,111,112,113,-1,113,112,114,-1,113,114,115,-1,115,114,116,-1,115,116,117,-1,117,116,118,-1,117,118,119,-1,119,118,120,-1,119,120,121,-1,121,120,122,-1,121,122,123,-1,123,122,124,-1,123,124,125,-1,125,124,126,-1,125,126,127,-1,127,126,128,-1,127,128,97,-1,97,128,129,-1,97,129,96,-1,98,130,131,-1,131,132,98,-1,98,132,133,-1,98,133,99,-1,134,135,130,-1,130,135,131,-1,134,2,135,-1,135,2,3,-1,136,59,137,-1,137,59,54,-1,6,4,13,-1,134,138,139,-1,89,91,130,-1,130,91,72,-1,139,140,134,-1,134,140,141,-1,134,141,2,-1,2,141,142,-1,57,0,54,-1,54,0,2,-1,54,2,137,-1,137,2,142,-1,72,68,130,-1,130,68,71,-1,130,71,134,-1,134,71,66,-1,134,66,138,-1,138,66,63,-1,138,63,136,-1,136,63,61,-1,136,61,59,-1,0,42,4,-1,4,42,10,-1,4,10,13,-1,127,97,98,-1,98,97,95,-1,98,95,130,-1,130,95,92,-1,92,74,130,-1,130,74,77,-1,130,77,89,-1,89,77,79,-1,89,79,87,-1,57,52,0,-1,0,52,44,-1,0,44,47,-1,16,39,13,-1,13,39,41,-1,13,41,6,-1,47,49,0,-1,0,49,51,-1,0,51,42,-1,81,83,79,-1,79,83,85,-1,79,85,87,-1,103,121,101,-1,101,121,123,-1,101,123,98,-1,98,123,125,-1,98,125,127,-1,103,105,121,-1,121,105,107,-1,121,107,119,-1,19,35,16,-1,16,35,37,-1,16,37,39,-1,19,21,35,-1,35,21,23,-1,35,23,25,-1,31,33,29,-1,29,33,35,-1,29,35,27,-1,27,35,25,-1,111,113,109,-1,109,113,115,-1,109,115,107,-1,107,115,117,-1,107,117,119,-1,137,143,136,-1,136,143,144,-1,140,145,146,-1,140,146,141,-1,141,146,147,-1,141,147,142,-1,142,147,143,-1,142,143,137,-1,139,148,140,-1,140,148,145,-1,138,149,139,-1,139,149,148,-1,144,149,136,-1,136,149,138,-1,150,151,152,-1,152,151,153,-1,154,155,156,-1,154,156,157,-1,157,156,158,-1,157,158,159,-1,159,158,160,-1,159,160,161,-1,161,160,162,-1,161,162,163,-1,163,162,164,-1,163,164,165,-1,165,164,166,-1,165,166,167,-1,167,166,168,-1,167,168,169,-1,169,168,170,-1,169,170,171,-1,171,170,151,-1,171,151,150,-1,172,173,154,-1,154,173,155,-1,174,175,172,-1,172,175,173,-1,176,177,178,-1,176,178,179,-1,179,178,175,-1,179,175,174,-1,180,181,176,-1,176,181,177,-1,182,183,180,-1,180,183,181,-1,184,185,186,-1,184,186,187,-1,187,186,183,-1,187,183,182,-1,188,189,190,-1,188,190,191,-1,191,190,192,-1,191,192,193,-1,193,192,194,-1,193,194,195,-1,195,194,196,-1,195,196,197,-1,197,196,198,-1,197,198,199,-1,199,198,200,-1,199,200,201,-1,201,200,202,-1,201,202,203,-1,203,202,185,-1,203,185,184,-1,204,205,206,-1,204,206,207,-1,207,206,208,-1,207,208,209,-1,209,208,210,-1,209,210,211,-1,211,210,212,-1,211,212,213,-1,213,212,214,-1,213,214,215,-1,215,214,216,-1,215,216,217,-1,217,216,189,-1,217,189,188,-1,218,219,204,-1,204,219,205,-1,219,218,220,-1,221,222,223,-1,221,223,224,-1,224,223,225,-1,224,225,226,-1,226,225,227,-1,226,227,220,-1,220,227,228,-1,220,228,219,-1,229,230,231,-1,229,231,232,-1,232,231,233,-1,232,233,234,-1,234,233,235,-1,234,235,236,-1,235,237,236,-1,236,237,238,-1,236,238,239,-1,239,238,222,-1,239,222,221,-1,240,241,229,-1,229,241,230,-1,242,243,244,-1,242,244,245,-1,245,244,246,-1,245,246,247,-1,247,246,248,-1,247,248,249,-1,249,248,250,-1,249,250,251,-1,251,250,252,-1,251,252,253,-1,253,252,254,-1,253,254,255,-1,255,254,256,-1,255,256,257,-1,257,256,258,-1,257,258,259,-1,259,258,260,-1,259,260,261,-1,261,260,262,-1,261,262,263,-1,263,262,264,-1,263,264,265,-1,265,264,266,-1,265,266,267,-1,267,266,268,-1,267,268,269,-1,269,268,241,-1,269,241,240,-1,270,271,242,-1,242,271,243,-1,272,273,270,-1,270,273,271,-1,274,275,272,-1,272,275,273,-1,152,153,276,-1,152,276,277,-1,277,276,275,-1,277,275,274,-1,265,267,242,-1,174,172,278,-1,172,154,150,-1,150,154,157,-1,150,157,171,-1,150,152,172,-1,172,152,277,-1,172,277,278,-1,278,277,274,-1,278,274,279,-1,280,281,232,-1,232,281,282,-1,232,282,283,-1,267,269,242,-1,242,269,240,-1,242,240,270,-1,270,240,229,-1,270,229,272,-1,272,229,232,-1,232,234,280,-1,280,234,220,-1,280,220,284,-1,274,272,279,-1,279,272,232,-1,279,232,285,-1,285,232,283,-1,286,287,182,-1,182,287,187,-1,187,287,288,-1,187,288,184,-1,249,251,253,-1,182,180,286,-1,286,180,176,-1,286,176,278,-1,278,176,179,-1,278,179,174,-1,184,288,203,-1,203,288,289,-1,203,289,201,-1,242,257,259,-1,159,167,157,-1,157,167,169,-1,157,169,171,-1,159,161,167,-1,167,161,163,-1,167,163,165,-1,290,291,215,-1,257,242,255,-1,255,242,245,-1,255,245,253,-1,253,245,247,-1,253,247,249,-1,259,261,242,-1,242,261,263,-1,242,263,265,-1,239,221,236,-1,236,221,224,-1,236,224,234,-1,234,224,226,-1,234,226,220,-1,215,291,213,-1,220,218,284,-1,284,218,204,-1,284,204,207,-1,291,292,213,-1,213,292,293,-1,213,293,211,-1,211,293,284,-1,211,284,209,-1,209,284,207,-1,201,289,199,-1,199,289,294,-1,199,294,197,-1,197,294,295,-1,197,295,195,-1,195,295,296,-1,195,296,193,-1,296,297,193,-1,193,297,298,-1,193,298,191,-1,191,298,299,-1,191,299,188,-1,188,299,290,-1,188,290,217,-1,217,290,215,-1,282,300,283,-1,283,300,301,-1,299,302,303,-1,299,303,290,-1,290,303,304,-1,290,304,291,-1,291,304,305,-1,291,305,292,-1,292,305,306,-1,292,306,293,-1,293,306,307,-1,293,307,284,-1,284,307,308,-1,284,308,280,-1,280,308,309,-1,280,309,281,-1,281,309,300,-1,281,300,282,-1,288,310,311,-1,288,311,289,-1,289,311,312,-1,289,312,294,-1,294,312,313,-1,294,313,295,-1,295,313,314,-1,295,314,296,-1,296,314,315,-1,296,315,297,-1,297,315,316,-1,297,316,298,-1,298,316,302,-1,298,302,299,-1,286,317,318,-1,286,318,287,-1,287,318,310,-1,287,310,288,-1,278,319,286,-1,286,319,317,-1,279,320,278,-1,278,320,319,-1,283,301,321,-1,283,321,285,-1,285,321,320,-1,285,320,279,-1,322,323,324,-1,324,323,325,-1,326,327,328,-1,326,328,329,-1,329,328,330,-1,329,330,331,-1,331,330,323,-1,331,323,322,-1,332,333,326,-1,326,333,327,-1,334,335,332,-1,332,335,333,-1,336,337,338,-1,336,338,339,-1,339,338,340,-1,339,340,341,-1,341,340,342,-1,341,342,343,-1,343,342,344,-1,343,344,345,-1,345,344,346,-1,345,346,347,-1,347,346,348,-1,347,348,349,-1,349,348,350,-1,349,350,351,-1,351,350,352,-1,351,352,353,-1,353,352,354,-1,353,354,355,-1,355,354,356,-1,355,356,357,-1,357,356,335,-1,357,335,334,-1,358,359,336,-1,336,359,337,-1,360,361,358,-1,358,361,359,-1,362,363,360,-1,360,363,361,-1,364,365,366,-1,364,366,367,-1,367,366,363,-1,367,363,362,-1,368,369,364,-1,364,369,365,-1,370,371,368,-1,368,371,369,-1,372,373,374,-1,372,374,375,-1,375,374,376,-1,375,376,377,-1,377,376,378,-1,377,378,379,-1,379,378,380,-1,379,380,381,-1,381,380,382,-1,381,382,383,-1,383,382,384,-1,383,384,385,-1,385,384,386,-1,385,386,387,-1,387,386,388,-1,387,388,389,-1,389,388,390,-1,389,390,391,-1,391,390,392,-1,391,392,393,-1,393,392,394,-1,393,394,395,-1,395,394,371,-1,395,371,370,-1,396,397,372,-1,372,397,373,-1,398,399,400,-1,398,400,401,-1,401,400,397,-1,401,397,396,-1,402,403,398,-1,398,403,399,-1,404,405,406,-1,404,406,407,-1,407,406,408,-1,407,408,409,-1,409,408,410,-1,409,410,411,-1,411,410,412,-1,411,412,413,-1,413,412,414,-1,413,414,415,-1,415,414,416,-1,415,416,417,-1,417,416,418,-1,417,418,419,-1,419,418,420,-1,419,420,421,-1,421,420,422,-1,421,422,423,-1,423,422,424,-1,423,424,425,-1,425,424,403,-1,425,403,402,-1,426,427,428,-1,426,428,429,-1,429,428,405,-1,429,405,404,-1,430,431,426,-1,426,431,427,-1,432,433,434,-1,432,434,435,-1,435,434,431,-1,435,431,430,-1,436,437,432,-1,432,437,433,-1,438,439,440,-1,438,440,441,-1,441,440,442,-1,441,442,443,-1,443,442,444,-1,443,444,445,-1,445,444,446,-1,445,446,447,-1,447,446,448,-1,447,448,449,-1,449,448,450,-1,449,450,451,-1,451,450,452,-1,451,452,453,-1,453,452,454,-1,453,454,455,-1,455,454,456,-1,455,456,457,-1,457,456,458,-1,457,458,459,-1,459,458,460,-1,459,460,461,-1,461,460,462,-1,461,462,463,-1,463,462,464,-1,463,464,465,-1,465,464,466,-1,465,466,467,-1,467,466,437,-1,467,437,436,-1,468,469,438,-1,438,469,439,-1,470,471,472,-1,470,472,473,-1,473,472,469,-1,473,469,468,-1,474,475,470,-1,470,475,471,-1,476,477,478,-1,476,478,479,-1,479,478,475,-1,479,475,474,-1,480,481,476,-1,476,481,477,-1,482,483,484,-1,482,484,485,-1,485,484,486,-1,485,486,487,-1,487,486,481,-1,487,481,480,-1,483,482,488,-1,488,482,489,-1,488,489,490,-1,490,489,491,-1,491,489,492,-1,491,492,493,-1,494,495,496,-1,494,496,497,-1,497,496,498,-1,497,498,499,-1,499,498,500,-1,499,500,501,-1,501,500,502,-1,501,502,503,-1,503,502,504,-1,503,504,505,-1,505,504,506,-1,505,506,507,-1,507,506,508,-1,507,508,509,-1,509,508,510,-1,509,510,511,-1,511,510,512,-1,511,512,513,-1,513,512,514,-1,513,514,515,-1,515,514,493,-1,515,493,492,-1,516,517,494,-1,494,517,495,-1,518,519,520,-1,518,520,521,-1,521,520,517,-1,521,517,516,-1,522,523,518,-1,518,523,519,-1,522,324,523,-1,523,324,325,-1,423,425,360,-1,364,367,396,-1,396,367,362,-1,326,329,336,-1,425,402,360,-1,360,402,398,-1,360,398,362,-1,362,398,401,-1,362,401,396,-1,432,435,360,-1,435,430,360,-1,360,430,426,-1,360,426,429,-1,429,404,360,-1,360,404,407,-1,360,407,409,-1,324,358,322,-1,322,358,336,-1,322,336,331,-1,331,336,329,-1,364,396,368,-1,368,396,372,-1,368,372,370,-1,370,372,375,-1,370,375,377,-1,360,415,417,-1,465,467,522,-1,522,467,436,-1,522,436,324,-1,324,436,432,-1,324,432,358,-1,358,432,360,-1,409,411,360,-1,360,411,413,-1,360,413,415,-1,353,355,339,-1,339,355,336,-1,332,326,334,-1,334,326,336,-1,334,336,357,-1,357,336,355,-1,453,455,522,-1,522,455,457,-1,522,457,459,-1,377,379,370,-1,370,379,381,-1,370,381,383,-1,417,419,360,-1,360,419,421,-1,360,421,423,-1,509,511,497,-1,497,511,513,-1,497,513,494,-1,494,513,515,-1,494,515,492,-1,479,474,522,-1,522,474,470,-1,522,470,473,-1,473,468,522,-1,522,468,438,-1,522,438,441,-1,393,387,391,-1,391,387,389,-1,383,385,370,-1,370,385,387,-1,370,387,395,-1,395,387,393,-1,447,449,522,-1,522,449,451,-1,522,451,453,-1,459,461,522,-1,522,461,463,-1,522,463,465,-1,492,489,494,-1,494,489,482,-1,494,482,516,-1,516,482,485,-1,516,485,521,-1,521,485,487,-1,521,487,518,-1,518,487,480,-1,518,480,522,-1,522,480,476,-1,522,476,479,-1,441,443,522,-1,522,443,445,-1,522,445,447,-1,347,349,339,-1,339,349,351,-1,339,351,353,-1,503,497,501,-1,501,497,499,-1,503,505,497,-1,497,505,507,-1,497,507,509,-1,341,343,339,-1,339,343,345,-1,339,345,347,-1,524,525,526,-1,526,525,527,-1,528,529,524,-1,524,529,525,-1,530,531,528,-1,528,531,529,-1,532,533,534,-1,532,534,535,-1,535,534,536,-1,535,536,537,-1,537,536,538,-1,537,538,539,-1,539,538,540,-1,539,540,541,-1,541,540,542,-1,541,542,543,-1,543,542,544,-1,543,544,545,-1,545,544,531,-1,545,531,530,-1,546,547,548,-1,546,548,549,-1,549,548,550,-1,549,550,551,-1,551,550,552,-1,551,552,553,-1,553,552,554,-1,553,554,555,-1,555,554,556,-1,555,556,557,-1,557,556,558,-1,557,558,559,-1,559,558,560,-1,559,560,561,-1,561,560,533,-1,561,533,532,-1,562,563,564,-1,562,564,565,-1,565,564,566,-1,565,566,567,-1,567,566,568,-1,567,568,569,-1,569,568,570,-1,569,570,571,-1,571,570,572,-1,571,572,573,-1,573,572,574,-1,573,574,575,-1,575,574,547,-1,575,547,546,-1,576,577,578,-1,576,578,579,-1,579,578,580,-1,579,580,581,-1,581,580,582,-1,581,582,583,-1,583,582,584,-1,583,584,585,-1,585,584,586,-1,585,586,587,-1,587,586,588,-1,587,588,589,-1,589,588,563,-1,589,563,562,-1,590,591,576,-1,576,591,577,-1,592,593,590,-1,590,593,591,-1,594,595,596,-1,594,596,597,-1,596,598,597,-1,597,598,599,-1,597,599,600,-1,600,599,601,-1,600,601,602,-1,602,601,603,-1,602,603,604,-1,604,603,605,-1,604,605,606,-1,606,605,607,-1,606,607,608,-1,608,607,593,-1,608,593,592,-1,595,594,609,-1,610,611,612,-1,610,612,613,-1,613,612,614,-1,613,614,615,-1,615,614,616,-1,615,616,617,-1,617,616,618,-1,617,618,619,-1,619,618,620,-1,619,620,621,-1,621,620,622,-1,621,622,623,-1,623,622,624,-1,623,624,609,-1,609,624,625,-1,609,625,595,-1,626,627,628,-1,626,628,629,-1,629,628,630,-1,629,630,631,-1,631,630,632,-1,631,632,633,-1,633,632,634,-1,633,634,635,-1,635,634,636,-1,635,636,637,-1,637,636,638,-1,637,638,639,-1,639,638,611,-1,639,611,610,-1,640,641,642,-1,640,642,643,-1,643,642,644,-1,643,644,645,-1,645,644,646,-1,645,646,647,-1,647,646,627,-1,647,627,626,-1,648,649,640,-1,640,649,641,-1,648,526,649,-1,649,526,527,-1,528,524,648,-1,648,524,526,-1,640,537,648,-1,648,537,539,-1,648,539,541,-1,530,528,545,-1,545,528,648,-1,545,648,543,-1,543,648,541,-1,640,643,537,-1,537,643,645,-1,537,645,535,-1,535,645,647,-1,535,647,532,-1,532,647,626,-1,532,626,561,-1,626,629,561,-1,561,629,631,-1,561,631,559,-1,559,631,633,-1,559,633,557,-1,557,633,635,-1,557,635,555,-1,555,635,637,-1,555,637,553,-1,553,637,551,-1,551,637,639,-1,551,639,549,-1,549,639,610,-1,549,610,546,-1,546,610,613,-1,546,613,575,-1,575,613,615,-1,575,615,573,-1,573,615,617,-1,573,617,571,-1,571,617,619,-1,571,619,569,-1,569,619,621,-1,569,621,567,-1,567,621,623,-1,567,623,565,-1,565,623,609,-1,565,609,562,-1,562,609,594,-1,562,594,589,-1,589,594,597,-1,589,597,587,-1,587,597,600,-1,587,600,585,-1,585,600,602,-1,585,602,583,-1,583,602,604,-1,583,604,581,-1,581,604,606,-1,581,606,579,-1,579,606,608,-1,579,608,576,-1,576,608,592,-1,576,592,590,-1,650,651,652,-1,650,652,653,-1,653,652,654,-1,653,654,655,-1,656,657,658,-1,656,658,659,-1,659,658,660,-1,659,660,661,-1,661,660,651,-1,661,651,650,-1,662,663,656,-1,656,663,657,-1,664,665,666,-1,664,666,667,-1,667,666,668,-1,667,668,669,-1,669,668,670,-1,669,670,671,-1,671,670,672,-1,671,672,673,-1,673,672,674,-1,673,674,675,-1,675,674,676,-1,675,676,677,-1,677,676,663,-1,677,663,662,-1,678,679,680,-1,678,680,681,-1,681,680,682,-1,681,682,683,-1,683,682,684,-1,683,684,685,-1,685,684,686,-1,685,686,687,-1,687,686,688,-1,687,688,689,-1,689,688,665,-1,689,665,664,-1,690,691,692,-1,690,692,693,-1,693,692,694,-1,693,694,695,-1,695,694,696,-1,695,696,697,-1,697,696,698,-1,697,698,699,-1,699,698,700,-1,699,700,701,-1,701,700,702,-1,701,702,703,-1,703,702,704,-1,703,704,705,-1,705,704,706,-1,705,706,707,-1,707,706,679,-1,707,679,678,-1,708,709,690,-1,690,709,691,-1,710,711,708,-1,708,711,709,-1,712,713,714,-1,712,714,715,-1,715,714,716,-1,715,716,717,-1,717,716,718,-1,717,718,719,-1,719,718,720,-1,719,720,721,-1,721,720,722,-1,721,722,723,-1,723,722,724,-1,723,724,725,-1,725,724,726,-1,725,726,727,-1,727,726,728,-1,727,728,729,-1,729,728,730,-1,729,730,731,-1,731,730,732,-1,731,732,733,-1,733,732,711,-1,733,711,710,-1,734,735,712,-1,712,735,713,-1,736,737,734,-1,734,737,735,-1,737,736,738,-1,739,740,741,-1,739,741,738,-1,738,741,742,-1,738,742,737,-1,743,744,739,-1,739,744,740,-1,744,743,745,-1,745,743,653,-1,745,653,655,-1,667,669,697,-1,697,669,671,-1,697,671,695,-1,664,667,689,-1,689,667,697,-1,689,697,687,-1,687,697,699,-1,687,699,685,-1,736,734,662,-1,662,734,712,-1,662,712,715,-1,671,673,695,-1,695,673,675,-1,695,675,693,-1,693,675,677,-1,653,743,650,-1,650,743,739,-1,650,739,661,-1,661,739,738,-1,661,738,659,-1,659,738,736,-1,659,736,656,-1,656,736,662,-1,715,717,662,-1,662,717,719,-1,662,719,721,-1,681,701,703,-1,701,681,699,-1,699,681,683,-1,699,683,685,-1,721,723,662,-1,662,723,725,-1,662,725,727,-1,727,729,662,-1,662,729,731,-1,662,731,733,-1,733,710,662,-1,662,710,708,-1,662,708,677,-1,677,708,690,-1,677,690,693,-1,703,705,681,-1,681,705,707,-1,681,707,678,-1,148,149,144,-1,144,143,147,-1,147,146,144,-1,144,146,145,-1,144,145,148,-1,319,320,317,-1,317,320,321,-1,321,301,317,-1,317,301,300,-1,317,300,309,-1,310,318,302,-1,302,318,317,-1,302,317,303,-1,310,302,311,-1,311,302,316,-1,311,316,315,-1,309,308,317,-1,317,308,307,-1,317,307,306,-1,315,314,311,-1,311,314,313,-1,311,313,312,-1,306,305,317,-1,317,305,304,-1,317,304,303,-1,
        ]
    }
}
Shape{
    appearance Appearance {
        material  Material 	{
            diffuseColor 0.6470588235294118 0.6196078431372549 0.5882352941176471
            specularColor 0.45098039215686275 0.43529411764705883 0.4117647058823529
            ambientIntensity 0.2
            transparency 0
            shininess 0.5
        }
    }
    geometry IndexedFaceSet {
        ccw TRUE
        solid FALSE
        coord DEF co Coordinate {
            point [
                -1.4609 -0.0197 3.5433, -2.4761 -0.0197 3.5433, -2.4635 -0.0558 3.5433, -1.4735 -0.0558 3.5433, -2.4233 -0.1373 3.5433, -2.3698 -0.2107 3.5433, -1.9685 -0.3937 3.5433, -1.878 -0.3859 3.5433, -2.059 -0.3859 3.5433, -1.7901 -0.3629 3.5433, -1.7075 -0.3252 3.5433, -1.6324 -0.274 3.5433, -1.5672 -0.2107 3.5433, -1.5137 -0.1373 3.5433, -2.1469 -0.3629 3.5433, -2.3046 -0.274 3.5433, -2.2295 -0.3252 3.5433, -2.566 -0.2745 3.3465, -2.5184 -0.3398 3.3465, -2.5134 -0.3354 3.3974, -2.4501 -0.406 3.3465, -2.4291 -0.4265 3.3465, -2.4248 -0.4213 3.3974, -2.3063 -0.5057 3.3465, -2.213 -0.5483 3.3465, -2.2107 -0.542 3.3974, -1.7949 -0.5669 3.3465, -1.724 -0.5483 3.3465, -1.7263 -0.542 3.3974, -1.6307 -0.5057 3.3465, -1.6108 -0.4966 3.3465, -1.6141 -0.4908 3.3974, -1.4869 -0.406 3.3465, -1.4186 -0.3398 3.3465, -1.4237 -0.3354 3.3974, -1.418 -0.0197 3.539, -1.4261 -0.0744 3.5366, -1.3819 -0.0917 3.5169, -1.3903 -0.0197 3.5313, -1.4079 -0.0197 3.5362, -1.3173 -0.0197 3.485, -1.3283 -0.0197 3.4962, -1.3439 -0.1065 3.4857, -1.3521 -0.0197 3.5131, -1.3589 -0.0197 3.5164, -1.2992 -0.0197 3.4664, -1.3148 -0.1179 3.4449, -1.284 -0.0197 3.4442, -1.267 -0.0197 3.4065, -1.2964 -0.1251 3.3974, -1.2646 -0.0197 3.3973, -1.2902 -0.1275 3.3465, -1.288 -0.1203 3.3465, -1.2607 -0.0197 3.3821, -1.2574 -0.0197 3.3465, -2.6468 -0.1275 3.3465, -2.6406 -0.1251 3.3974, -2.649 -0.1203 3.3465, -2.6758 -0.0197 3.3844, -2.6796 -0.0197 3.3465, -2.6222 -0.1179 3.4449, -2.6651 -0.0197 3.4197, -2.672 -0.0197 3.3972, -2.6301 -0.0197 3.4756, -2.6454 -0.0197 3.4561, -2.6517 -0.0197 3.4444, -2.6198 -0.0197 3.485, -2.5931 -0.1065 3.4857, -2.599 -0.0197 3.5038, -2.5551 -0.0917 3.5169, -2.5786 -0.0197 3.5169, -2.5394 -0.0197 3.5337, -2.5109 -0.0744 3.5366, -2.5291 -0.0197 3.5363, -2.5154 -0.0197 3.5397, -1.4701 -0.1636 3.5366, -1.5287 -0.2441 3.5366, -1.4295 -0.1882 3.5169, -1.4929 -0.2752 3.5169, -1.3946 -0.2093 3.4857, -1.4621 -0.302 3.4857, -1.3679 -0.2255 3.4449, -1.4385 -0.3225 3.4449, -1.351 -0.2357 3.3974, -2.0677 -0.4361 3.5366, -2.164 -0.4109 3.5366, -2.0758 -0.4829 3.5169, -2.1799 -0.4556 3.5169, -2.0827 -0.5231 3.4857, -2.1936 -0.494 3.4857, -2.0881 -0.5539 3.4449, -2.2041 -0.5235 3.4449, -2.0914 -0.5733 3.3974, -1.3453 -0.2392 3.3465, -1.3711 -0.2745 3.3465, -1.508 -0.4265 3.3465, -1.5122 -0.4213 3.3974, -1.5246 -0.406 3.4449, -1.5444 -0.3818 3.4857, -1.5702 -0.3502 3.5169, -1.6002 -0.3134 3.5366, -1.6824 -0.3696 3.5366, -1.6591 -0.4109 3.5169, -1.6391 -0.4464 3.4857, -1.6237 -0.4737 3.4449, -1.7329 -0.5235 3.4449, -1.7434 -0.494 3.4857, -1.7571 -0.4556 3.5169, -1.773 -0.4109 3.5366, -1.8445 -0.5799 3.3465, -1.8456 -0.5733 3.3974, -1.849 -0.5539 3.4449, -1.8543 -0.5231 3.4857, -1.8612 -0.4829 3.5169, -1.8693 -0.4361 3.5366, -1.9685 -0.4446 3.5366, -1.9685 -0.4921 3.5169, -1.9685 -0.5329 3.4857, -1.9685 -0.5642 3.4449, -1.9685 -0.5838 3.3974, -1.9685 -0.5906 3.3465, -2.0925 -0.5799 3.3465, -2.1422 -0.5669 3.3465, -2.3262 -0.4966 3.3465, -2.3229 -0.4908 3.3974, -2.3133 -0.4737 3.4449, -2.2979 -0.4464 3.4857, -2.2779 -0.4109 3.5169, -2.2546 -0.3696 3.5366, -2.3368 -0.3134 3.5366, -2.3668 -0.3502 3.5169, -2.3926 -0.3818 3.4857, -2.4124 -0.406 3.4449, -2.4985 -0.3225 3.4449, -2.4749 -0.302 3.4857, -2.4441 -0.2752 3.5169, -2.4083 -0.2441 3.5366, -2.5917 -0.2392 3.3465, -2.586 -0.2357 3.3974, -2.5692 -0.2255 3.4449, -2.5424 -0.2093 3.4857, -2.5075 -0.1882 3.5169, -2.4669 -0.1636 3.5366, -2.2845 0.4621 1.9978, -2.2887 0.4579 2.9528, -2.2217 0.5131 1.9941, -2.1949 0.5299 2.9528, -2.1949 0.5299 1.9908, -2.125 0.5626 1.9811, -2.0857 0.5751 2.9528, -2.0857 0.5751 1.9762, -2.0275 0.5867 1.971, -1.9685 0.5906 2.9528, -1.9685 0.5906 1.9691, -1.9091 0.5866 1.971, -1.8513 0.5751 2.9528, -1.8513 0.5751 1.9762, -1.812 0.5626 1.9811, -1.7421 0.5299 2.9528, -1.7421 0.5299 1.9908, -1.6484 -0.1824 2.9528, -1.5764 -0.0886 1.9858, -1.5764 -0.0886 2.9528, -1.5312 0.0206 1.9882, -1.5312 0.0206 2.9528, -1.5157 0.1378 1.9907, -1.5157 0.1378 2.9528, -1.5312 0.255 1.9933, -1.5312 0.255 2.9528, -1.5764 0.3642 1.9956, -1.5764 0.3642 2.9528, -1.6484 0.4579 1.9977, -1.6484 0.4579 2.9528, -1.6525 0.4621 1.9978, -1.7153 0.5131 1.9941, -1.7421 -0.2543 2.9528, -1.6929 -0.2214 1.9829, -1.6484 -0.1824 1.9838, -1.8513 -0.2995 2.9528, -1.7952 -0.2805 1.9816, -1.7421 -0.2543 1.9822, -1.9685 -0.315 2.9528, -1.9094 -0.3111 1.981, -1.8513 -0.2995 1.9812, -2.0857 -0.2995 2.9528, -2.0276 -0.3111 1.981, -1.9685 -0.315 1.9809, -2.1949 -0.2543 2.9528, -2.1418 -0.2805 1.9816, -2.0857 -0.2995 1.9812, -2.2887 0.4579 1.9977, -2.3606 0.3642 1.9956, -2.3606 0.3642 2.9528, -2.4058 0.255 1.9933, -2.4058 0.255 2.9528, -2.4213 0.1378 1.9907, -2.4213 0.1378 2.9528, -2.4058 0.0206 1.9882, -2.4058 0.0206 2.9528, -2.3606 -0.0886 1.9858, -2.3606 -0.0886 2.9528, -2.2887 -0.1824 1.9838, -2.2887 -0.1824 2.9528, -2.2441 -0.2214 1.9829, -2.1949 -0.2543 1.9822, -2.4635 0.3314 3.5433, -2.4761 0.2953 3.5433, -1.4735 0.3314 3.5433, -1.4609 0.2953 3.5433, -1.5137 0.4129 3.5433, -1.5672 0.4863 3.5433, -1.6324 0.5495 3.5433, -1.878 0.6615 3.5433, -1.9685 0.6693 3.5433, -2.2295 0.6008 3.5433, -2.059 0.6615 3.5433, -2.1469 0.6385 3.5433, -1.7901 0.6385 3.5433, -2.3046 0.5495 3.5433, -2.3698 0.4863 3.5433, -1.7075 0.6008 3.5433, -2.4233 0.4129 3.5433, -2.6915 0.05 2.9528, -2.6915 0.05 3.2283, -2.6915 0.2256 3.2283, -1.2455 0.2256 2.9528, -1.2455 0.2256 3.2283, -1.2455 0.05 3.2283, -1.2574 -0.0197 3.2283, -1.2875 -0.1205 2.9528, -1.2455 0.05 2.9528, -1.2574 0.2953 3.2283, -1.2875 0.3961 2.9528, -1.2574 0.2953 3.3465, -2.6796 0.2953 3.3465, -2.649 0.3959 3.3465, -2.6796 0.2953 3.2283, -2.6495 0.3961 2.9528, -2.6915 0.2256 2.9528, -2.6796 -0.0197 3.2283, -2.6495 -0.1205 2.9528, -2.1428 -0.5694 2.9528, -1.9685 -0.5906 2.9528, -2.307 -0.5071 2.9528, -2.4515 -0.4074 2.9528, -2.5679 -0.276 2.9528, -2.6468 0.4031 3.3465, -2.5917 0.5147 3.3465, -2.5679 0.5515 2.9528, -2.4501 0.6816 3.3465, -2.4515 0.683 2.9528, -2.5184 0.6154 3.3465, -2.566 0.5501 3.3465, -2.4291 0.702 3.3465, -2.3262 0.7722 3.3465, -2.307 0.7827 2.9528, -2.3063 0.7813 3.3465, -2.213 0.8239 3.3465, -2.1428 0.845 2.9528, -2.1422 0.8425 3.3465, -2.0925 0.8555 3.3465, -1.9685 0.8661 2.9528, -1.9685 0.8661 3.3465, -1.8445 0.8555 3.3465, -1.7942 0.845 2.9528, -1.6307 0.7813 3.3465, -1.63 0.7827 2.9528, -1.724 0.8239 3.3465, -1.7949 0.8425 3.3465, -1.6108 0.7722 3.3465, -1.508 0.702 3.3465, -1.4855 0.683 2.9528, -1.3711 0.5501 3.3465, -1.3691 0.5515 2.9528, -1.4186 0.6154 3.3465, -1.4869 0.6816 3.3465, -1.3453 0.5147 3.3465, -1.2902 0.4031 3.3465, -1.288 0.3959 3.3465, -1.3691 -0.276 2.9528, -1.4855 -0.4074 2.9528, -1.63 -0.5071 2.9528, -1.7942 -0.5694 2.9528, -2.2827 0.4638 1.919, -2.4606 0.4638 1.919, -2.2799 0.4662 1.9189, -2.4606 0.5002 1.9164, -2.2398 0.5002 1.9164, -2.1886 0.5331 1.9078, -2.4606 0.5356 1.9071, -2.1847 0.5356 1.9071, -2.4606 0.5686 1.8914, -2.1076 0.5686 1.8914, -2.4606 0.5715 1.8898, -2.0986 0.5715 1.8898, -2.4606 0.6102 1.8667, -2.4606 0.7154 1.8042, -1.4764 0.6102 1.8667, -1.4764 0.7154 1.8042, -1.5852 0.3787 1.9172, -1.6543 0.4638 1.919, -1.4764 0.4638 1.919, -1.4764 -0.883 1.8898, -1.9119 -0.3114 1.9022, -1.8022 -0.2833 1.9028, -2.0251 -0.3114 1.9022, -2.4606 -0.883 1.8898, -2.1349 -0.2833 1.9028, -2.3777 -0.0559 1.9077, -2.3168 -0.1514 1.9057, -2.2342 -0.2288 1.904, -1.7028 -0.2288 1.904, -1.6202 -0.1514 1.9057, -1.5593 -0.0559 1.9077, -2.3518 0.3787 1.9172, -1.524 0.0517 1.9101, -1.5165 0.1647 1.9125, -1.5374 0.2761 1.915, -2.3996 0.2761 1.915, -2.4205 0.1647 1.9125, -2.413 0.0517 1.9101, -1.4764 -0.9646 1.888, -1.4764 -1.0575 1.886, -2.4606 -0.9646 1.888, -2.4606 -1.0575 1.886, -2.4606 -1.0592 1.9647, -1.4764 -1.0592 1.9647, -2.4606 -0.8838 1.9685, -1.4764 -0.8838 1.9685, -1.4764 0.4621 1.9978, -2.4606 0.4621 1.9978, -1.4764 -0.1886 1.9836, -2.4606 -0.1886 1.9836, -1.5509 -0.2798 1.9816, -1.609 -0.3307 1.9805, -1.6732 -0.3736 1.9796, -1.7425 -0.4078 1.9789, -1.8157 -0.4326 1.9783, -1.8914 -0.4477 1.978, -1.9685 -0.4528 1.9779, -2.0456 -0.4477 1.978, -2.1214 -0.4326 1.9783, -2.1945 -0.4078 1.9789, -2.2638 -0.3736 1.9796, -2.328 -0.3307 1.9805, -2.3861 -0.2798 1.9816, -2.3787 0.5626 1.9811, -2.3857 0.555 1.9831, -2.4244 0.5131 1.9941, -2.4606 0.4642 1.9978, -1.4764 0.6089 1.9591, -2.4606 0.6089 1.9591, -2.3462 0.5917 1.9685, -2.4606 0.5917 1.9685, -1.5908 0.5917 1.9685, -1.5587 0.5625 1.9807, -1.4764 0.5917 1.9685, -1.5509 0.5554 1.9836, -1.5126 0.5131 1.9941, -1.4764 0.4642 1.9978, -2.4606 0.4642 1.9685, -2.4606 -0.9646 1.8898, -2.4606 -0.1886 1.9685, -2.4606 0.7557 1.8718, -2.4606 0.6102 1.8898, -2.4606 0.4282 0.9521, -2.4606 0.4225 0.8736, -2.4606 -1.1404 1.0662, -2.4606 -1.1461 0.9876, -2.4606 -1.1864 1.0751, -2.4606 -1.2104 1.0001, -2.4606 -1.2289 1.0946, -2.4606 -1.27 1.0274, -2.4606 -1.2656 1.1236, -2.4606 -1.3214 1.068, -2.4606 -1.2945 1.1604, -2.4606 -1.3618 1.1196, -2.4606 -1.3138 1.203, -2.4606 -1.3888 1.1792, -2.4606 -1.3225 1.249, -2.4606 -1.4011 1.2435, -2.4606 -1.3202 1.2957, -2.4606 -1.3978 1.3089, -2.4606 -1.2473 1.7223, -2.4606 -1.3249 1.7356, -2.4606 -1.2346 1.7657, -2.4606 -1.3072 1.7963, -2.4606 -1.2124 1.805, -2.4606 -1.2761 1.8513, -2.4606 -1.1818 1.8382, -2.4606 -1.2332 1.8979, -2.4606 -1.1444 1.8636, -2.4606 -1.1809 1.9334, -2.4606 -1.1023 1.8798, -2.4606 -1.1219 1.9561, -1.4764 0.6102 1.8898, -1.4764 0.7557 1.8718, -1.4764 0.4642 1.9685, -1.4764 0.5715 1.8898, -1.4764 0.5686 1.8914, -1.4764 0.5356 1.9071, -1.4764 0.5002 1.9164, -1.4764 -0.9646 1.8898, -1.4764 -0.1886 1.9685, -1.4764 -1.1023 1.8798, -1.4764 -1.1219 1.9561, -1.4764 -1.1444 1.8636, -1.4764 -1.1809 1.9334, -1.4764 -1.1818 1.8382, -1.4764 -1.2332 1.8979, -1.4764 -1.2124 1.805, -1.4764 -1.2761 1.8513, -1.4764 -1.2346 1.7657, -1.4764 -1.3072 1.7963, -1.4764 -1.2473 1.7223, -1.4764 -1.3249 1.7356, -1.4764 -1.3202 1.2957, -1.4764 -1.3978 1.3089, -1.4764 -1.3225 1.249, -1.4764 -1.4011 1.2435, -1.4764 -1.3138 1.203, -1.4764 -1.3888 1.1792, -1.4764 -1.2945 1.1604, -1.4764 -1.3618 1.1196, -1.4764 -1.2656 1.1236, -1.4764 -1.3214 1.068, -1.4764 -1.2289 1.0946, -1.4764 -1.27 1.0274, -1.4764 -1.1864 1.0751, -1.4764 -1.2104 1.0001, -1.4764 -1.1404 1.0662, -1.4764 -1.1461 0.9876, -1.4764 0.4282 0.9521, -1.4764 0.4225 0.8736, -1.8384 0.5715 1.8898, -1.8294 0.5686 1.8914, -1.7532 0.5355 1.9069, -1.6571 0.4662 1.9189, -1.6972 0.5002 1.9164, -1.7483 0.5334 1.9079, -1.7483 0.5334 1.9079
            ]
        }
        coordIndex [
            0,1,2,-1,0,2,3,-1,3,2,4,-1,3,4,5,-1,6,7,8,-1,8,7,9,-1,9,10,8,-1,8,10,11,-1,8,11,12,-1,12,13,8,-1,8,13,3,-1,8,3,14,-1,5,15,3,-1,3,15,16,-1,3,16,14,-1,17,18,19,-1,20,21,22,-1,23,24,25,-1,26,27,28,-1,29,30,31,-1,32,33,34,-1,0,3,35,-1,35,3,36,-1,37,38,36,-1,36,38,39,-1,36,39,35,-1,40,41,42,-1,42,41,43,-1,42,43,37,-1,37,43,44,-1,37,44,38,-1,40,42,45,-1,45,42,46,-1,45,46,47,-1,47,46,48,-1,48,46,49,-1,48,49,50,-1,49,51,52,-1,50,49,53,-1,53,49,52,-1,53,52,54,-1,55,56,57,-1,57,56,58,-1,57,58,59,-1,60,61,56,-1,56,61,62,-1,56,62,58,-1,63,64,60,-1,60,64,65,-1,60,65,61,-1,63,60,66,-1,66,60,67,-1,66,67,68,-1,68,67,69,-1,68,69,70,-1,70,69,71,-1,71,69,72,-1,71,72,73,-1,73,72,74,-1,74,72,2,-1,74,2,1,-1,13,12,75,-1,75,12,76,-1,75,76,77,-1,77,76,78,-1,77,78,79,-1,79,78,80,-1,79,80,81,-1,81,80,82,-1,81,82,83,-1,83,82,34,-1,8,14,84,-1,84,14,85,-1,84,85,86,-1,86,85,87,-1,86,87,88,-1,88,87,89,-1,88,89,90,-1,90,89,91,-1,90,91,92,-1,92,91,25,-1,3,13,36,-1,36,13,75,-1,36,75,37,-1,37,75,77,-1,37,77,42,-1,42,77,79,-1,42,79,46,-1,46,79,81,-1,46,81,49,-1,49,81,83,-1,49,83,51,-1,51,83,93,-1,34,33,83,-1,83,33,94,-1,83,94,93,-1,95,32,96,-1,96,32,34,-1,96,34,97,-1,97,34,82,-1,97,82,98,-1,98,82,80,-1,98,80,99,-1,99,80,78,-1,99,78,100,-1,100,78,76,-1,100,76,11,-1,11,76,12,-1,11,10,100,-1,100,10,101,-1,100,101,99,-1,99,101,102,-1,99,102,98,-1,98,102,103,-1,98,103,97,-1,97,103,104,-1,97,104,96,-1,96,104,31,-1,96,31,95,-1,95,31,30,-1,27,29,28,-1,28,29,31,-1,28,31,105,-1,105,31,104,-1,105,104,106,-1,106,104,103,-1,106,103,107,-1,107,103,102,-1,107,102,108,-1,108,102,101,-1,108,101,9,-1,9,101,10,-1,109,26,110,-1,110,26,28,-1,110,28,111,-1,111,28,105,-1,111,105,112,-1,112,105,106,-1,112,106,113,-1,113,106,107,-1,113,107,114,-1,114,107,108,-1,114,108,7,-1,7,108,9,-1,7,6,114,-1,114,6,115,-1,114,115,113,-1,113,115,116,-1,113,116,112,-1,112,116,117,-1,112,117,111,-1,111,117,118,-1,111,118,110,-1,110,118,119,-1,110,119,109,-1,109,119,120,-1,6,8,115,-1,115,8,84,-1,115,84,116,-1,116,84,86,-1,116,86,117,-1,117,86,88,-1,117,88,118,-1,118,88,90,-1,118,90,119,-1,119,90,92,-1,119,92,120,-1,120,92,121,-1,25,24,92,-1,92,24,122,-1,92,122,121,-1,123,23,124,-1,124,23,25,-1,124,25,125,-1,125,25,91,-1,125,91,126,-1,126,91,89,-1,126,89,127,-1,127,89,87,-1,127,87,128,-1,128,87,85,-1,128,85,16,-1,16,85,14,-1,16,15,128,-1,128,15,129,-1,128,129,127,-1,127,129,130,-1,127,130,126,-1,126,130,131,-1,126,131,125,-1,125,131,132,-1,125,132,124,-1,124,132,22,-1,124,22,123,-1,123,22,21,-1,18,20,19,-1,19,20,22,-1,19,22,133,-1,133,22,132,-1,133,132,134,-1,134,132,131,-1,134,131,135,-1,135,131,130,-1,135,130,136,-1,136,130,129,-1,136,129,5,-1,5,129,15,-1,137,17,138,-1,138,17,19,-1,138,19,139,-1,139,19,133,-1,139,133,140,-1,140,133,134,-1,140,134,141,-1,141,134,135,-1,141,135,142,-1,142,135,136,-1,142,136,4,-1,4,136,5,-1,4,2,142,-1,142,2,72,-1,142,72,141,-1,141,72,69,-1,141,69,140,-1,140,69,67,-1,140,67,139,-1,139,67,60,-1,139,60,138,-1,138,60,56,-1,138,56,137,-1,137,56,55,-1,143,144,145,-1,145,144,146,-1,145,146,147,-1,147,146,148,-1,148,146,149,-1,148,149,150,-1,150,149,151,-1,151,149,152,-1,151,152,153,-1,153,152,154,-1,154,152,155,-1,154,155,156,-1,156,155,157,-1,157,155,158,-1,157,158,159,-1,160,161,162,-1,162,161,163,-1,162,163,164,-1,164,163,165,-1,164,165,166,-1,166,165,167,-1,166,167,168,-1,168,167,169,-1,168,169,170,-1,170,169,171,-1,170,171,172,-1,172,171,173,-1,172,173,158,-1,158,173,174,-1,158,174,159,-1,175,176,160,-1,160,176,177,-1,160,177,161,-1,178,179,175,-1,175,179,180,-1,175,180,176,-1,181,182,178,-1,178,182,183,-1,178,183,179,-1,184,185,181,-1,181,185,186,-1,181,186,182,-1,187,188,184,-1,184,188,189,-1,184,189,185,-1,143,190,144,-1,144,190,191,-1,144,191,192,-1,192,191,193,-1,192,193,194,-1,194,193,195,-1,194,195,196,-1,196,195,197,-1,196,197,198,-1,198,197,199,-1,198,199,200,-1,200,199,201,-1,200,201,202,-1,202,201,203,-1,202,203,187,-1,187,203,204,-1,187,204,188,-1,205,206,207,-1,207,206,208,-1,207,209,205,-1,205,209,210,-1,205,210,211,-1,212,213,214,-1,214,213,215,-1,214,215,216,-1,212,214,217,-1,217,214,218,-1,217,218,219,-1,211,220,205,-1,205,220,217,-1,205,217,221,-1,221,217,219,-1,222,223,224,-1,225,226,227,-1,54,52,228,-1,228,52,229,-1,228,229,227,-1,227,229,230,-1,227,230,225,-1,226,225,231,-1,231,225,232,-1,231,232,233,-1,234,235,236,-1,236,235,237,-1,236,237,224,-1,224,237,238,-1,224,238,222,-1,223,222,239,-1,239,222,240,-1,239,240,59,-1,121,241,242,-1,23,243,24,-1,24,243,241,-1,24,241,122,-1,122,241,121,-1,23,123,243,-1,243,123,21,-1,243,21,244,-1,17,245,18,-1,18,245,244,-1,18,244,20,-1,20,244,21,-1,17,137,245,-1,245,137,55,-1,245,55,240,-1,240,55,57,-1,240,57,59,-1,235,246,237,-1,237,246,247,-1,237,247,248,-1,249,250,251,-1,251,250,248,-1,251,248,252,-1,252,248,247,-1,249,253,250,-1,250,253,254,-1,250,254,255,-1,254,256,255,-1,255,256,257,-1,255,257,258,-1,257,259,258,-1,258,259,260,-1,258,260,261,-1,260,262,261,-1,261,262,263,-1,261,263,264,-1,265,266,267,-1,267,266,264,-1,267,264,268,-1,268,264,263,-1,265,269,266,-1,266,269,270,-1,266,270,271,-1,272,273,274,-1,274,273,271,-1,274,271,275,-1,275,271,270,-1,272,276,273,-1,273,276,277,-1,273,277,232,-1,232,277,278,-1,232,278,233,-1,52,51,229,-1,229,51,93,-1,229,93,279,-1,32,280,33,-1,33,280,279,-1,33,279,94,-1,94,279,93,-1,32,95,280,-1,280,95,30,-1,280,30,281,-1,30,29,281,-1,281,29,27,-1,281,27,282,-1,27,26,282,-1,282,26,109,-1,282,109,242,-1,242,109,120,-1,242,120,121,-1,198,222,196,-1,196,222,238,-1,196,238,194,-1,194,238,237,-1,194,237,192,-1,192,237,248,-1,192,248,144,-1,144,248,250,-1,144,250,146,-1,146,250,255,-1,146,255,149,-1,149,255,258,-1,149,258,152,-1,152,258,261,-1,152,261,155,-1,155,261,264,-1,155,264,158,-1,158,264,266,-1,158,266,172,-1,172,266,271,-1,172,271,170,-1,170,271,273,-1,170,273,168,-1,273,232,168,-1,168,232,225,-1,168,225,166,-1,166,225,230,-1,166,230,164,-1,164,230,229,-1,164,229,162,-1,162,229,279,-1,162,279,160,-1,160,279,280,-1,160,280,175,-1,175,280,281,-1,175,281,178,-1,178,281,282,-1,178,282,181,-1,181,282,242,-1,181,242,184,-1,184,242,241,-1,184,241,187,-1,187,241,243,-1,187,243,202,-1,202,243,244,-1,202,244,200,-1,200,244,245,-1,200,245,198,-1,198,245,240,-1,198,240,222,-1,283,284,285,-1,285,284,286,-1,285,286,287,-1,287,286,288,-1,288,286,289,-1,288,289,290,-1,290,289,291,-1,290,291,292,-1,291,293,292,-1,292,293,294,-1,295,296,297,-1,297,296,298,-1,299,300,301,-1,302,303,304,-1,303,302,305,-1,305,302,306,-1,305,306,307,-1,308,309,306,-1,306,309,310,-1,306,310,307,-1,304,311,302,-1,302,311,312,-1,302,312,313,-1,284,283,314,-1,313,315,302,-1,302,315,316,-1,302,316,301,-1,301,316,317,-1,301,317,299,-1,314,318,284,-1,284,318,319,-1,284,319,306,-1,306,319,320,-1,306,320,308,-1,321,322,323,-1,323,322,324,-1,325,326,327,-1,327,326,328,-1,169,329,171,-1,171,329,173,-1,193,191,330,-1,330,191,190,-1,330,190,143,-1,169,167,329,-1,329,167,165,-1,329,165,331,-1,193,330,195,-1,195,330,332,-1,195,332,197,-1,165,163,331,-1,331,163,161,-1,331,161,333,-1,333,161,177,-1,333,177,334,-1,334,177,176,-1,334,176,335,-1,335,176,180,-1,335,180,336,-1,336,180,179,-1,336,179,337,-1,337,179,183,-1,337,183,338,-1,338,183,182,-1,338,182,339,-1,339,182,186,-1,339,186,340,-1,340,186,185,-1,340,185,341,-1,341,185,189,-1,341,189,342,-1,342,189,188,-1,342,188,343,-1,343,188,204,-1,343,204,344,-1,344,204,203,-1,344,203,345,-1,345,203,201,-1,345,201,332,-1,332,201,199,-1,332,199,197,-1,346,347,145,-1,145,347,348,-1,145,348,143,-1,143,348,349,-1,143,349,330,-1,350,351,352,-1,352,351,353,-1,145,147,346,-1,346,147,148,-1,346,148,352,-1,352,148,150,-1,352,150,151,-1,153,154,354,-1,354,154,156,-1,354,156,355,-1,356,350,354,-1,354,350,352,-1,354,352,153,-1,153,352,151,-1,156,157,355,-1,355,157,159,-1,355,159,357,-1,357,159,174,-1,357,174,358,-1,358,174,359,-1,359,174,173,-1,359,173,329,-1,284,306,360,-1,306,361,325,-1,362,332,330,-1,325,327,306,-1,306,327,362,-1,306,362,360,-1,360,362,330,-1,360,330,349,-1,296,295,363,-1,363,295,364,-1,363,364,351,-1,364,293,351,-1,351,293,291,-1,351,291,353,-1,353,291,289,-1,353,289,360,-1,360,289,286,-1,360,286,284,-1,365,366,367,-1,367,366,368,-1,367,368,369,-1,369,368,370,-1,369,370,371,-1,371,370,372,-1,371,372,373,-1,373,372,374,-1,373,374,375,-1,375,374,376,-1,375,376,377,-1,377,376,378,-1,377,378,379,-1,379,378,380,-1,379,380,381,-1,381,380,382,-1,381,382,383,-1,383,382,384,-1,383,384,385,-1,385,384,386,-1,385,386,387,-1,387,386,388,-1,387,388,389,-1,389,388,390,-1,389,390,391,-1,391,390,392,-1,391,392,393,-1,393,392,394,-1,393,394,324,-1,324,394,325,-1,324,325,323,-1,323,325,361,-1,297,298,395,-1,395,298,396,-1,395,396,350,-1,397,359,329,-1,398,395,399,-1,399,395,350,-1,399,350,400,-1,400,350,356,-1,400,356,401,-1,401,356,397,-1,401,397,301,-1,301,397,402,-1,301,402,302,-1,321,402,322,-1,322,402,397,-1,322,397,403,-1,403,397,329,-1,403,329,331,-1,403,328,322,-1,322,328,326,-1,322,326,404,-1,404,326,405,-1,404,405,406,-1,406,405,407,-1,406,407,408,-1,408,407,409,-1,408,409,410,-1,410,409,411,-1,410,411,412,-1,412,411,413,-1,412,413,414,-1,414,413,415,-1,414,415,416,-1,416,415,417,-1,416,417,418,-1,418,417,419,-1,418,419,420,-1,420,419,421,-1,420,421,422,-1,422,421,423,-1,422,423,424,-1,424,423,425,-1,424,425,426,-1,426,425,427,-1,426,427,428,-1,428,427,429,-1,428,429,430,-1,430,429,431,-1,430,431,432,-1,432,431,433,-1,365,367,432,-1,432,367,430,-1,366,365,433,-1,433,365,432,-1,368,366,431,-1,431,366,433,-1,368,431,429,-1,368,429,370,-1,370,429,427,-1,370,427,372,-1,372,427,425,-1,372,425,374,-1,374,425,423,-1,374,423,376,-1,376,423,421,-1,376,421,378,-1,378,421,419,-1,378,419,380,-1,380,419,417,-1,380,417,382,-1,384,382,415,-1,415,382,417,-1,384,415,413,-1,384,413,386,-1,386,413,411,-1,386,411,388,-1,388,411,409,-1,388,409,390,-1,390,409,407,-1,390,407,392,-1,392,407,405,-1,392,405,394,-1,394,405,326,-1,394,326,325,-1,363,351,396,-1,396,351,350,-1,296,363,298,-1,298,363,396,-1,398,399,434,-1,434,399,435,-1,399,400,435,-1,435,400,436,-1,401,301,300,-1,300,437,401,-1,401,437,438,-1,401,438,400,-1,400,438,439,-1,400,439,436,-1,324,322,393,-1,393,322,404,-1,393,404,391,-1,391,404,406,-1,391,406,389,-1,389,406,408,-1,389,408,387,-1,387,408,410,-1,387,410,385,-1,385,410,412,-1,385,412,383,-1,383,412,414,-1,381,383,416,-1,416,383,414,-1,381,416,379,-1,379,416,418,-1,379,418,377,-1,377,418,420,-1,377,420,375,-1,375,420,422,-1,375,422,373,-1,373,422,424,-1,373,424,371,-1,371,424,426,-1,371,426,369,-1,369,426,428,-1,369,428,367,-1,367,428,430,-1,
        ]
    }
}
Shape{
    appearance Appearance {
        material  Material 	{
            diffuseColor 0.13725490196078433 0.32941176470588235 0.7019607843137254
            specularColor 0.011764705882352941 0.023529411764705882 0.050980392156862744
            ambientIntensity 0.2
            transparency 0
            shininess 0.5
        }
    }
    geometry IndexedFaceSet {
        ccw TRUE
        solid FALSE
        coord DEF co Coordinate {
            point [
                -2.9528 0.9646 3.937, -2.9528 1.5157 2.3622, -2.9528 1.5157 0.0, -2.9528 1.0897 0.0, -2.9528 0.9252 0.0, -2.9528 0.9252 2.3622, -2.9528 1.0979 0.0, -2.9528 -0.7457 3.937, -2.9528 0.5315 2.3622, -2.9528 -1.3189 2.3622, -2.9528 0.5315 0.0, -2.9528 -1.5157 2.3622, -2.9528 -1.5157 0.0, -1.8164 1.2415 1.9685, -2.1049 1.2795 1.9685, -1.811 1.2008 1.9685, -2.1206 1.2415 1.9685, -2.126 1.2008 1.9685, -1.8571 1.3121 1.9685, -2.0093 1.3529 1.9685, -2.0472 1.3372 1.9685, -1.9685 1.3583 1.9685, -1.8898 1.3372 1.9685, -1.9277 1.3529 1.9685, -1.8321 1.2795 1.9685, -2.0799 1.3121 1.9685, -1.9685 -0.6496 2.1583, -1.9685 -0.6496 3.937, -1.7869 -0.6284 2.1583, -1.7869 -0.6284 3.937, -1.6151 -0.5659 2.1583, -1.6151 -0.5659 3.937, -1.4624 -0.4654 2.1583, -1.4624 -0.4654 3.937, -1.3369 -0.3324 2.1583, -1.3369 -0.3324 3.937, -1.2455 -0.1741 2.1583, -1.2455 -0.1741 3.937, -1.1931 0.0011 2.1583, -1.1931 0.0011 3.937, -1.1824 0.1836 2.1583, -1.1824 0.1836 3.937, -1.2142 0.3636 2.1583, -1.2142 0.3636 3.937, -1.2866 0.5315 2.1583, -1.2866 0.5315 3.937, -1.3958 0.6781 2.1583, -1.3958 0.6781 3.937, -1.5358 0.7957 2.1583, -1.5358 0.7957 3.937, -1.6992 0.8777 2.1583, -1.6992 0.8777 3.937, -1.8771 0.9199 2.1583, -1.8771 0.9199 3.937, -2.0599 0.9199 2.1583, -2.0599 0.9199 3.937, -2.2378 0.8777 2.1583, -2.2378 0.8777 3.937, -2.4012 0.7957 2.1583, -2.4012 0.7957 3.937, -2.5412 0.6781 2.1583, -2.5412 0.6781 3.937, -2.6504 0.5315 2.1583, -2.6504 0.5315 3.937, -2.7228 0.3636 2.1583, -2.7228 0.3636 3.937, -2.7546 0.1836 2.1583, -2.7546 0.1836 3.937, -2.7439 0.0011 2.1583, -2.7439 0.0011 3.937, -2.6915 -0.1741 2.1583, -2.6915 -0.1741 3.937, -2.6001 -0.3324 2.1583, -2.6001 -0.3324 3.937, -2.4746 -0.4654 2.1583, -2.4746 -0.4654 3.937, -2.3219 -0.5659 2.1583, -2.3219 -0.5659 3.937, -2.1501 -0.6284 2.1583, -2.1501 -0.6284 3.937, -2.1501 -0.6284 3.937
            ]
        }
        coordIndex [
            0,1,2,-1,3,4,5,-1,3,5,6,-1,2,6,0,-1,0,6,5,-1,0,5,7,-1,7,5,8,-1,7,8,9,-1,9,8,10,-1,9,10,11,-1,11,10,12,-1,13,14,15,-1,15,14,16,-1,15,16,17,-1,18,19,20,-1,19,18,21,-1,21,18,22,-1,21,22,23,-1,13,24,14,-1,14,24,18,-1,14,18,25,-1,25,18,20,-1,26,27,28,-1,28,27,29,-1,28,29,30,-1,30,29,31,-1,30,31,32,-1,32,31,33,-1,32,33,34,-1,34,33,35,-1,34,35,36,-1,36,35,37,-1,36,37,38,-1,38,37,39,-1,38,39,40,-1,40,39,41,-1,40,41,42,-1,42,41,43,-1,42,43,44,-1,44,43,45,-1,44,45,46,-1,46,45,47,-1,46,47,48,-1,48,47,49,-1,48,49,50,-1,50,49,51,-1,50,51,52,-1,52,51,53,-1,52,53,54,-1,54,53,55,-1,54,55,56,-1,56,55,57,-1,56,57,58,-1,58,57,59,-1,58,59,60,-1,60,59,61,-1,60,61,62,-1,62,61,63,-1,62,63,64,-1,64,63,65,-1,64,65,66,-1,66,65,67,-1,66,67,68,-1,68,67,69,-1,68,69,70,-1,70,69,71,-1,70,71,72,-1,72,71,73,-1,72,73,74,-1,74,73,75,-1,74,75,76,-1,76,75,77,-1,76,77,78,-1,78,77,79,-1,78,79,26,-1,26,79,27,-1,
        ]
    }
}
Shape{
    appearance Appearance {
        material  Material 	{
            diffuseColor 0.6470588235294118 0.6196078431372549 0.5882352941176471
            specularColor 0.45098039215686275 0.43529411764705883 0.4117647058823529
            ambientIntensity 0.2
            transparency 0
            shininess 0.5
        }
    }
    geometry IndexedFaceSet {
        ccw TRUE
        solid FALSE
        coord DEF co Coordinate {
            point [
                -1.2598 -0.9646 0.3937, -1.2598 0.6102 0.3937, -1.2598 -0.9646 1.8898, -1.2598 0.6102 1.8898, -1.2598 0.6102 1.8898
            ]
        }
        coordIndex [
            0,1,2,-1,2,1,3,-1,
        ]
    }
}
Shape{
    appearance Appearance {
        material  Material 	{
            diffuseColor 0.13725490196078433 0.32941176470588235 0.7019607843137254
            specularColor 0.011764705882352941 0.023529411764705882 0.050980392156862744
            ambientIntensity 0.2
            transparency 0
            shininess 0.5
        }
    }
    geometry IndexedFaceSet {
        ccw TRUE
        solid FALSE
        coord DEF co Coordinate {
            point [
                -2.7559 -1.5157 0.3937, -2.7559 1.2008 0.3937, -2.7559 -1.5157 1.9685, -2.7559 1.2008 1.9685, -1.1811 1.2008 0.3937, -1.1811 -1.5157 0.3937, -1.1811 1.2008 1.9685, -1.1811 -1.5157 1.9685, -2.0472 1.0644 3.6518, -2.0288 1.0553 3.6778, -2.0093 1.0487 1.9685, -2.0093 1.0487 3.6967, -1.9685 1.0433 1.9685, -1.9992 1.0463 3.7034, -1.9891 1.0447 3.7082, -2.0472 1.0644 1.9685, -2.0799 1.0894 1.9685, -2.0799 1.0894 3.5803, -2.1049 1.122 1.9685, -2.1049 1.122 3.4871, -2.1206 1.16 1.9685, -2.1206 1.16 3.3785, -2.126 1.2008 1.9685, -2.126 1.2008 3.2621, -2.1206 1.2415 1.9685, -2.1206 1.2415 3.1456, -2.1049 1.2795 1.9685, -2.1049 1.2795 3.0371, -2.0799 1.3121 1.9685, -2.0799 1.3121 2.9439, -2.0472 1.3372 1.9685, -2.0472 1.3372 2.8724, -1.9891 1.3569 2.816, -1.9992 1.3552 2.8208, -2.0093 1.3529 1.9685, -2.0093 1.3529 2.8275, -2.0288 1.3463 2.8464, -1.9378 1.3552 2.8208, -1.9479 1.3569 2.816, -1.9277 1.3529 1.9685, -1.9582 1.3579 2.8131, -1.9685 1.3583 1.9685, -1.9685 1.3583 2.8121, -1.9788 1.3579 2.8131, -1.8898 1.0644 1.9685, -1.8571 1.0894 3.5803, -1.8571 1.0894 1.9685, -1.8321 1.122 3.4871, -1.8321 1.122 1.9685, -1.8164 1.16 3.3785, -1.8164 1.16 1.9685, -1.811 1.2008 3.2621, -1.811 1.2008 1.9685, -1.8164 1.2415 3.1456, -1.8164 1.2415 1.9685, -1.8321 1.2795 3.0371, -1.8321 1.2795 1.9685, -1.8571 1.3121 2.9439, -1.8571 1.3121 1.9685, -1.8898 1.3372 2.8724, -1.8898 1.3372 1.9685, -1.9082 1.3463 2.8464, -1.9277 1.3529 2.8275, -1.9277 1.0487 1.9685, -1.9082 1.0553 3.6778, -1.8898 1.0644 3.6518, -1.9788 1.0436 3.7111, -1.9685 1.0433 3.712, -1.9582 1.0436 3.7111, -1.9479 1.0447 3.7082, -1.9378 1.0463 3.7034, -1.9277 1.0487 3.6967, -2.3219 -0.5659 2.1583, -2.1501 -0.6284 2.1583, -2.1208 -0.431 2.0866, -2.2335 -0.3899 2.0866, -2.2621 -0.3711 2.0866, -2.4746 -0.4654 2.1583, -2.3481 -0.3146 2.0866, -2.3834 -0.2772 2.0866, -2.6001 -0.3324 2.1583, -2.4422 -0.2149 2.0866, -2.4765 -0.1555 2.0866, -2.6915 -0.1741 2.1583, -2.5108 -0.0961 2.0866, -2.5353 -0.014 2.0866, -2.7439 0.0011 2.1583, -2.5501 0.0352 2.0866, -2.5561 0.138 2.0866, -2.7546 0.1836 2.1583, -2.5581 0.1721 2.0866, -2.5372 0.2903 2.0866, -2.7228 0.3636 2.1583, -2.5342 0.3072 2.0866, -2.6504 0.5315 2.1583, -2.4799 0.4331 2.0866, -2.5412 0.6781 2.1583, -2.3981 0.5431 2.0866, -2.385 0.554 2.0866, -2.4012 0.7957 2.1583, -2.293 0.6312 2.0866, -2.2624 0.6466 2.0866, -2.2378 0.8777 2.1583, -2.1705 0.6927 2.0866, -2.1205 0.7046 2.0866, -2.0599 0.9199 2.1583, -2.0371 0.7244 2.0866, -1.9685 0.7244 2.0866, -1.8771 0.9199 2.1583, -1.8999 0.7244 2.0866, -1.8165 0.7046 2.0866, -1.6992 0.8777 2.1583, -1.7665 0.6927 2.0866, -1.6746 0.6466 2.0866, -1.5358 0.7957 2.1583, -1.644 0.6312 2.0866, -1.552 0.554 2.0866, -1.3958 0.6781 2.1583, -1.539 0.5431 2.0866, -1.2866 0.5315 2.1583, -1.4571 0.4331 2.0866, -1.2142 0.3636 2.1583, -1.4028 0.3072 2.0866, -1.3998 0.2903 2.0866, -1.1824 0.1836 2.1583, -1.379 0.1721 2.0866, -1.3809 0.138 2.0866, -1.1931 0.0011 2.1583, -1.3869 0.0352 2.0866, -1.4017 -0.014 2.0866, -1.2455 -0.1741 2.1583, -1.4263 -0.0961 2.0866, -1.4605 -0.1555 2.0866, -1.3369 -0.3324 2.1583, -1.4948 -0.2149 2.0866, -1.5536 -0.2772 2.0866, -1.4624 -0.4654 2.1583, -1.5889 -0.3146 2.0866, -1.6749 -0.3711 2.0866, -1.6151 -0.5659 2.1583, -1.7035 -0.3899 2.0866, -1.8163 -0.431 2.0866, -1.7869 -0.6284 2.1583, -1.8323 -0.4368 2.0866, -1.9685 -0.6496 2.1583, -1.9685 -0.4528 2.0866, -2.1047 -0.4368 2.0866, -1.4764 0.4642 1.9978, -1.4764 0.4642 1.9685, -1.4571 0.4331 1.9685, -2.4606 -0.1886 1.9836, -2.4606 -0.1886 1.9685, -2.4799 -0.1575 1.9685, -2.2638 -0.3736 1.9796, -2.1945 -0.4078 1.9789, -2.1214 -0.4326 1.9783, -2.0456 -0.4477 1.978, -1.9685 -0.4528 1.9779, -1.8914 -0.4477 1.978, -1.8157 -0.4326 1.9783, -1.7425 -0.4078 1.9789, -1.6732 -0.3736 1.9796, -1.609 -0.3307 1.9805, -1.5509 -0.2798 1.9816, -1.4764 -0.1886 1.9836, -1.4764 -0.1886 1.9685, -1.5126 0.5131 1.9941, -1.5509 0.5554 1.9836, -1.5587 0.5625 1.9807, -1.5908 0.5917 1.9685, -1.6732 0.6492 1.9685, -2.2638 0.6492 1.9685, -2.3462 0.5917 1.9685, -2.3787 0.5626 1.9811, -2.3857 0.555 1.9831, -2.4244 0.5131 1.9941, -2.4606 0.4642 1.9978, -2.4606 0.4642 1.9685, -1.4571 -0.1575 1.9685, -1.3981 -0.0151 1.9685, -1.378 0.1378 1.9685, -1.3981 0.2906 1.9685, -1.8157 0.7082 1.9685, -1.9685 0.7283 1.9685, -2.1214 0.7082 1.9685, -2.4799 0.4331 1.9685, -2.5389 0.2906 1.9685, -2.5591 0.1378 1.9685, -2.5389 -0.0151 1.9685, -2.3861 -0.2798 1.9816, -2.328 -0.3307 1.9805, -2.4606 -0.8838 1.9685, -1.4764 0.5917 1.9685, -1.4764 -0.8838 1.9685, -2.4606 0.5917 1.9685, -2.2244 -1.5157 0.3937, -2.2244 -0.9646 0.3937, -2.6772 -0.9646 0.3937, -2.6772 0.6102 0.3937, -1.7126 -0.9646 0.3937, -1.7126 -1.5157 0.3937, -1.2598 -0.9646 0.3937, -1.2598 0.6102 0.3937, -1.2598 0.6102 0.3937
            ]
        }
        coordIndex [
            0,1,2,-1,2,1,3,-1,4,5,6,-1,6,5,7,-1,8,9,10,-1,10,9,11,-1,10,11,12,-1,12,11,13,-1,12,13,14,-1,10,15,8,-1,8,15,16,-1,8,16,17,-1,17,16,18,-1,17,18,19,-1,19,18,20,-1,19,20,21,-1,21,20,22,-1,21,22,23,-1,23,22,24,-1,23,24,25,-1,25,24,26,-1,25,26,27,-1,27,26,28,-1,27,28,29,-1,29,28,30,-1,29,30,31,-1,32,33,34,-1,34,33,35,-1,34,35,30,-1,30,35,36,-1,30,36,31,-1,37,38,39,-1,39,38,40,-1,39,40,41,-1,41,40,42,-1,41,42,34,-1,34,42,43,-1,34,43,32,-1,44,45,46,-1,46,45,47,-1,46,47,48,-1,48,47,49,-1,48,49,50,-1,50,49,51,-1,50,51,52,-1,52,51,53,-1,52,53,54,-1,54,53,55,-1,54,55,56,-1,56,55,57,-1,56,57,58,-1,58,57,59,-1,58,59,60,-1,60,59,61,-1,60,61,39,-1,39,61,62,-1,39,62,37,-1,63,64,44,-1,44,64,65,-1,44,65,45,-1,14,66,12,-1,12,66,67,-1,12,67,68,-1,68,69,12,-1,12,69,70,-1,12,70,63,-1,63,70,71,-1,63,71,64,-1,3,1,22,-1,22,1,4,-1,22,4,52,-1,52,4,6,-1,72,73,74,-1,74,75,72,-1,72,75,76,-1,72,76,77,-1,76,78,77,-1,77,78,79,-1,77,79,80,-1,79,81,80,-1,80,81,82,-1,80,82,83,-1,82,84,83,-1,83,84,85,-1,83,85,86,-1,85,87,86,-1,86,87,88,-1,86,88,89,-1,88,90,89,-1,89,90,91,-1,89,91,92,-1,92,91,93,-1,92,93,94,-1,94,93,95,-1,94,95,96,-1,95,97,96,-1,96,97,98,-1,96,98,99,-1,98,100,99,-1,99,100,101,-1,99,101,102,-1,101,103,102,-1,102,103,104,-1,102,104,105,-1,104,106,105,-1,105,106,107,-1,105,107,108,-1,107,109,108,-1,108,109,110,-1,108,110,111,-1,110,112,111,-1,111,112,113,-1,111,113,114,-1,113,115,114,-1,114,115,116,-1,114,116,117,-1,117,116,118,-1,117,118,119,-1,119,118,120,-1,119,120,121,-1,120,122,121,-1,121,122,123,-1,121,123,124,-1,123,125,124,-1,124,125,126,-1,124,126,127,-1,126,128,127,-1,127,128,129,-1,127,129,130,-1,129,131,130,-1,130,131,132,-1,130,132,133,-1,132,134,133,-1,133,134,135,-1,133,135,136,-1,135,137,136,-1,136,137,138,-1,136,138,139,-1,138,140,139,-1,139,140,141,-1,139,141,142,-1,142,141,143,-1,142,143,144,-1,144,143,145,-1,144,145,73,-1,73,145,146,-1,73,146,74,-1,147,148,149,-1,150,151,152,-1,153,75,154,-1,154,75,74,-1,154,74,155,-1,155,74,146,-1,155,146,156,-1,156,146,145,-1,156,145,157,-1,157,145,158,-1,158,145,143,-1,158,143,159,-1,159,143,141,-1,159,141,160,-1,160,141,140,-1,160,140,161,-1,161,140,138,-1,161,138,162,-1,162,138,137,-1,162,137,163,-1,137,135,163,-1,163,135,134,-1,163,134,164,-1,164,134,132,-1,164,132,165,-1,120,118,166,-1,166,118,167,-1,167,118,116,-1,167,116,168,-1,168,116,169,-1,169,116,115,-1,169,115,170,-1,171,100,172,-1,172,100,98,-1,172,98,173,-1,173,98,174,-1,174,98,175,-1,175,98,97,-1,175,97,176,-1,176,97,95,-1,176,95,177,-1,165,132,178,-1,178,132,131,-1,178,131,179,-1,131,129,179,-1,179,129,128,-1,179,128,180,-1,128,126,180,-1,180,126,125,-1,180,125,181,-1,166,147,120,-1,120,147,149,-1,120,149,122,-1,122,149,181,-1,122,181,123,-1,123,181,125,-1,115,113,170,-1,170,113,112,-1,170,112,182,-1,182,112,110,-1,182,110,183,-1,183,110,109,-1,109,107,183,-1,183,107,106,-1,183,106,184,-1,106,104,184,-1,184,104,103,-1,184,103,171,-1,171,103,101,-1,171,101,100,-1,177,95,185,-1,185,95,93,-1,185,93,186,-1,93,91,186,-1,186,91,90,-1,186,90,187,-1,90,88,187,-1,187,88,87,-1,187,87,188,-1,188,87,85,-1,188,85,152,-1,85,84,152,-1,152,84,82,-1,152,82,150,-1,150,82,81,-1,150,81,189,-1,189,81,79,-1,189,79,190,-1,190,79,78,-1,190,78,153,-1,153,78,76,-1,153,76,75,-1,7,2,191,-1,185,186,3,-1,3,186,187,-1,3,187,2,-1,151,191,152,-1,152,191,2,-1,152,2,188,-1,188,2,187,-1,148,192,149,-1,149,192,6,-1,3,22,20,-1,191,193,7,-1,7,193,165,-1,7,165,178,-1,178,179,7,-1,7,179,180,-1,7,180,6,-1,6,180,181,-1,6,181,149,-1,20,194,3,-1,3,194,177,-1,3,177,185,-1,20,18,194,-1,194,18,16,-1,194,16,172,-1,172,16,15,-1,192,169,44,-1,44,169,170,-1,44,170,63,-1,63,170,182,-1,63,182,12,-1,12,182,183,-1,12,183,10,-1,10,183,184,-1,10,184,15,-1,15,184,171,-1,15,171,172,-1,44,46,192,-1,192,46,48,-1,192,48,6,-1,6,48,50,-1,6,50,52,-1,195,196,0,-1,0,196,197,-1,0,197,198,-1,199,200,201,-1,201,200,5,-1,201,5,202,-1,202,5,4,-1,202,4,198,-1,198,4,1,-1,198,1,0,-1,
        ]
    }
}
Shape{
    appearance Appearance {
        material  Material 	{
            diffuseColor 0.6470588235294118 0.6196078431372549 0.5882352941176471
            specularColor 0.45098039215686275 0.43529411764705883 0.4117647058823529
            ambientIntensity 0.2
            transparency 0
            shininess 0.5
        }
    }
    geometry IndexedFaceSet {
        ccw TRUE
        solid FALSE
        coord DEF co Coordinate {
            point [
                -2.6772 0.6102 0.3937, -2.6772 -0.9646 0.3937, -2.6772 0.6102 1.8898, -2.6772 -0.9646 1.8898, -1.9685 0.6102 0.5118, -1.9685 -0.9646 0.5118, -1.8258 0.6102 0.5306, -1.8258 -0.9646 0.5306, -1.6929 0.6102 0.5857, -1.6929 -0.9646 0.5857, -1.5788 0.6102 0.6732, -1.5788 -0.9646 0.6732, -1.4912 0.6102 0.7874, -1.4912 -0.9646 0.7874, -1.4361 0.6102 0.9203, -1.4361 -0.9646 0.9203, -1.4173 0.6102 1.063, -1.4173 -0.9646 1.063, -1.4361 0.6102 1.2056, -1.4361 -0.9646 1.2056, -1.4912 0.6102 1.3386, -1.4912 -0.9646 1.3386, -1.5788 0.6102 1.4527, -1.5788 -0.9646 1.4527, -1.6929 0.6102 1.5403, -1.6929 -0.9646 1.5403, -1.8258 0.6102 1.5954, -1.8258 -0.9646 1.5954, -1.9685 0.6102 1.6142, -1.9685 -0.9646 1.6142, -2.1112 0.6102 1.5954, -2.1112 -0.9646 1.5954, -2.2441 0.6102 1.5403, -2.2441 -0.9646 1.5403, -2.3582 0.6102 1.4527, -2.3582 -0.9646 1.4527, -2.4458 0.6102 1.3386, -2.4458 -0.9646 1.3386, -2.5009 0.6102 1.2056, -2.5009 -0.9646 1.2056, -2.5197 0.6102 1.063, -2.5197 -0.9646 1.063, -2.5009 0.6102 0.9203, -2.5009 -0.9646 0.9203, -2.4458 0.6102 0.7874, -2.4458 -0.9646 0.7874, -2.3582 0.6102 0.6732, -2.3582 -0.9646 0.6732, -2.2441 0.6102 0.5857, -2.2441 -0.9646 0.5857, -2.1112 0.6102 0.5306, -2.1112 -0.9646 0.5306, -1.7126 -0.9646 0.3937, -2.4606 -0.9646 1.8898, -2.4606 -0.9646 1.888, -1.2598 -0.9646 0.3937, -1.2598 -0.9646 1.8898, -1.4764 -0.9646 1.888, -1.4764 -0.9646 1.8898, -2.2244 -0.9646 0.3937, -2.4606 0.6102 1.8667, -2.4606 0.6102 1.8898, -1.2598 0.6102 1.8898, -1.4764 0.6102 1.8898, -1.4764 0.6102 1.8667, -1.2598 0.6102 0.3937, -1.4764 -0.883 1.8898, -1.4764 0.5715 1.8898, -2.4606 0.5715 1.8898, -2.4606 -0.883 1.8898, -1.8384 0.5715 1.8898, -1.7483 0.5334 1.8898, -1.657 0.4663 1.8898, -1.5852 0.3787 1.8898, -1.7028 -0.2288 1.8898, -1.6202 -0.1514 1.8898, -1.5593 -0.0559 1.8898, -2.3518 0.3787 1.8898, -2.28 0.4663 1.8898, -2.1887 0.5334 1.8898, -2.0986 0.5715 1.8898, -1.5374 0.2761 1.8898, -1.5165 0.1647 1.8898, -1.524 0.0517 1.8898, -1.8022 -0.2833 1.8898, -1.9119 -0.3114 1.8898, -2.0251 -0.3114 1.8898, -2.1349 -0.2833 1.8898, -2.2342 -0.2288 1.8898, -2.3168 -0.1514 1.8898, -2.3777 -0.0559 1.8898, -2.413 0.0517 1.8898, -2.4205 0.1647 1.8898, -2.3996 0.2761 1.8898, -2.1076 0.5686 1.8914, -2.2827 0.4638 1.919, -2.3518 0.3787 1.9172, -2.3996 0.2761 1.915, -2.4205 0.1647 1.9125, -2.413 0.0517 1.9101, -2.3777 -0.0559 1.9077, -2.3168 -0.1514 1.9057, -2.2342 -0.2288 1.904, -2.1349 -0.2833 1.9028, -2.0251 -0.3114 1.9022, -1.9119 -0.3114 1.9022, -1.8022 -0.2833 1.9028, -1.7028 -0.2288 1.904, -1.6202 -0.1514 1.9057, -1.5593 -0.0559 1.9077, -1.524 0.0517 1.9101, -1.5165 0.1647 1.9125, -1.5374 0.2761 1.915, -1.5852 0.3787 1.9172, -1.6543 0.4638 1.919, -1.6571 0.4662 1.9189, -1.8294 0.5686 1.8914, -1.7532 0.5355 1.9069, -1.7483 0.5334 1.9079, -1.6972 0.5002 1.9164, -2.1847 0.5356 1.9071, -2.2799 0.4662 1.9189, -2.2398 0.5002 1.9164, -2.1886 0.5331 1.9078, -2.1886 0.5331 1.9078
            ]
        }
        coordIndex [
            0,1,2,-1,2,1,3,-1,4,5,6,-1,6,5,7,-1,6,7,8,-1,8,7,9,-1,8,9,10,-1,10,9,11,-1,10,11,12,-1,12,11,13,-1,12,13,14,-1,14,13,15,-1,14,15,16,-1,16,15,17,-1,16,17,18,-1,18,17,19,-1,18,19,20,-1,20,19,21,-1,20,21,22,-1,22,21,23,-1,22,23,24,-1,24,23,25,-1,24,25,26,-1,26,25,27,-1,26,27,28,-1,28,27,29,-1,28,29,30,-1,30,29,31,-1,30,31,32,-1,32,31,33,-1,32,33,34,-1,34,33,35,-1,34,35,36,-1,36,35,37,-1,36,37,38,-1,38,37,39,-1,38,39,40,-1,40,39,41,-1,40,41,42,-1,42,41,43,-1,42,43,44,-1,44,43,45,-1,44,45,46,-1,46,45,47,-1,46,47,48,-1,48,47,49,-1,48,49,50,-1,50,49,51,-1,50,51,4,-1,4,51,5,-1,7,5,52,-1,53,3,54,-1,54,3,1,-1,55,56,57,-1,57,56,58,-1,45,43,1,-1,52,5,59,-1,5,51,59,-1,59,51,49,-1,59,49,1,-1,1,49,47,-1,1,47,45,-1,29,57,31,-1,31,57,54,-1,31,54,33,-1,33,54,35,-1,29,27,57,-1,57,27,25,-1,57,25,23,-1,15,13,55,-1,55,13,11,-1,55,11,52,-1,52,11,9,-1,52,9,7,-1,43,41,1,-1,1,41,39,-1,1,39,54,-1,54,39,37,-1,54,37,35,-1,23,21,57,-1,57,21,19,-1,57,19,55,-1,55,19,17,-1,55,17,15,-1,0,2,60,-1,60,2,61,-1,26,28,62,-1,63,62,64,-1,64,62,28,-1,64,28,60,-1,28,30,60,-1,60,30,32,-1,60,32,34,-1,8,10,65,-1,65,10,12,-1,20,22,62,-1,62,22,24,-1,62,24,26,-1,42,44,0,-1,0,44,46,-1,0,46,48,-1,12,14,65,-1,65,14,16,-1,65,16,62,-1,62,16,18,-1,62,18,20,-1,34,36,60,-1,60,36,38,-1,60,38,0,-1,0,38,40,-1,0,40,42,-1,48,50,0,-1,0,50,4,-1,0,4,65,-1,65,4,6,-1,65,6,8,-1,58,56,66,-1,66,56,62,-1,66,62,67,-1,67,62,63,-1,61,2,68,-1,68,2,3,-1,68,3,69,-1,69,3,53,-1,70,71,67,-1,67,71,72,-1,67,72,73,-1,74,66,75,-1,75,66,76,-1,77,78,68,-1,68,78,79,-1,68,79,80,-1,73,81,67,-1,67,81,82,-1,67,82,66,-1,66,82,83,-1,66,83,76,-1,74,84,66,-1,66,84,85,-1,66,85,69,-1,69,85,86,-1,69,86,87,-1,87,88,69,-1,69,88,89,-1,69,89,90,-1,90,91,69,-1,69,91,92,-1,69,92,68,-1,68,92,93,-1,68,93,77,-1,94,80,79,-1,95,78,77,-1,95,77,96,-1,96,77,93,-1,96,93,97,-1,97,93,92,-1,97,92,98,-1,98,92,91,-1,98,91,99,-1,99,91,90,-1,99,90,100,-1,100,90,89,-1,100,89,101,-1,101,89,88,-1,101,88,102,-1,102,88,87,-1,102,87,103,-1,103,87,86,-1,103,86,104,-1,104,86,85,-1,104,85,105,-1,105,85,84,-1,105,84,106,-1,106,84,74,-1,106,74,107,-1,107,74,75,-1,107,75,108,-1,108,75,76,-1,108,76,109,-1,109,76,83,-1,109,83,110,-1,110,83,82,-1,110,82,111,-1,111,82,81,-1,111,81,112,-1,112,81,73,-1,112,73,113,-1,113,73,114,-1,114,73,72,-1,114,72,115,-1,71,70,116,-1,116,117,71,-1,71,117,118,-1,71,118,72,-1,72,118,119,-1,72,119,115,-1,94,79,120,-1,95,121,78,-1,78,121,122,-1,78,122,79,-1,79,122,123,-1,79,123,120,-1,
        ]
    }
}
Shape{
    appearance Appearance {
        material  Material 	{
            diffuseColor 0.13725490196078433 0.32941176470588235 0.7019607843137254
            specularColor 0.011764705882352941 0.023529411764705882 0.050980392156862744
            ambientIntensity 0.2
            transparency 0
            shininess 0.5
        }
    }
    geometry IndexedFaceSet {
        ccw TRUE
        solid FALSE
        coord DEF co Coordinate {
            point [
                -2.2244 -0.9646 0.3937, -2.2244 0.3346 0.3937, -2.1654 -0.0591 0.3937, -1.8701 0.1114 0.3937, -1.7126 0.3346 0.3937, -1.8293 0.0801 0.3937, -1.798 0.0394 0.3937, -2.1586 -0.11 0.3937, -2.139 -0.1575 0.3937, -2.1077 -0.1982 0.3937, -1.9176 0.1311 0.3937, -1.9685 0.1378 0.3937, -2.0195 0.1311 0.3937, -2.0669 0.1114 0.3937, -2.1077 0.0801 0.3937, -2.139 0.0394 0.3937, -2.1586 -0.0081 0.3937, -2.0669 -0.2295 0.3937, -2.0195 -0.2492 0.3937, -1.7126 -0.9646 0.3937, -1.9685 -0.2559 0.3937, -1.9176 -0.2492 0.3937, -1.8701 -0.2295 0.3937, -1.8293 -0.1982 0.3937, -1.798 -0.1575 0.3937, -1.7784 -0.11 0.3937, -1.7717 -0.0591 0.3937, -1.7784 -0.0081 0.3937, -2.2244 0.3346 0.0, -2.1899 0.3346 0.0, -1.9918 0.3346 0.0, -1.781 0.3346 0.0, -1.7126 0.3346 0.0, -1.7126 -1.5157 0.0, -1.7126 -1.5157 0.3937, -2.2244 -1.5157 0.0, -2.2244 -1.5157 0.3937, -2.2244 -1.5157 0.3937
            ]
        }
        coordIndex [
            0,1,2,-1,3,4,5,-1,5,4,6,-1,2,7,0,-1,0,7,8,-1,0,8,9,-1,3,10,4,-1,4,10,11,-1,4,11,1,-1,11,12,1,-1,1,12,13,-1,1,13,14,-1,14,15,1,-1,1,15,16,-1,1,16,2,-1,9,17,0,-1,0,17,18,-1,0,18,19,-1,19,18,20,-1,19,20,21,-1,21,22,19,-1,19,22,23,-1,19,23,24,-1,24,25,19,-1,19,25,26,-1,19,26,4,-1,4,26,27,-1,4,27,6,-1,28,29,1,-1,1,29,30,-1,1,30,4,-1,4,30,31,-1,4,31,32,-1,4,32,19,-1,19,32,33,-1,19,33,34,-1,28,1,35,-1,35,1,0,-1,35,0,36,-1,
        ]
    }
}
Shape{
    appearance Appearance {
        material  Material 	{
            diffuseColor 0.6470588235294118 0.6196078431372549 0.5882352941176471
            specularColor 0.45098039215686275 0.43529411764705883 0.4117647058823529
            ambientIntensity 0.2
            transparency 0
            shininess 0.5
        }
    }
    geometry IndexedFaceSet {
        ccw TRUE
        solid FALSE
        coord DEF co Coordinate {
            point [
                -1.9685 -0.2559 0.3937, -1.9176 -0.2492 -1.6535, -1.9176 -0.2492 0.3937, -1.8701 -0.2295 -1.6535, -1.8701 -0.2295 0.3937, -1.8293 -0.1982 -1.6535, -1.8293 -0.1982 0.3937, -1.798 -0.1575 -1.6535, -1.798 -0.1575 0.3937, -1.7784 -0.11 -1.6535, -1.7784 -0.11 0.3937, -1.7717 -0.0591 -1.6535, -1.7717 -0.0591 0.3937, -1.7784 -0.0081 -1.6535, -1.7784 -0.0081 0.3937, -1.798 0.0394 -1.6535, -1.798 0.0394 0.3937, -1.8293 0.0801 -1.6535, -1.8293 0.0801 0.3937, -1.8701 0.1114 -1.6535, -1.8701 0.1114 0.3937, -1.9176 0.1311 -1.6535, -1.9176 0.1311 0.3937, -1.9685 0.1378 -1.6535, -1.9685 0.1378 0.3937, -2.0195 0.1311 -1.6535, -2.0195 0.1311 0.3937, -2.0669 0.1114 -1.6535, -2.0669 0.1114 0.3937, -2.1077 0.0801 -1.6535, -2.1077 0.0801 0.3937, -2.139 0.0394 -1.6535, -2.139 0.0394 0.3937, -2.1586 -0.0081 -1.6535, -2.1586 -0.0081 0.3937, -2.1654 -0.0591 -1.6535, -2.1654 -0.0591 0.3937, -2.1586 -0.11 -1.6535, -2.1586 -0.11 0.3937, -2.139 -0.1575 -1.6535, -2.139 -0.1575 0.3937, -2.1077 -0.1982 -1.6535, -2.1077 -0.1982 0.3937, -2.0669 -0.2295 -1.6535, -2.0669 -0.2295 0.3937, -2.0195 -0.2492 -1.6535, -2.0195 -0.2492 0.3937, -1.9685 -0.2559 -1.6535, -1.9685 -0.0591 -1.6535, -1.3711 0.5501 3.3465, -1.4186 0.6154 3.3465, -1.4237 0.611 3.3974, -1.4869 0.6816 3.3465, -1.508 0.702 3.3465, -1.5122 0.6969 3.3974, -1.6307 0.7813 3.3465, -1.724 0.8239 3.3465, -1.7263 0.8176 3.3974, -2.1422 0.8425 3.3465, -2.213 0.8239 3.3465, -2.2107 0.8176 3.3974, -2.3063 0.7813 3.3465, -2.3262 0.7722 3.3465, -2.3229 0.7664 3.3974, -2.4501 0.6816 3.3465, -2.5184 0.6154 3.3465, -2.5134 0.611 3.3974, -1.288 0.3959 3.3465, -1.2902 0.4031 3.3465, -1.2964 0.4007 3.3974, -1.2574 0.2953 3.3465, -1.2618 0.2953 3.3873, -1.2644 0.2953 3.3974, -1.3148 0.3935 3.4449, -1.2827 0.2953 3.442, -1.2662 0.2953 3.404, -1.3238 0.2953 3.4923, -1.3172 0.2953 3.4851, -1.3439 0.3821 3.4857, -1.2955 0.2953 3.4616, -1.2846 0.2953 3.4448, -1.4028 0.2953 3.5353, -1.3797 0.2953 3.5272, -1.3819 0.3673 3.5169, -1.3592 0.2953 3.516, -1.3425 0.2953 3.5069, -1.4079 0.2953 3.5362, -1.4261 0.35 3.5366, -1.4453 0.2953 3.5427, -1.4735 0.3314 3.5433, -1.4609 0.2953 3.5433, -2.4761 0.2953 3.5433, -2.4635 0.3314 3.5433, -2.519 0.2953 3.539, -2.5109 0.35 3.5366, -2.5292 0.2953 3.5365, -2.5324 0.2953 3.5358, -2.5719 0.2953 3.5204, -2.5551 0.3673 3.5169, -2.5782 0.2953 3.5166, -2.5972 0.2953 3.505, -2.5931 0.3821 3.4857, -2.6198 0.2953 3.485, -2.6285 0.2953 3.4774, -2.6222 0.3935 3.4449, -2.6455 0.2953 3.4559, -2.6406 0.4007 3.3974, -2.6651 0.2953 3.4197, -2.6517 0.2953 3.4445, -2.6468 0.4031 3.3465, -2.649 0.3959 3.3465, -2.6796 0.2953 3.3465, -2.6794 0.2953 3.3566, -2.6767 0.2953 3.3801, -2.6717 0.2953 3.3971, -2.4233 0.4129 3.5433, -2.3698 0.4863 3.5433, -2.4669 0.4392 3.5366, -2.4083 0.5197 3.5366, -2.5075 0.4638 3.5169, -2.4441 0.5508 3.5169, -2.5424 0.4849 3.4857, -2.4749 0.5776 3.4857, -2.5692 0.5011 3.4449, -2.4985 0.5981 3.4449, -2.586 0.5113 3.3974, -1.878 0.6615 3.5433, -1.7901 0.6385 3.5433, -1.8693 0.7117 3.5366, -1.773 0.6865 3.5366, -1.8612 0.7585 3.5169, -1.7571 0.7312 3.5169, -1.8543 0.7987 3.4857, -1.7434 0.7696 3.4857, -1.849 0.8295 3.4449, -1.7329 0.7991 3.4449, -1.8456 0.8489 3.3974, -2.5917 0.5147 3.3465, -2.566 0.5501 3.3465, -2.4291 0.702 3.3465, -2.4248 0.6969 3.3974, -2.4124 0.6816 3.4449, -2.3926 0.6574 3.4857, -2.3668 0.6258 3.5169, -2.3368 0.589 3.5366, -2.3046 0.5495 3.5433, -2.2295 0.6008 3.5433, -2.2546 0.6451 3.5366, -2.2779 0.6865 3.5169, -2.2979 0.722 3.4857, -2.3133 0.7493 3.4449, -2.2041 0.7991 3.4449, -2.1936 0.7696 3.4857, -2.1799 0.7312 3.5169, -2.164 0.6865 3.5366, -2.1469 0.6385 3.5433, -2.0925 0.8555 3.3465, -2.0914 0.8489 3.3974, -2.0881 0.8295 3.4449, -2.0827 0.7987 3.4857, -2.0758 0.7585 3.5169, -2.0677 0.7117 3.5366, -2.059 0.6615 3.5433, -1.9685 0.6693 3.5433, -1.9685 0.7202 3.5366, -1.9685 0.7677 3.5169, -1.9685 0.8085 3.4857, -1.9685 0.8398 3.4449, -1.9685 0.8594 3.3974, -1.9685 0.8661 3.3465, -1.8445 0.8555 3.3465, -1.7949 0.8425 3.3465, -1.6108 0.7722 3.3465, -1.6141 0.7664 3.3974, -1.6237 0.7493 3.4449, -1.6391 0.722 3.4857, -1.6591 0.6865 3.5169, -1.6824 0.6451 3.5366, -1.7075 0.6008 3.5433, -1.6324 0.5495 3.5433, -1.6002 0.589 3.5366, -1.5702 0.6258 3.5169, -1.5444 0.6574 3.4857, -1.5246 0.6816 3.4449, -1.4385 0.5981 3.4449, -1.4621 0.5776 3.4857, -1.4929 0.5508 3.5169, -1.5287 0.5197 3.5366, -1.5672 0.4863 3.5433, -1.3453 0.5147 3.3465, -1.351 0.5113 3.3974, -1.3679 0.5011 3.4449, -1.3946 0.4849 3.4857, -1.4295 0.4638 3.5169, -1.4701 0.4392 3.5366, -1.5137 0.4129 3.5433, -1.2646 -0.0197 3.3973, -1.2607 -0.0197 3.3821, -2.6796 -0.0197 3.2283, -1.2574 -0.0197 3.3465, -1.2574 -0.0197 3.2283, -2.6758 -0.0197 3.3844, -2.672 -0.0197 3.3972, -1.3589 -0.0197 3.5164, -2.6651 -0.0197 3.4197, -2.6517 -0.0197 3.4444, -1.3903 -0.0197 3.5313, -2.6301 -0.0197 3.4756, -2.6198 -0.0197 3.485, -1.4079 -0.0197 3.5362, -1.3521 -0.0197 3.5131, -1.3283 -0.0197 3.4962, -1.3173 -0.0197 3.485, -1.2992 -0.0197 3.4664, -2.6796 -0.0197 3.3465, -1.284 -0.0197 3.4442, -1.267 -0.0197 3.4065, -2.6454 -0.0197 3.4561, -2.599 -0.0197 3.5038, -2.5786 -0.0197 3.5169, -2.5394 -0.0197 3.5337, -2.5291 -0.0197 3.5363, -2.5154 -0.0197 3.5397, -1.418 -0.0197 3.539, -1.4609 -0.0197 3.5433, -2.4761 -0.0197 3.5433, -1.2574 0.2953 3.2283, -2.6796 0.2953 3.2283, -1.2455 0.05 3.2283, -2.6915 0.05 3.2283, -1.2455 0.2256 3.2283, -2.6915 0.2256 3.2283, -2.6915 0.2256 3.2283
            ]
        }
        coordIndex [
            0,1,2,-1,2,1,3,-1,2,3,4,-1,4,3,5,-1,4,5,6,-1,6,5,7,-1,6,7,8,-1,8,7,9,-1,8,9,10,-1,10,9,11,-1,10,11,12,-1,12,11,13,-1,12,13,14,-1,14,13,15,-1,14,15,16,-1,16,15,17,-1,16,17,18,-1,18,17,19,-1,18,19,20,-1,20,19,21,-1,20,21,22,-1,22,21,23,-1,22,23,24,-1,24,23,25,-1,24,25,26,-1,26,25,27,-1,26,27,28,-1,28,27,29,-1,28,29,30,-1,30,29,31,-1,30,31,32,-1,32,31,33,-1,32,33,34,-1,34,33,35,-1,34,35,36,-1,36,35,37,-1,36,37,38,-1,38,37,39,-1,38,39,40,-1,40,39,41,-1,40,41,42,-1,42,41,43,-1,42,43,44,-1,44,43,45,-1,44,45,46,-1,46,45,47,-1,46,47,0,-1,0,47,1,-1,3,1,48,-1,48,1,47,-1,48,47,45,-1,9,7,48,-1,48,7,5,-1,48,5,3,-1,15,13,48,-1,48,13,11,-1,48,11,9,-1,21,19,48,-1,48,19,17,-1,48,17,15,-1,27,25,48,-1,48,25,23,-1,48,23,21,-1,33,31,48,-1,48,31,29,-1,48,29,27,-1,39,37,48,-1,48,37,35,-1,48,35,33,-1,45,43,48,-1,48,43,41,-1,48,41,39,-1,49,50,51,-1,52,53,54,-1,55,56,57,-1,58,59,60,-1,61,62,63,-1,64,65,66,-1,67,68,69,-1,70,67,71,-1,71,67,69,-1,71,69,72,-1,73,74,69,-1,69,74,75,-1,69,75,72,-1,76,77,78,-1,78,77,79,-1,78,79,73,-1,73,79,80,-1,73,80,74,-1,81,82,83,-1,83,82,84,-1,83,84,78,-1,78,84,85,-1,78,85,76,-1,81,83,86,-1,86,83,87,-1,86,87,88,-1,88,87,89,-1,88,89,90,-1,91,92,93,-1,93,92,94,-1,93,94,95,-1,95,94,96,-1,96,94,97,-1,97,94,98,-1,97,98,99,-1,99,98,100,-1,100,98,101,-1,100,101,102,-1,102,101,103,-1,103,101,104,-1,103,104,105,-1,106,107,104,-1,104,107,108,-1,104,108,105,-1,106,109,110,-1,111,112,110,-1,110,112,113,-1,110,113,106,-1,106,113,114,-1,106,114,107,-1,115,116,117,-1,117,116,118,-1,117,118,119,-1,119,118,120,-1,119,120,121,-1,121,120,122,-1,121,122,123,-1,123,122,124,-1,123,124,125,-1,125,124,66,-1,126,127,128,-1,128,127,129,-1,128,129,130,-1,130,129,131,-1,130,131,132,-1,132,131,133,-1,132,133,134,-1,134,133,135,-1,134,135,136,-1,136,135,57,-1,92,115,94,-1,94,115,117,-1,94,117,98,-1,98,117,119,-1,98,119,101,-1,101,119,121,-1,101,121,104,-1,104,121,123,-1,104,123,106,-1,106,123,125,-1,106,125,109,-1,109,125,137,-1,66,65,125,-1,125,65,138,-1,125,138,137,-1,139,64,140,-1,140,64,66,-1,140,66,141,-1,141,66,124,-1,141,124,142,-1,142,124,122,-1,142,122,143,-1,143,122,120,-1,143,120,144,-1,144,120,118,-1,144,118,145,-1,145,118,116,-1,145,146,144,-1,144,146,147,-1,144,147,143,-1,143,147,148,-1,143,148,142,-1,142,148,149,-1,142,149,141,-1,141,149,150,-1,141,150,140,-1,140,150,63,-1,140,63,139,-1,139,63,62,-1,59,61,60,-1,60,61,63,-1,60,63,151,-1,151,63,150,-1,151,150,152,-1,152,150,149,-1,152,149,153,-1,153,149,148,-1,153,148,154,-1,154,148,147,-1,154,147,155,-1,155,147,146,-1,156,58,157,-1,157,58,60,-1,157,60,158,-1,158,60,151,-1,158,151,159,-1,159,151,152,-1,159,152,160,-1,160,152,153,-1,160,153,161,-1,161,153,154,-1,161,154,162,-1,162,154,155,-1,162,163,161,-1,161,163,164,-1,161,164,160,-1,160,164,165,-1,160,165,159,-1,159,165,166,-1,159,166,158,-1,158,166,167,-1,158,167,157,-1,157,167,168,-1,157,168,156,-1,156,168,169,-1,163,126,164,-1,164,126,128,-1,164,128,165,-1,165,128,130,-1,165,130,166,-1,166,130,132,-1,166,132,167,-1,167,132,134,-1,167,134,168,-1,168,134,136,-1,168,136,169,-1,169,136,170,-1,57,56,136,-1,136,56,171,-1,136,171,170,-1,172,55,173,-1,173,55,57,-1,173,57,174,-1,174,57,135,-1,174,135,175,-1,175,135,133,-1,175,133,176,-1,176,133,131,-1,176,131,177,-1,177,131,129,-1,177,129,178,-1,178,129,127,-1,178,179,177,-1,177,179,180,-1,177,180,176,-1,176,180,181,-1,176,181,175,-1,175,181,182,-1,175,182,174,-1,174,182,183,-1,174,183,173,-1,173,183,54,-1,173,54,172,-1,172,54,53,-1,50,52,51,-1,51,52,54,-1,51,54,184,-1,184,54,183,-1,184,183,185,-1,185,183,182,-1,185,182,186,-1,186,182,181,-1,186,181,187,-1,187,181,180,-1,187,180,188,-1,188,180,179,-1,189,49,190,-1,190,49,51,-1,190,51,191,-1,191,51,184,-1,191,184,192,-1,192,184,185,-1,192,185,193,-1,193,185,186,-1,193,186,194,-1,194,186,187,-1,194,187,195,-1,195,187,188,-1,195,89,194,-1,194,89,87,-1,194,87,193,-1,193,87,83,-1,193,83,192,-1,192,83,78,-1,192,78,191,-1,191,78,73,-1,191,73,190,-1,190,73,69,-1,190,69,189,-1,189,69,68,-1,196,197,198,-1,198,197,199,-1,198,199,200,-1,201,202,203,-1,202,204,203,-1,203,204,205,-1,203,205,206,-1,207,208,209,-1,210,211,198,-1,198,211,212,-1,198,212,213,-1,210,198,203,-1,203,198,214,-1,203,214,201,-1,213,215,198,-1,198,215,216,-1,198,216,196,-1,206,205,209,-1,209,205,217,-1,209,217,207,-1,208,218,219,-1,219,220,208,-1,208,220,221,-1,208,221,222,-1,223,209,224,-1,224,209,208,-1,224,208,225,-1,225,208,222,-1,226,70,227,-1,227,70,71,-1,71,72,227,-1,227,72,75,-1,227,75,74,-1,74,80,227,-1,227,80,79,-1,227,79,77,-1,108,107,114,-1,112,111,102,-1,102,111,227,-1,102,227,100,-1,96,97,227,-1,227,97,99,-1,227,99,100,-1,105,108,103,-1,103,108,102,-1,77,76,227,-1,227,76,85,-1,227,85,84,-1,108,114,102,-1,102,114,113,-1,102,113,112,-1,84,82,227,-1,227,82,81,-1,227,81,86,-1,86,88,227,-1,227,88,90,-1,227,90,91,-1,91,93,227,-1,227,93,95,-1,227,95,96,-1,198,200,228,-1,198,228,229,-1,229,228,230,-1,229,230,231,-1,231,230,226,-1,231,226,227,-1,
        ]
    }
}
Shape{
    appearance Appearance {
        material  Material 	{
            diffuseColor 0.792156862745098 0.8196078431372549 0.9333333333333333
            specularColor 0.396078431372549 0.4117647058823529 0.4666666666666667
            ambientIntensity 0.2
            transparency 0
            shininess 0.5
        }
    }
    geometry IndexedFaceSet {
        ccw TRUE
        solid FALSE
        coord DEF co Coordinate {
            point [
                -1.7386 1.0422 0.0039, -1.7386 1.0422 0.0, -1.7205 0.9578 0.0039, -1.7205 0.9578 0.0, -1.7472 1.0852 0.0039, -1.7472 1.0852 0.0, -1.7505 1.0988 0.0039, -1.7505 1.0988 0.0, -1.7503 1.0979 0.0, -1.7483 1.0897 0.0, -1.7585 1.0875 0.0039, -1.7585 1.0875 0.0, -1.7582 1.0897 0.0, -1.7578 1.0943 0.0039, -1.7578 1.0943 0.0, -1.7573 1.0979 0.0, -1.7568 1.1014 0.0039, -1.7568 1.1014 0.0, -1.7564 1.1029 0.0, -1.7564 1.1029 0.0039, -1.756 1.1034 0.0, -1.756 1.1034 0.0039, -1.7556 1.1038 0.0, -1.7556 1.1038 0.0039, -1.7553 1.1041 0.0, -1.7553 1.1041 0.0039, -1.7549 1.1042 0.0, -1.7549 1.1042 0.0039, -1.7544 1.1043 0.0, -1.7544 1.1043 0.0039, -1.754 1.1042 0.0, -1.754 1.1042 0.0039, -1.7535 1.104 0.0, -1.7535 1.104 0.0039, -1.7531 1.1036 0.0, -1.7531 1.1036 0.0039, -1.7525 1.103 0.0, -1.7525 1.103 0.0039, -1.7519 1.1021 0.0, -1.7519 1.1021 0.0039, -1.7513 1.1008 0.0, -1.7513 1.1008 0.0039, -1.7613 1.0637 0.0039, -1.7613 1.0637 0.0, -1.7596 1.0422 0.0039, -1.7596 1.0422 0.0, -1.7607 1.0444 0.0, -1.7607 1.0444 0.0039, -1.7618 1.0475 0.0, -1.7618 1.0475 0.0039, -1.762 1.0527 0.0, -1.762 1.0527 0.0039, -1.7567 1.0371 0.0039, -1.7567 1.0371 0.0, -1.7431 0.9872 0.0039, -1.7431 0.9872 0.0, -1.7493 1.0123 0.0, -1.7493 1.0123 0.0039, -1.686 0.7228 0.0, -1.6848 0.7172 0.0039, -1.6848 0.7172 0.0, -1.6769 0.7172 0.0039, -1.6769 0.7172 0.0, -1.622 0.9601 0.0039, -1.622 0.9601 0.0, -1.6757 0.7228 0.0, -1.6152 0.9884 0.0039, -1.6152 0.9884 0.0, -1.6084 1.015 0.0039, -1.6084 1.015 0.0, -1.6122 1.0018 0.0, -1.6122 1.0018 0.0039, -1.6045 1.0257 0.0039, -1.6045 1.0257 0.0, -1.5965 1.0592 0.0039, -1.5965 1.0592 0.0, -1.5965 1.059 0.0, -1.5965 1.059 0.0039, -1.5956 1.0457 0.0, -1.5956 1.0457 0.0039, -1.5956 1.0436 0.0, -1.5956 1.0436 0.0039, -1.5957 1.043 0.0, -1.5957 1.043 0.0039, -1.5961 1.0424 0.0, -1.5961 1.0424 0.0039, -1.5967 1.0415 0.0, -1.5967 1.0415 0.0039, -1.5985 1.0394 0.0, -1.5985 1.0394 0.0039, -1.6009 1.0358 0.0, -1.6009 1.0358 0.0039, -1.5988 1.0846 0.0039, -1.5988 1.0846 0.0, -1.5994 1.0897 0.0, -1.5999 1.0943 0.0039, -1.5999 1.0943 0.0, -1.6001 1.0973 0.0039, -1.6061 1.0994 0.0039, -1.6061 1.0994 0.0, -1.6058 1.1009 0.0, -1.6058 1.1009 0.0039, -1.6053 1.1019 0.0, -1.6053 1.1019 0.0039, -1.6048 1.1026 0.0, -1.6048 1.1026 0.0039, -1.6043 1.103 0.0, -1.6043 1.103 0.0039, -1.6037 1.1033 0.0, -1.6037 1.1033 0.0039, -1.6032 1.1034 0.0, -1.6032 1.1034 0.0039, -1.6027 1.1034 0.0, -1.6027 1.1034 0.0039, -1.6023 1.1033 0.0, -1.6023 1.1033 0.0039, -1.6019 1.1031 0.0, -1.6019 1.1031 0.0039, -1.6015 1.1028 0.0, -1.6015 1.1028 0.0039, -1.6012 1.1023 0.0, -1.6012 1.1023 0.0039, -1.601 1.1017 0.0, -1.601 1.1017 0.0039, -1.6007 1.1008 0.0, -1.6007 1.1008 0.0039, -1.6005 1.0993 0.0, -1.6005 1.0993 0.0039, -1.6002 1.0979 0.0, -1.6001 1.0973 0.0, -1.6101 1.0767 0.0039, -1.6101 1.0767 0.0, -1.6078 1.0897 0.0, -1.6064 1.0979 0.0, -1.6435 0.9392 0.0039, -1.6435 0.9392 0.0, -1.6809 0.7716 0.0039, -1.7177 0.938 0.0039, -1.6446 0.9306 0.0039, -1.6599 0.9159 0.0039, -1.6741 0.9256 0.0039, -1.6789 0.9282 0.0039, -1.6954 0.9333 0.0039, -1.7177 0.938 0.0, -1.6809 0.7716 0.0, -1.6741 0.9256 0.0, -1.6789 0.9282 0.0, -1.6954 0.9333 0.0, -1.6599 0.9159 0.0, -1.6446 0.9306 0.0, -1.9659 0.7528 0.0039, -1.9659 0.7528 0.0, -1.9557 0.7613 0.0039, -1.9557 0.7613 0.0, -1.9687 0.7403 0.0039, -1.9687 0.7403 0.0, -1.9694 0.7409 0.0, -1.9694 0.7409 0.0039, -1.9702 0.7418 0.0, -1.9702 0.7418 0.0039, -1.9707 0.7427 0.0, -1.9707 0.7427 0.0039, -1.9711 0.7441 0.0, -1.9711 0.7441 0.0039, -1.9712 0.7455 0.0, -1.9712 0.7455 0.0039, -1.9709 0.7468 0.0, -1.9709 0.7468 0.0039, -1.9699 0.7489 0.0, -1.9699 0.7489 0.0039, -1.9684 0.7508 0.0, -1.9684 0.7508 0.0039, -1.9585 0.7421 0.0039, -1.9585 0.7421 0.0, -1.9467 0.7421 0.0039, -1.9467 0.7421 0.0, -1.937 0.7403 0.0039, -1.937 0.7403 0.0, -1.9418 0.7412 0.0, -1.9418 0.7412 0.0039, -1.9251 0.7393 0.0039, -1.9251 0.7393 0.0, -1.9036 0.733 0.0039, -1.9036 0.733 0.0, -1.8787 0.7296 0.0039, -1.8787 0.7296 0.0, -1.8913 0.7306 0.0, -1.8913 0.7306 0.0039, -1.7999 0.9256 0.0039, -1.7999 0.9256 0.0, -1.8025 0.8471 0.0, -1.8025 0.8471 0.0039, -1.8108 0.7837 0.0, -1.8108 0.7837 0.0039, -1.8196 0.7606 0.0, -1.8196 0.7606 0.0039, -1.8286 0.7475 0.0, -1.8286 0.7475 0.0039, -1.838 0.7392 0.0, -1.838 0.7392 0.0039, -1.8484 0.7338 0.0, -1.8484 0.7338 0.0039, -1.8611 0.7307 0.0, -1.8611 0.7307 0.0039, -1.9008 1.0813 0.0039, -1.9008 1.0813 0.0, -1.8597 1.0749 0.0, -1.8597 1.0749 0.0039, -1.849 1.0707 0.0, -1.849 1.0707 0.0039, -1.8381 1.0626 0.0, -1.8381 1.0626 0.0039, -1.8282 1.0509 0.0, -1.8282 1.0509 0.0039, -1.8165 1.0299 0.0, -1.8165 1.0299 0.0039, -1.8057 0.9924 0.0, -1.8057 0.9924 0.0039, -1.9257 1.0841 0.0039, -1.9257 1.0841 0.0, -1.9349 1.0866 0.0039, -1.9432 1.0914 0.0039, -1.9432 1.0914 0.0, -1.9427 1.0913 0.0, -1.9427 1.0913 0.0039, -1.9409 1.0902 0.0, -1.9409 1.0902 0.0039, -1.9401 1.0897 0.0, -1.9349 1.0866 0.0, -1.9602 1.0778 0.0039, -1.9602 1.0778 0.0, -1.9576 1.0807 0.0, -1.9576 1.0807 0.0039, -1.9495 1.0882 0.0, -1.9495 1.0882 0.0039, -1.9474 1.0897 0.0, -1.9458 1.0909 0.0039, -1.9458 1.0909 0.0, -1.9447 1.0913 0.0, -1.9447 1.0913 0.0039, -1.967 1.0705 0.0039, -1.967 1.0705 0.0, -1.9653 1.062 0.0039, -1.9653 1.062 0.0, -1.9672 1.0618 0.0, -1.9672 1.0618 0.0039, -1.9686 1.0619 0.0, -1.9686 1.0619 0.0039, -1.9692 1.0621 0.0, -1.9692 1.0621 0.0039, -1.9695 1.0623 0.0, -1.9695 1.0623 0.0039, -1.9698 1.0626 0.0, -1.9698 1.0626 0.0039, -1.9701 1.063 0.0, -1.9701 1.063 0.0039, -1.9705 1.0642 0.0, -1.9705 1.0642 0.0039, -1.9707 1.0649 0.0, -1.9707 1.0649 0.0039, -1.9706 1.0655 0.0, -1.9706 1.0655 0.0039, -1.9704 1.0661 0.0, -1.9704 1.0661 0.0039, -1.9701 1.0668 0.0, -1.9701 1.0668 0.0039, -1.9694 1.0678 0.0, -1.9694 1.0678 0.0039, -1.9685 1.069 0.0, -1.9685 1.069 0.0039, -1.9574 1.062 0.0039, -1.9574 1.062 0.0, -1.9483 1.062 0.0039, -1.9483 1.062 0.0, -1.9483 0.7653 0.0039, -1.9483 0.7653 0.0, -1.9521 0.7635 0.0, -1.9521 0.7635 0.0039, -1.9325 0.7613 0.0039, -1.9325 1.0609 0.0039, -1.8599 1.0525 0.0039, -1.8726 1.0557 0.0039, -1.89 1.058 0.0039, -1.9149 1.0609 0.0039, -1.8507 1.0485 0.0039, -1.9237 1.0612 0.0039, -1.9217 0.7568 0.0039, -1.8976 0.7512 0.0039, -1.873 0.7494 0.0039, -1.858 0.7523 0.0039, -1.8171 0.9591 0.0039, -1.8261 1.0094 0.0039, -1.8373 1.0346 0.0039, -1.8439 1.0431 0.0039, -1.8472 0.7566 0.0039, -1.8404 0.7614 0.0039, -1.8337 0.7696 0.0039, -1.8274 0.7818 0.0039, -1.8224 0.7988 0.0039, -1.8158 0.8757 0.0039, -1.89 1.058 0.0, -1.9149 1.0609 0.0, -1.8158 0.8757 0.0, -1.8171 0.9591 0.0, -1.8261 1.0094 0.0, -1.8373 1.0346 0.0, -1.8439 1.0431 0.0, -1.8507 1.0485 0.0, -1.8599 1.0525 0.0, -1.8726 1.0557 0.0, -1.873 0.7494 0.0, -1.858 0.7523 0.0, -1.8472 0.7566 0.0, -1.8404 0.7614 0.0, -1.8337 0.7696 0.0, -1.8274 0.7818 0.0, -1.8224 0.7988 0.0, -1.9217 0.7568 0.0, -1.8976 0.7512 0.0, -1.9325 0.7613 0.0, -1.9325 1.0609 0.0, -1.9237 1.0612 0.0, -2.0883 0.8825 0.0039, -2.0883 0.8825 0.0, -2.1359 0.8887 0.0039, -2.1359 0.8887 0.0, -2.0504 0.8706 0.0039, -2.0504 0.8706 0.0, -2.0561 0.8741 0.0, -2.0561 0.8741 0.0039, -2.0687 0.8786 0.0, -2.0687 0.8786 0.0039, -2.0453 0.8678 0.0039, -2.0453 0.8678 0.0, -2.0289 0.8842 0.0039, -2.0289 0.8842 0.0, -2.0317 0.8939 0.0039, -2.0317 0.8939 0.0, -2.0303 0.8937 0.0, -2.0303 0.8937 0.0039, -2.0292 0.8934 0.0, -2.0292 0.8934 0.0039, -2.0282 0.8929 0.0, -2.0282 0.8929 0.0039, -2.0274 0.8921 0.0, -2.0274 0.8921 0.0039, -2.0267 0.8909 0.0, -2.0267 0.8909 0.0039, -2.0264 0.89 0.0, -2.0264 0.89 0.0039, -2.0263 0.8891 0.0, -2.0263 0.8891 0.0039, -2.0265 0.8882 0.0, -2.0265 0.8882 0.0039, -2.027 0.887 0.0, -2.027 0.887 0.0039, -2.0277 0.8858 0.0, -2.0277 0.8858 0.0039, -2.1359 0.9085 0.0039, -2.1359 0.9085 0.0, -2.1359 1.062 0.0039, -2.1359 1.062 0.0, -2.0515 1.0502 0.0039, -2.0515 1.0502 0.0, -2.0357 1.0444 0.0039, -2.0357 1.0444 0.0, -2.0433 1.048 0.0, -2.0433 1.048 0.0039, -2.0306 1.0416 0.0039, -2.0306 1.0416 0.0, -2.0148 1.0592 0.0039, -2.0148 1.0592 0.0, -2.0181 1.0683 0.0039, -2.0181 1.0683 0.0, -2.0163 1.0682 0.0, -2.0163 1.0682 0.0039, -2.0148 1.0679 0.0, -2.0148 1.0679 0.0039, -2.0147 1.0678 0.0, -2.0147 1.0678 0.0039, -2.0141 1.0675 0.0, -2.0141 1.0675 0.0039, -2.0137 1.0672 0.0, -2.0137 1.0672 0.0039, -2.0133 1.0667 0.0, -2.0133 1.0667 0.0039, -2.0128 1.0656 0.0, -2.0128 1.0656 0.0039, -2.0124 1.0647 0.0, -2.0124 1.0647 0.0039, -2.0124 1.0639 0.0, -2.0124 1.0639 0.0039, -2.0125 1.0629 0.0, -2.0125 1.0629 0.0039, -2.013 1.0616 0.0, -2.013 1.0616 0.0039, -2.0266 1.0688 0.0039, -2.0266 1.0688 0.0, -2.1122 1.0807 0.0039, -2.1122 1.0807 0.0, -2.0695 1.074 0.0, -2.0695 1.074 0.0039, -2.1382 1.0852 0.0039, -2.1382 1.0852 0.0, -2.1575 1.0773 0.0039, -2.1575 1.0773 0.0, -2.1576 1.0785 0.0, -2.1576 1.0785 0.0039, -2.1578 1.0817 0.0, -2.1578 1.0817 0.0039, -2.1573 1.084 0.0, -2.1573 1.084 0.0039, -2.1568 1.0853 0.0, -2.1568 1.0853 0.0039, -2.1556 1.0867 0.0, -2.1556 1.0867 0.0039, -2.1542 1.0878 0.0, -2.1542 1.0878 0.0039, -2.1528 1.0884 0.0, -2.1528 1.0884 0.0039, -2.1513 1.0886 0.0, -2.1513 1.0886 0.0039, -2.1485 1.0885 0.0, -2.1485 1.0885 0.0039, -2.1445 1.0875 0.0, -2.1445 1.0875 0.0039, -2.1524 1.0484 0.0039, -2.1524 1.0484 0.0, -2.1538 1.0631 0.0, -2.1538 1.0631 0.0039, -2.1524 1.0377 0.0039, -2.1524 1.0377 0.0, -2.1518 1.0235 0.0039, -2.1518 1.0235 0.0, -2.152 1.0306 0.0, -2.152 1.0306 0.0039, -2.1524 0.7642 0.0039, -2.1524 0.7642 0.0, -2.1614 0.7393 0.0039, -2.1614 0.7393 0.0, -2.163 0.7391 0.0, -2.163 0.7391 0.0039, -2.1645 0.7392 0.0, -2.1645 0.7392 0.0039, -2.1654 0.7394 0.0, -2.1654 0.7394 0.0039, -2.1656 0.7396 0.0, -2.1656 0.7396 0.0039, -2.1659 0.7398 0.0, -2.1659 0.7398 0.0039, -2.1661 0.74 0.0, -2.1661 0.74 0.0039, -2.1662 0.7405 0.0, -2.1662 0.7405 0.0039, -2.1663 0.741 0.0, -2.1663 0.741 0.0039, -2.1664 0.7422 0.0, -2.1664 0.7422 0.0039, -2.1663 0.7439 0.0, -2.1663 0.7439 0.0039, -2.1658 0.7467 0.0, -2.1658 0.7467 0.0039, -2.1649 0.7486 0.0, -2.1649 0.7486 0.0039, -2.1626 0.7519 0.0, -2.1626 0.7519 0.0039, -2.1587 0.7566 0.0, -2.1587 0.7566 0.0039, -2.1507 0.7409 0.0039, -2.1507 0.7409 0.0, -2.1314 0.7421 0.0039, -2.1314 0.7421 0.0, -2.141 0.7421 0.0, -2.141 0.7421 0.0039, -2.1297 0.7421 0.0039, -2.1297 0.7421 0.0, -2.1076 0.7403 0.0039, -2.1076 0.7403 0.0, -2.1186 0.7418 0.0, -2.1186 0.7418 0.0039, -2.0855 0.7364 0.0039, -2.0855 0.7364 0.0, -2.0476 0.7251 0.0039, -2.0476 0.7251 0.0, -2.0506 0.7269 0.0, -2.0506 0.7269 0.0039, -2.066 0.7325 0.0, -2.066 0.7325 0.0039, -2.0441 0.7228 0.0, -2.0425 0.7217 0.0039, -2.0425 0.7217 0.0, -2.0414 0.7228 0.0, -2.0261 0.7387 0.0039, -2.0261 0.7387 0.0, -2.0289 0.7477 0.0039, -2.0289 0.7477 0.0, -2.0275 0.7476 0.0, -2.0275 0.7476 0.0039, -2.0264 0.7473 0.0, -2.0264 0.7473 0.0039, -2.0254 0.7467 0.0, -2.0254 0.7467 0.0039, -2.0246 0.746 0.0, -2.0246 0.746 0.0039, -2.0242 0.7453 0.0, -2.0242 0.7453 0.0039, -2.0239 0.7445 0.0, -2.0239 0.7445 0.0039, -2.0238 0.7437 0.0, -2.0238 0.7437 0.0039, -2.024 0.7429 0.0, -2.024 0.7429 0.0039, -2.0243 0.7419 0.0, -2.0243 0.7419 0.0039, -2.025 0.7405 0.0, -2.025 0.7405 0.0039, -2.0379 0.7489 0.0039, -2.0379 0.7489 0.0, -2.0646 0.7523 0.0039, -2.0646 0.7523 0.0, -2.0513 0.7507 0.0, -2.0513 0.7507 0.0039, -2.1359 0.7642 0.0039, -2.1359 0.7642 0.0, -2.2221 0.7302 0.0039, -2.2221 0.7302 0.0, -2.2306 0.7302 0.0039, -2.2306 0.7302 0.0, -2.2221 0.8814 0.0039, -2.2221 0.8814 0.0, -2.2329 0.8814 0.0039, -2.2329 0.8814 0.0, -2.2827 0.7426 0.0039, -2.2827 0.7426 0.0, -2.2741 0.7445 0.0, -2.2741 0.7445 0.0039, -2.2662 0.748 0.0, -2.2662 0.748 0.0039, -2.2586 0.7538 0.0, -2.2586 0.7538 0.0039, -2.2518 0.762 0.0, -2.2518 0.762 0.0039, -2.2447 0.7759 0.0, -2.2447 0.7759 0.0039, -2.2377 0.8016 0.0, -2.2377 0.8016 0.0039, -2.3535 0.9346 0.0039, -2.3535 0.9346 0.0, -2.3514 0.8446 0.0, -2.3514 0.8446 0.0039, -2.3463 0.815 0.0, -2.3463 0.815 0.0039, -2.3331 0.7769 0.0, -2.3331 0.7769 0.0039, -2.3233 0.7616 0.0, -2.3233 0.7616 0.0039, -2.3142 0.7527 0.0, -2.3142 0.7527 0.0039, -2.3046 0.7467 0.0, -2.3046 0.7467 0.0039, -2.2945 0.7433 0.0, -2.2945 0.7433 0.0039, -2.2872 1.0716 0.0039, -2.2872 1.0716 0.0, -2.2951 1.0709 0.0, -2.2951 1.0709 0.0039, -2.3026 1.0686 0.0, -2.3026 1.0686 0.0039, -2.3099 1.0643 0.0, -2.3099 1.0643 0.0039, -2.318 1.0568 0.0, -2.318 1.0568 0.0039, -2.331 1.0386 0.0, -2.331 1.0386 0.0039, -2.3395 1.0155 0.0, -2.3395 1.0155 0.0039, -2.2256 0.9804 0.0039, -2.2256 0.9804 0.0, -2.2281 0.9972 0.0, -2.2281 0.9972 0.0039, -2.2362 1.0346 0.0, -2.2362 1.0346 0.0039, -2.2436 1.0493 0.0, -2.2436 1.0493 0.0039, -2.2519 1.0589 0.0, -2.2519 1.0589 0.0039, -2.2621 1.066 0.0, -2.2621 1.066 0.0039, -2.2746 1.0707 0.0, -2.2746 1.0707 0.0039, -2.2227 0.9505 0.0039, -2.2227 0.9505 0.0, -2.2137 0.951 0.0039, -2.2137 0.951 0.0, -2.2794 1.0903 0.0039, -2.2794 1.0903 0.0, -2.2759 1.0897 0.0, -2.266 1.088 0.0039, -2.266 1.088 0.0, -2.2524 1.0817 0.0, -2.2524 1.0817 0.0039, -2.2415 1.073 0.0, -2.2415 1.073 0.0039, -2.2341 1.0635 0.0, -2.2341 1.0635 0.0039, -2.2244 1.0439 0.0, -2.2244 1.0439 0.0039, -2.218 1.0186 0.0, -2.218 1.0186 0.0039, -2.2938 1.0898 0.0039, -2.3665 0.8468 0.0039, -2.3665 0.8468 0.0, -2.3663 0.9609 0.0, -2.3663 0.9609 0.0039, -2.3602 0.9993 0.0, -2.3602 0.9993 0.0039, -2.3443 1.0467 0.0, -2.3443 1.0467 0.0039, -2.3314 1.0679 0.0, -2.3314 1.0679 0.0039, -2.3219 1.0775 0.0, -2.3219 1.0775 0.0039, -2.3088 1.0852 0.0, -2.3088 1.0852 0.0039, -2.2941 1.0897 0.0, -2.2938 1.0898 0.0, -2.2872 0.724 0.0039, -2.2872 0.724 0.0, -2.2952 0.7241 0.0, -2.2952 0.7241 0.0039, -2.3034 0.7257 0.0, -2.3034 0.7257 0.0039, -2.3117 0.7298 0.0, -2.3117 0.7298 0.0039, -2.3293 0.7434 0.0, -2.3293 0.7434 0.0039, -2.3408 0.7584 0.0, -2.3408 0.7584 0.0039, -2.3529 0.7855 0.0, -2.3529 0.7855 0.0039, -2.2397 0.7545 0.0039, -2.2397 0.7545 0.0, -2.2463 0.7457 0.0, -2.2463 0.7457 0.0039, -2.2575 0.7355 0.0, -2.2575 0.7355 0.0039, -2.2706 0.7283 0.0, -2.2706 0.7283 0.0039, -2.2346 0.7636 0.0039, -2.2346 0.7636 0.0, -2.5109 0.7403 0.0039, -2.5109 0.7403 0.0, -2.525 0.7228 0.0, -2.5358 0.7092 0.0039, -2.5326 0.7132 0.0, -2.5358 0.7092 0.0, -2.5194 0.7761 0.0039, -2.5194 0.7761 0.0, -2.5192 0.7688 0.0, -2.5192 0.7688 0.0039, -2.5168 0.7528 0.0, -2.5168 0.7528 0.0039, -2.5194 1.0648 0.0039, -2.5194 1.0648 0.0, -2.4351 1.0479 0.0039, -2.4351 1.0479 0.0, -2.437 1.0487 0.0, -2.437 1.0487 0.0039, -2.4387 1.0499 0.0, -2.4387 1.0499 0.0039, -2.4439 1.0544 0.0, -2.4439 1.0544 0.0039, -2.448 1.0564 0.0, -2.448 1.0564 0.0039, -2.455 1.058 0.0, -2.455 1.058 0.0039, -2.4758 1.0612 0.0, -2.4758 1.0612 0.0039, -2.4118 1.0733 0.0039, -2.4118 1.0733 0.0, -2.4121 1.0713 0.0, -2.4121 1.0713 0.0039, -2.4125 1.0693 0.0, -2.4125 1.0693 0.0039, -2.4135 1.0676 0.0, -2.4135 1.0676 0.0039, -2.4156 1.0653 0.0, -2.4156 1.0653 0.0039, -2.4218 1.0595 0.0, -2.4218 1.0595 0.0039, -2.4911 1.0835 0.0039, -2.4911 1.0835 0.0, -2.4788 1.0825 0.0, -2.4788 1.0825 0.0039, -2.4415 1.0787 0.0, -2.4415 1.0787 0.0039, -2.4272 1.0766 0.0, -2.4272 1.0766 0.0039, -2.4172 1.0764 0.0, -2.4172 1.0764 0.0039, -2.4151 1.0761 0.0, -2.4151 1.0761 0.0039, -2.4137 1.0756 0.0, -2.4137 1.0756 0.0039, -2.4129 1.0751 0.0, -2.4129 1.0751 0.0039, -2.4125 1.0746 0.0, -2.4125 1.0746 0.0039, -2.5148 1.0858 0.0039, -2.5148 1.0858 0.0, -2.5279 1.0869 0.0039, -2.5279 1.0869 0.0, -2.5352 1.0626 0.0039, -2.5352 1.0626 0.0, -2.5355 1.0659 0.0, -2.5355 1.0659 0.0039, -2.5371 1.0798 0.0, -2.5371 1.0798 0.0039, -2.5371 1.0829 0.0, -2.5371 1.0829 0.0039, -2.5367 1.0844 0.0, -2.5367 1.0844 0.0039, -2.5358 1.086 0.0, -2.5358 1.086 0.0039, -2.5351 1.0869 0.0, -2.5351 1.0869 0.0039, -2.5344 1.0874 0.0, -2.5344 1.0874 0.0039, -2.5336 1.0877 0.0, -2.5336 1.0877 0.0039, -2.5324 1.0879 0.0, -2.5324 1.0879 0.0039, -2.5308 1.0878 0.0, -2.5308 1.0878 0.0039, -2.5341 1.0292 0.0039, -2.5341 1.0292 0.0, -2.5341 0.7743 0.0039, -2.5341 0.7743 0.0, -2.5345 0.7467 0.0039, -2.5387 0.7195 0.0039, -2.5387 0.7195 0.0, -2.5382 0.7228 0.0, -2.5345 0.7467 0.0, -2.5398 0.7137 0.0039, -2.5398 0.7137 0.0, -2.5393 0.7132 0.0, -2.5393 0.7132 0.0
            ]
        }
        coordIndex [
            0,1,2,-1,2,1,3,-1,4,5,0,-1,0,5,1,-1,6,7,8,-1,6,8,4,-1,4,8,9,-1,4,9,5,-1,10,11,12,-1,10,12,13,-1,12,14,13,-1,13,14,15,-1,13,15,16,-1,15,17,16,-1,16,17,18,-1,16,18,19,-1,19,18,20,-1,19,20,21,-1,21,20,22,-1,21,22,23,-1,23,22,24,-1,23,24,25,-1,25,24,26,-1,25,26,27,-1,27,26,28,-1,27,28,29,-1,29,28,30,-1,29,30,31,-1,31,30,32,-1,31,32,33,-1,33,32,34,-1,33,34,35,-1,35,34,36,-1,35,36,37,-1,37,36,38,-1,37,38,39,-1,39,38,40,-1,39,40,41,-1,41,40,7,-1,41,7,6,-1,42,43,10,-1,10,43,11,-1,44,45,46,-1,44,46,47,-1,47,46,48,-1,47,48,49,-1,49,48,50,-1,49,50,51,-1,51,50,43,-1,51,43,42,-1,52,53,44,-1,44,53,45,-1,54,55,56,-1,54,56,57,-1,57,56,53,-1,57,53,52,-1,55,54,58,-1,58,54,59,-1,58,59,60,-1,61,62,59,-1,59,62,60,-1,63,64,61,-1,61,64,65,-1,61,65,62,-1,66,67,63,-1,63,67,64,-1,68,69,70,-1,68,70,71,-1,71,70,67,-1,71,67,66,-1,72,73,68,-1,68,73,69,-1,74,75,76,-1,74,76,77,-1,77,76,78,-1,77,78,79,-1,79,78,80,-1,79,80,81,-1,81,80,82,-1,81,82,83,-1,83,82,84,-1,83,84,85,-1,85,84,86,-1,85,86,87,-1,87,86,88,-1,87,88,89,-1,89,88,90,-1,89,90,91,-1,91,90,73,-1,91,73,72,-1,92,93,74,-1,74,93,75,-1,93,92,94,-1,94,92,95,-1,94,95,96,-1,96,95,97,-1,98,99,100,-1,98,100,101,-1,101,100,102,-1,101,102,103,-1,103,102,104,-1,103,104,105,-1,105,104,106,-1,105,106,107,-1,107,106,108,-1,107,108,109,-1,109,108,110,-1,109,110,111,-1,111,110,112,-1,111,112,113,-1,113,112,114,-1,113,114,115,-1,115,114,116,-1,115,116,117,-1,117,116,118,-1,117,118,119,-1,119,118,120,-1,119,120,121,-1,121,120,122,-1,121,122,123,-1,123,122,124,-1,123,124,125,-1,125,124,126,-1,125,126,127,-1,127,126,128,-1,127,128,97,-1,97,128,129,-1,97,129,96,-1,98,130,131,-1,131,132,98,-1,98,132,133,-1,98,133,99,-1,134,135,130,-1,130,135,131,-1,134,2,135,-1,135,2,3,-1,136,59,137,-1,137,59,54,-1,6,4,13,-1,134,138,139,-1,89,91,130,-1,130,91,72,-1,139,140,134,-1,134,140,141,-1,134,141,2,-1,2,141,142,-1,57,0,54,-1,54,0,2,-1,54,2,137,-1,137,2,142,-1,72,68,130,-1,130,68,71,-1,130,71,134,-1,134,71,66,-1,134,66,138,-1,138,66,63,-1,138,63,136,-1,136,63,61,-1,136,61,59,-1,0,42,4,-1,4,42,10,-1,4,10,13,-1,127,97,98,-1,98,97,95,-1,98,95,130,-1,130,95,92,-1,92,74,130,-1,130,74,77,-1,130,77,89,-1,89,77,79,-1,89,79,87,-1,57,52,0,-1,0,52,44,-1,0,44,47,-1,16,39,13,-1,13,39,41,-1,13,41,6,-1,47,49,0,-1,0,49,51,-1,0,51,42,-1,81,83,79,-1,79,83,85,-1,79,85,87,-1,103,121,101,-1,101,121,123,-1,101,123,98,-1,98,123,125,-1,98,125,127,-1,103,105,121,-1,121,105,107,-1,121,107,119,-1,19,35,16,-1,16,35,37,-1,16,37,39,-1,19,21,35,-1,35,21,23,-1,35,23,25,-1,31,33,29,-1,29,33,35,-1,29,35,27,-1,27,35,25,-1,111,113,109,-1,109,113,115,-1,109,115,107,-1,107,115,117,-1,107,117,119,-1,137,143,136,-1,136,143,144,-1,140,145,146,-1,140,146,141,-1,141,146,147,-1,141,147,142,-1,142,147,143,-1,142,143,137,-1,139,148,140,-1,140,148,145,-1,138,149,139,-1,139,149,148,-1,144,149,136,-1,136,149,138,-1,150,151,152,-1,152,151,153,-1,154,155,156,-1,154,156,157,-1,157,156,158,-1,157,158,159,-1,159,158,160,-1,159,160,161,-1,161,160,162,-1,161,162,163,-1,163,162,164,-1,163,164,165,-1,165,164,166,-1,165,166,167,-1,167,166,168,-1,167,168,169,-1,169,168,170,-1,169,170,171,-1,171,170,151,-1,171,151,150,-1,172,173,154,-1,154,173,155,-1,174,175,172,-1,172,175,173,-1,176,177,178,-1,176,178,179,-1,179,178,175,-1,179,175,174,-1,180,181,176,-1,176,181,177,-1,182,183,180,-1,180,183,181,-1,184,185,186,-1,184,186,187,-1,187,186,183,-1,187,183,182,-1,188,189,190,-1,188,190,191,-1,191,190,192,-1,191,192,193,-1,193,192,194,-1,193,194,195,-1,195,194,196,-1,195,196,197,-1,197,196,198,-1,197,198,199,-1,199,198,200,-1,199,200,201,-1,201,200,202,-1,201,202,203,-1,203,202,185,-1,203,185,184,-1,204,205,206,-1,204,206,207,-1,207,206,208,-1,207,208,209,-1,209,208,210,-1,209,210,211,-1,211,210,212,-1,211,212,213,-1,213,212,214,-1,213,214,215,-1,215,214,216,-1,215,216,217,-1,217,216,189,-1,217,189,188,-1,218,219,204,-1,204,219,205,-1,219,218,220,-1,221,222,223,-1,221,223,224,-1,224,223,225,-1,224,225,226,-1,226,225,227,-1,226,227,220,-1,220,227,228,-1,220,228,219,-1,229,230,231,-1,229,231,232,-1,232,231,233,-1,232,233,234,-1,234,233,235,-1,234,235,236,-1,235,237,236,-1,236,237,238,-1,236,238,239,-1,239,238,222,-1,239,222,221,-1,240,241,229,-1,229,241,230,-1,242,243,244,-1,242,244,245,-1,245,244,246,-1,245,246,247,-1,247,246,248,-1,247,248,249,-1,249,248,250,-1,249,250,251,-1,251,250,252,-1,251,252,253,-1,253,252,254,-1,253,254,255,-1,255,254,256,-1,255,256,257,-1,257,256,258,-1,257,258,259,-1,259,258,260,-1,259,260,261,-1,261,260,262,-1,261,262,263,-1,263,262,264,-1,263,264,265,-1,265,264,266,-1,265,266,267,-1,267,266,268,-1,267,268,269,-1,269,268,241,-1,269,241,240,-1,270,271,242,-1,242,271,243,-1,272,273,270,-1,270,273,271,-1,274,275,272,-1,272,275,273,-1,152,153,276,-1,152,276,277,-1,277,276,275,-1,277,275,274,-1,265,267,242,-1,174,172,278,-1,172,154,150,-1,150,154,157,-1,150,157,171,-1,150,152,172,-1,172,152,277,-1,172,277,278,-1,278,277,274,-1,278,274,279,-1,280,281,232,-1,232,281,282,-1,232,282,283,-1,267,269,242,-1,242,269,240,-1,242,240,270,-1,270,240,229,-1,270,229,272,-1,272,229,232,-1,232,234,280,-1,280,234,220,-1,280,220,284,-1,274,272,279,-1,279,272,232,-1,279,232,285,-1,285,232,283,-1,286,287,182,-1,182,287,187,-1,187,287,288,-1,187,288,184,-1,249,251,253,-1,182,180,286,-1,286,180,176,-1,286,176,278,-1,278,176,179,-1,278,179,174,-1,184,288,203,-1,203,288,289,-1,203,289,201,-1,242,257,259,-1,159,167,157,-1,157,167,169,-1,157,169,171,-1,159,161,167,-1,167,161,163,-1,167,163,165,-1,290,291,215,-1,257,242,255,-1,255,242,245,-1,255,245,253,-1,253,245,247,-1,253,247,249,-1,259,261,242,-1,242,261,263,-1,242,263,265,-1,239,221,236,-1,236,221,224,-1,236,224,234,-1,234,224,226,-1,234,226,220,-1,215,291,213,-1,220,218,284,-1,284,218,204,-1,284,204,207,-1,291,292,213,-1,213,292,293,-1,213,293,211,-1,211,293,284,-1,211,284,209,-1,209,284,207,-1,201,289,199,-1,199,289,294,-1,199,294,197,-1,197,294,295,-1,197,295,195,-1,195,295,296,-1,195,296,193,-1,296,297,193,-1,193,297,298,-1,193,298,191,-1,191,298,299,-1,191,299,188,-1,188,299,290,-1,188,290,217,-1,217,290,215,-1,282,300,283,-1,283,300,301,-1,299,302,303,-1,299,303,290,-1,290,303,304,-1,290,304,291,-1,291,304,305,-1,291,305,292,-1,292,305,306,-1,292,306,293,-1,293,306,307,-1,293,307,284,-1,284,307,308,-1,284,308,280,-1,280,308,309,-1,280,309,281,-1,281,309,300,-1,281,300,282,-1,288,310,311,-1,288,311,289,-1,289,311,312,-1,289,312,294,-1,294,312,313,-1,294,313,295,-1,295,313,314,-1,295,314,296,-1,296,314,315,-1,296,315,297,-1,297,315,316,-1,297,316,298,-1,298,316,302,-1,298,302,299,-1,286,317,318,-1,286,318,287,-1,287,318,310,-1,287,310,288,-1,278,319,286,-1,286,319,317,-1,279,320,278,-1,278,320,319,-1,283,301,321,-1,283,321,285,-1,285,321,320,-1,285,320,279,-1,322,323,324,-1,324,323,325,-1,326,327,328,-1,326,328,329,-1,329,328,330,-1,329,330,331,-1,331,330,323,-1,331,323,322,-1,332,333,326,-1,326,333,327,-1,334,335,332,-1,332,335,333,-1,336,337,338,-1,336,338,339,-1,339,338,340,-1,339,340,341,-1,341,340,342,-1,341,342,343,-1,343,342,344,-1,343,344,345,-1,345,344,346,-1,345,346,347,-1,347,346,348,-1,347,348,349,-1,349,348,350,-1,349,350,351,-1,351,350,352,-1,351,352,353,-1,353,352,354,-1,353,354,355,-1,355,354,356,-1,355,356,357,-1,357,356,335,-1,357,335,334,-1,358,359,336,-1,336,359,337,-1,360,361,358,-1,358,361,359,-1,362,363,360,-1,360,363,361,-1,364,365,366,-1,364,366,367,-1,367,366,363,-1,367,363,362,-1,368,369,364,-1,364,369,365,-1,370,371,368,-1,368,371,369,-1,372,373,374,-1,372,374,375,-1,375,374,376,-1,375,376,377,-1,377,376,378,-1,377,378,379,-1,379,378,380,-1,379,380,381,-1,381,380,382,-1,381,382,383,-1,383,382,384,-1,383,384,385,-1,385,384,386,-1,385,386,387,-1,387,386,388,-1,387,388,389,-1,389,388,390,-1,389,390,391,-1,391,390,392,-1,391,392,393,-1,393,392,394,-1,393,394,395,-1,395,394,371,-1,395,371,370,-1,396,397,372,-1,372,397,373,-1,398,399,400,-1,398,400,401,-1,401,400,397,-1,401,397,396,-1,402,403,398,-1,398,403,399,-1,404,405,406,-1,404,406,407,-1,407,406,408,-1,407,408,409,-1,409,408,410,-1,409,410,411,-1,411,410,412,-1,411,412,413,-1,413,412,414,-1,413,414,415,-1,415,414,416,-1,415,416,417,-1,417,416,418,-1,417,418,419,-1,419,418,420,-1,419,420,421,-1,421,420,422,-1,421,422,423,-1,423,422,424,-1,423,424,425,-1,425,424,403,-1,425,403,402,-1,426,427,428,-1,426,428,429,-1,429,428,405,-1,429,405,404,-1,430,431,426,-1,426,431,427,-1,432,433,434,-1,432,434,435,-1,435,434,431,-1,435,431,430,-1,436,437,432,-1,432,437,433,-1,438,439,440,-1,438,440,441,-1,441,440,442,-1,441,442,443,-1,443,442,444,-1,443,444,445,-1,445,444,446,-1,445,446,447,-1,447,446,448,-1,447,448,449,-1,449,448,450,-1,449,450,451,-1,451,450,452,-1,451,452,453,-1,453,452,454,-1,453,454,455,-1,455,454,456,-1,455,456,457,-1,457,456,458,-1,457,458,459,-1,459,458,460,-1,459,460,461,-1,461,460,462,-1,461,462,463,-1,463,462,464,-1,463,464,465,-1,465,464,466,-1,465,466,467,-1,467,466,437,-1,467,437,436,-1,468,469,438,-1,438,469,439,-1,470,471,472,-1,470,472,473,-1,473,472,469,-1,473,469,468,-1,474,475,470,-1,470,475,471,-1,476,477,478,-1,476,478,479,-1,479,478,475,-1,479,475,474,-1,480,481,476,-1,476,481,477,-1,482,483,484,-1,482,484,485,-1,485,484,486,-1,485,486,487,-1,487,486,481,-1,487,481,480,-1,483,482,488,-1,488,482,489,-1,488,489,490,-1,490,489,491,-1,491,489,492,-1,491,492,493,-1,494,495,496,-1,494,496,497,-1,497,496,498,-1,497,498,499,-1,499,498,500,-1,499,500,501,-1,501,500,502,-1,501,502,503,-1,503,502,504,-1,503,504,505,-1,505,504,506,-1,505,506,507,-1,507,506,508,-1,507,508,509,-1,509,508,510,-1,509,510,511,-1,511,510,512,-1,511,512,513,-1,513,512,514,-1,513,514,515,-1,515,514,493,-1,515,493,492,-1,516,517,494,-1,494,517,495,-1,518,519,520,-1,518,520,521,-1,521,520,517,-1,521,517,516,-1,522,523,518,-1,518,523,519,-1,522,324,523,-1,523,324,325,-1,423,425,360,-1,364,367,396,-1,396,367,362,-1,326,329,336,-1,425,402,360,-1,360,402,398,-1,360,398,362,-1,362,398,401,-1,362,401,396,-1,432,435,360,-1,435,430,360,-1,360,430,426,-1,360,426,429,-1,429,404,360,-1,360,404,407,-1,360,407,409,-1,324,358,322,-1,322,358,336,-1,322,336,331,-1,331,336,329,-1,364,396,368,-1,368,396,372,-1,368,372,370,-1,370,372,375,-1,370,375,377,-1,360,415,417,-1,465,467,522,-1,522,467,436,-1,522,436,324,-1,324,436,432,-1,324,432,358,-1,358,432,360,-1,409,411,360,-1,360,411,413,-1,360,413,415,-1,353,355,339,-1,339,355,336,-1,332,326,334,-1,334,326,336,-1,334,336,357,-1,357,336,355,-1,453,455,522,-1,522,455,457,-1,522,457,459,-1,377,379,370,-1,370,379,381,-1,370,381,383,-1,417,419,360,-1,360,419,421,-1,360,421,423,-1,509,511,497,-1,497,511,513,-1,497,513,494,-1,494,513,515,-1,494,515,492,-1,479,474,522,-1,522,474,470,-1,522,470,473,-1,473,468,522,-1,522,468,438,-1,522,438,441,-1,393,387,391,-1,391,387,389,-1,383,385,370,-1,370,385,387,-1,370,387,395,-1,395,387,393,-1,447,449,522,-1,522,449,451,-1,522,451,453,-1,459,461,522,-1,522,461,463,-1,522,463,465,-1,492,489,494,-1,494,489,482,-1,494,482,516,-1,516,482,485,-1,516,485,521,-1,521,485,487,-1,521,487,518,-1,518,487,480,-1,518,480,522,-1,522,480,476,-1,522,476,479,-1,441,443,522,-1,522,443,445,-1,522,445,447,-1,347,349,339,-1,339,349,351,-1,339,351,353,-1,503,497,501,-1,501,497,499,-1,503,505,497,-1,497,505,507,-1,497,507,509,-1,341,343,339,-1,339,343,345,-1,339,345,347,-1,524,525,526,-1,526,525,527,-1,528,529,524,-1,524,529,525,-1,530,531,528,-1,528,531,529,-1,532,533,534,-1,532,534,535,-1,535,534,536,-1,535,536,537,-1,537,536,538,-1,537,538,539,-1,539,538,540,-1,539,540,541,-1,541,540,542,-1,541,542,543,-1,543,542,544,-1,543,544,545,-1,545,544,531,-1,545,531,530,-1,546,547,548,-1,546,548,549,-1,549,548,550,-1,549,550,551,-1,551,550,552,-1,551,552,553,-1,553,552,554,-1,553,554,555,-1,555,554,556,-1,555,556,557,-1,557,556,558,-1,557,558,559,-1,559,558,560,-1,559,560,561,-1,561,560,533,-1,561,533,532,-1,562,563,564,-1,562,564,565,-1,565,564,566,-1,565,566,567,-1,567,566,568,-1,567,568,569,-1,569,568,570,-1,569,570,571,-1,571,570,572,-1,571,572,573,-1,573,572,574,-1,573,574,575,-1,575,574,547,-1,575,547,546,-1,576,577,578,-1,576,578,579,-1,579,578,580,-1,579,580,581,-1,581,580,582,-1,581,582,583,-1,583,582,584,-1,583,584,585,-1,585,584,586,-1,585,586,587,-1,587,586,588,-1,587,588,589,-1,589,588,563,-1,589,563,562,-1,590,591,576,-1,576,591,577,-1,592,593,590,-1,590,593,591,-1,594,595,596,-1,594,596,597,-1,596,598,597,-1,597,598,599,-1,597,599,600,-1,600,599,601,-1,600,601,602,-1,602,601,603,-1,602,603,604,-1,604,603,605,-1,604,605,606,-1,606,605,607,-1,606,607,608,-1,608,607,593,-1,608,593,592,-1,595,594,609,-1,610,611,612,-1,610,612,613,-1,613,612,614,-1,613,614,615,-1,615,614,616,-1,615,616,617,-1,617,616,618,-1,617,618,619,-1,619,618,620,-1,619,620,621,-1,621,620,622,-1,621,622,623,-1,623,622,624,-1,623,624,609,-1,609,624,625,-1,609,625,595,-1,626,627,628,-1,626,628,629,-1,629,628,630,-1,629,630,631,-1,631,630,632,-1,631,632,633,-1,633,632,634,-1,633,634,635,-1,635,634,636,-1,635,636,637,-1,637,636,638,-1,637,638,639,-1,639,638,611,-1,639,611,610,-1,640,641,642,-1,640,642,643,-1,643,642,644,-1,643,644,645,-1,645,644,646,-1,645,646,647,-1,647,646,627,-1,647,627,626,-1,648,649,640,-1,640,649,641,-1,648,526,649,-1,649,526,527,-1,528,524,648,-1,648,524,526,-1,640,537,648,-1,648,537,539,-1,648,539,541,-1,530,528,545,-1,545,528,648,-1,545,648,543,-1,543,648,541,-1,640,643,537,-1,537,643,645,-1,537,645,535,-1,535,645,647,-1,535,647,532,-1,532,647,626,-1,532,626,561,-1,626,629,561,-1,561,629,631,-1,561,631,559,-1,559,631,633,-1,559,633,557,-1,557,633,635,-1,557,635,555,-1,555,635,637,-1,555,637,553,-1,553,637,551,-1,551,637,639,-1,551,639,549,-1,549,639,610,-1,549,610,546,-1,546,610,613,-1,546,613,575,-1,575,613,615,-1,575,615,573,-1,573,615,617,-1,573,617,571,-1,571,617,619,-1,571,619,569,-1,569,619,621,-1,569,621,567,-1,567,621,623,-1,567,623,565,-1,565,623,609,-1,565,609,562,-1,562,609,594,-1,562,594,589,-1,589,594,597,-1,589,597,587,-1,587,597,600,-1,587,600,585,-1,585,600,602,-1,585,602,583,-1,583,602,604,-1,583,604,581,-1,581,604,606,-1,581,606,579,-1,579,606,608,-1,579,608,576,-1,576,608,592,-1,576,592,590,-1,650,651,652,-1,650,652,653,-1,653,652,654,-1,653,654,655,-1,656,657,658,-1,656,658,659,-1,659,658,660,-1,659,660,661,-1,661,660,651,-1,661,651,650,-1,662,663,656,-1,656,663,657,-1,664,665,666,-1,664,666,667,-1,667,666,668,-1,667,668,669,-1,669,668,670,-1,669,670,671,-1,671,670,672,-1,671,672,673,-1,673,672,674,-1,673,674,675,-1,675,674,676,-1,675,676,677,-1,677,676,663,-1,677,663,662,-1,678,679,680,-1,678,680,681,-1,681,680,682,-1,681,682,683,-1,683,682,684,-1,683,684,685,-1,685,684,686,-1,685,686,687,-1,687,686,688,-1,687,688,689,-1,689,688,665,-1,689,665,664,-1,690,691,692,-1,690,692,693,-1,693,692,694,-1,693,694,695,-1,695,694,696,-1,695,696,697,-1,697,696,698,-1,697,698,699,-1,699,698,700,-1,699,700,701,-1,701,700,702,-1,701,702,703,-1,703,702,704,-1,703,704,705,-1,705,704,706,-1,705,706,707,-1,707,706,679,-1,707,679,678,-1,708,709,690,-1,690,709,691,-1,710,711,708,-1,708,711,709,-1,712,713,714,-1,712,714,715,-1,715,714,716,-1,715,716,717,-1,717,716,718,-1,717,718,719,-1,719,718,720,-1,719,720,721,-1,721,720,722,-1,721,722,723,-1,723,722,724,-1,723,724,725,-1,725,724,726,-1,725,726,727,-1,727,726,728,-1,727,728,729,-1,729,728,730,-1,729,730,731,-1,731,730,732,-1,731,732,733,-1,733,732,711,-1,733,711,710,-1,734,735,712,-1,712,735,713,-1,736,737,734,-1,734,737,735,-1,737,736,738,-1,739,740,741,-1,739,741,738,-1,738,741,742,-1,738,742,737,-1,743,744,739,-1,739,744,740,-1,744,743,745,-1,745,743,653,-1,745,653,655,-1,667,669,697,-1,697,669,671,-1,697,671,695,-1,664,667,689,-1,689,667,697,-1,689,697,687,-1,687,697,699,-1,687,699,685,-1,736,734,662,-1,662,734,712,-1,662,712,715,-1,671,673,695,-1,695,673,675,-1,695,675,693,-1,693,675,677,-1,653,743,650,-1,650,743,739,-1,650,739,661,-1,661,739,738,-1,661,738,659,-1,659,738,736,-1,659,736,656,-1,656,736,662,-1,715,717,662,-1,662,717,719,-1,662,719,721,-1,681,701,703,-1,701,681,699,-1,699,681,683,-1,699,683,685,-1,721,723,662,-1,662,723,725,-1,662,725,727,-1,727,729,662,-1,662,729,731,-1,662,731,733,-1,733,710,662,-1,662,710,708,-1,662,708,677,-1,677,708,690,-1,677,690,693,-1,703,705,681,-1,681,705,707,-1,681,707,678,-1,
        ]
    }
}
Shape{
    appearance Appearance {
        material  Material 	{
            diffuseColor 0.13725490196078433 0.32941176470588235 0.7019607843137254
            specularColor 0.011764705882352941 0.023529411764705882 0.050980392156862744
            ambientIntensity 0.2
            transparency 0
            shininess 0.5
        }
    }
    geometry IndexedFaceSet {
        ccw TRUE
        solid FALSE
        coord DEF co Coordinate {
            point [
                -1.6599 0.9159 0.0, -1.6446 0.9306 0.0, -1.6809 0.7716 0.0, -1.7177 0.938 0.0, -1.6954 0.9333 0.0, -1.6789 0.9282 0.0, -1.6741 0.9256 0.0, -1.9325 0.7613 0.0, -1.9325 1.0609 0.0, -1.9217 0.7568 0.0, -1.9237 1.0612 0.0, -1.9149 1.0609 0.0, -1.89 1.058 0.0, -1.8726 1.0557 0.0, -1.873 0.7494 0.0, -1.8976 0.7512 0.0, -1.8158 0.8757 0.0, -1.8171 0.9591 0.0, -1.858 0.7523 0.0, -1.8224 0.7988 0.0, -1.8274 0.7818 0.0, -1.8599 1.0525 0.0, -1.8507 1.0485 0.0, -1.8439 1.0431 0.0, -1.8337 0.7696 0.0, -1.8404 0.7614 0.0, -1.8472 0.7566 0.0, -1.8373 1.0346 0.0, -1.8261 1.0094 0.0, -2.7953 0.9252 0.0, -2.7953 0.9252 2.3622, -2.9528 0.9252 0.0, -2.9528 0.9252 2.3622, -2.7953 0.5315 2.3622, -2.9528 0.5315 2.3622, -2.7953 0.5315 0.0, -2.9528 0.5315 0.0, -2.7953 0.7228 0.0, -2.7953 0.7132 0.0, -2.7953 0.7132 0.0
            ]
        }
        coordIndex [
            0,1,2,-1,2,3,4,-1,4,5,2,-1,2,5,6,-1,2,6,0,-1,7,8,9,-1,9,8,10,-1,10,11,9,-1,9,11,12,-1,9,12,13,-1,14,15,16,-1,16,15,9,-1,16,9,17,-1,14,16,18,-1,18,16,19,-1,18,19,20,-1,13,21,9,-1,9,21,22,-1,9,22,23,-1,20,24,18,-1,18,24,25,-1,18,25,26,-1,23,27,9,-1,9,27,28,-1,9,28,17,-1,29,30,31,-1,31,30,32,-1,30,33,32,-1,32,33,34,-1,33,35,34,-1,34,35,36,-1,33,30,29,-1,29,37,33,-1,33,37,38,-1,33,38,35,-1,
        ]
    }
}
Shape{
    appearance Appearance {
        material  Material 	{
            diffuseColor 0.6470588235294118 0.6196078431372549 0.5882352941176471
            specularColor 0.45098039215686275 0.43529411764705883 0.4117647058823529
            ambientIntensity 0.2
            transparency 0
            shininess 0.5
        }
    }
    geometry IndexedFaceSet {
        ccw TRUE
        solid FALSE
        coord DEF co Coordinate {
            point [
                2.4761 -0.0197 3.5433, 1.4609 -0.0197 3.5433, 1.4735 -0.0558 3.5433, 2.4635 -0.0558 3.5433, 1.5137 -0.1373 3.5433, 1.5672 -0.2107 3.5433, 1.9685 -0.3937 3.5433, 2.059 -0.3859 3.5433, 1.878 -0.3859 3.5433, 2.1469 -0.3629 3.5433, 2.2295 -0.3252 3.5433, 2.3046 -0.274 3.5433, 2.3698 -0.2107 3.5433, 2.4233 -0.1373 3.5433, 1.7901 -0.3629 3.5433, 1.6324 -0.274 3.5433, 1.7075 -0.3252 3.5433, 1.3711 -0.2745 3.3465, 1.4186 -0.3398 3.3465, 1.4237 -0.3354 3.3974, 1.4869 -0.406 3.3465, 1.508 -0.4265 3.3465, 1.5122 -0.4213 3.3974, 1.6307 -0.5057 3.3465, 1.724 -0.5483 3.3465, 1.7263 -0.542 3.3974, 2.1422 -0.5669 3.3465, 2.213 -0.5483 3.3465, 2.2107 -0.542 3.3974, 2.3063 -0.5057 3.3465, 2.3262 -0.4966 3.3465, 2.3229 -0.4908 3.3974, 2.4501 -0.406 3.3465, 2.5184 -0.3398 3.3465, 2.5134 -0.3354 3.3974, 2.519 -0.0197 3.539, 2.5109 -0.0744 3.5366, 2.5551 -0.0917 3.5169, 2.5467 -0.0197 3.5313, 2.5291 -0.0197 3.5362, 2.6197 -0.0197 3.485, 2.6087 -0.0197 3.4962, 2.5931 -0.1065 3.4857, 2.5849 -0.0197 3.5131, 2.5781 -0.0197 3.5164, 2.6378 -0.0197 3.4664, 2.6222 -0.1179 3.4449, 2.653 -0.0197 3.4442, 2.67 -0.0197 3.4065, 2.6406 -0.1251 3.3974, 2.6724 -0.0197 3.3973, 2.6468 -0.1275 3.3465, 2.649 -0.1203 3.3465, 2.6763 -0.0197 3.3821, 2.6796 -0.0197 3.3465, 1.2902 -0.1275 3.3465, 1.2964 -0.1251 3.3974, 1.288 -0.1203 3.3465, 1.2612 -0.0197 3.3844, 1.2574 -0.0197 3.3465, 1.3148 -0.1179 3.4449, 1.2719 -0.0197 3.4197, 1.265 -0.0197 3.3972, 1.3069 -0.0197 3.4756, 1.2916 -0.0197 3.4561, 1.2853 -0.0197 3.4444, 1.3173 -0.0197 3.485, 1.3439 -0.1065 3.4857, 1.338 -0.0197 3.5038, 1.3819 -0.0917 3.5169, 1.3584 -0.0197 3.5169, 1.3976 -0.0197 3.5337, 1.4261 -0.0744 3.5366, 1.4079 -0.0197 3.5363, 1.4216 -0.0197 3.5397, 2.4669 -0.1636 3.5366, 2.4083 -0.2441 3.5366, 2.5075 -0.1882 3.5169, 2.4441 -0.2752 3.5169, 2.5424 -0.2093 3.4857, 2.4749 -0.302 3.4857, 2.5692 -0.2255 3.4449, 2.4985 -0.3225 3.4449, 2.586 -0.2357 3.3974, 1.8693 -0.4361 3.5366, 1.773 -0.4109 3.5366, 1.8612 -0.4829 3.5169, 1.7571 -0.4556 3.5169, 1.8543 -0.5231 3.4857, 1.7434 -0.494 3.4857, 1.849 -0.5539 3.4449, 1.7329 -0.5235 3.4449, 1.8456 -0.5733 3.3974, 2.5917 -0.2392 3.3465, 2.566 -0.2745 3.3465, 2.4291 -0.4265 3.3465, 2.4248 -0.4213 3.3974, 2.4124 -0.406 3.4449, 2.3926 -0.3818 3.4857, 2.3668 -0.3502 3.5169, 2.3368 -0.3134 3.5366, 2.2546 -0.3696 3.5366, 2.2779 -0.4109 3.5169, 2.2979 -0.4464 3.4857, 2.3133 -0.4737 3.4449, 2.2041 -0.5235 3.4449, 2.1936 -0.494 3.4857, 2.1799 -0.4556 3.5169, 2.164 -0.4109 3.5366, 2.0925 -0.5799 3.3465, 2.0914 -0.5733 3.3974, 2.0881 -0.5539 3.4449, 2.0827 -0.5231 3.4857, 2.0758 -0.4829 3.5169, 2.0677 -0.4361 3.5366, 1.9685 -0.4446 3.5366, 1.9685 -0.4921 3.5169, 1.9685 -0.5329 3.4857, 1.9685 -0.5642 3.4449, 1.9685 -0.5838 3.3974, 1.9685 -0.5906 3.3465, 1.8445 -0.5799 3.3465, 1.7949 -0.5669 3.3465, 1.6108 -0.4966 3.3465, 1.6141 -0.4908 3.3974, 1.6237 -0.4737 3.4449, 1.6391 -0.4464 3.4857, 1.6591 -0.4109 3.5169, 1.6824 -0.3696 3.5366, 1.6002 -0.3134 3.5366, 1.5702 -0.3502 3.5169, 1.5444 -0.3818 3.4857, 1.5246 -0.406 3.4449, 1.4385 -0.3225 3.4449, 1.4621 -0.302 3.4857, 1.4929 -0.2752 3.5169, 1.5287 -0.2441 3.5366, 1.3453 -0.2392 3.3465, 1.351 -0.2357 3.3974, 1.3679 -0.2255 3.4449, 1.3946 -0.2093 3.4857, 1.4295 -0.1882 3.5169, 1.4701 -0.1636 3.5366, 1.6525 0.4621 1.9978, 1.6484 0.4579 2.9528, 1.7153 0.5131 1.9941, 1.7421 0.5299 2.9528, 1.7421 0.5299 1.9908, 1.812 0.5626 1.9811, 1.8513 0.5751 2.9528, 1.8513 0.5751 1.9762, 1.9095 0.5867 1.971, 1.9685 0.5906 2.9528, 1.9685 0.5906 1.9691, 2.0279 0.5866 1.971, 2.0857 0.5751 2.9528, 2.0857 0.5751 1.9762, 2.125 0.5626 1.9811, 2.1949 0.5299 2.9528, 2.1949 0.5299 1.9908, 2.2887 -0.1824 2.9528, 2.3606 -0.0886 1.9858, 2.3606 -0.0886 2.9528, 2.4058 0.0206 1.9882, 2.4058 0.0206 2.9528, 2.4213 0.1378 1.9907, 2.4213 0.1378 2.9528, 2.4058 0.255 1.9933, 2.4058 0.255 2.9528, 2.3606 0.3642 1.9956, 2.3606 0.3642 2.9528, 2.2887 0.4579 1.9977, 2.2887 0.4579 2.9528, 2.2845 0.4621 1.9978, 2.2217 0.5131 1.9941, 2.1949 -0.2543 2.9528, 2.2441 -0.2214 1.9829, 2.2887 -0.1824 1.9838, 2.0857 -0.2995 2.9528, 2.1418 -0.2805 1.9816, 2.1949 -0.2543 1.9822, 1.9685 -0.315 2.9528, 2.0276 -0.3111 1.981, 2.0857 -0.2995 1.9812, 1.8513 -0.2995 2.9528, 1.9094 -0.3111 1.981, 1.9685 -0.315 1.9809, 1.7421 -0.2543 2.9528, 1.7952 -0.2805 1.9816, 1.8513 -0.2995 1.9812, 1.6484 0.4579 1.9977, 1.5764 0.3642 1.9956, 1.5764 0.3642 2.9528, 1.5312 0.255 1.9933, 1.5312 0.255 2.9528, 1.5157 0.1378 1.9907, 1.5157 0.1378 2.9528, 1.5312 0.0206 1.9882, 1.5312 0.0206 2.9528, 1.5764 -0.0886 1.9858, 1.5764 -0.0886 2.9528, 1.6484 -0.1824 1.9838, 1.6484 -0.1824 2.9528, 1.6929 -0.2214 1.9829, 1.7421 -0.2543 1.9822, 1.4735 0.3314 3.5433, 1.4609 0.2953 3.5433, 2.4635 0.3314 3.5433, 2.4761 0.2953 3.5433, 2.4233 0.4129 3.5433, 2.3698 0.4863 3.5433, 2.3046 0.5495 3.5433, 2.059 0.6615 3.5433, 1.9685 0.6693 3.5433, 1.7075 0.6008 3.5433, 1.878 0.6615 3.5433, 1.7901 0.6385 3.5433, 2.1469 0.6385 3.5433, 1.6324 0.5495 3.5433, 1.5672 0.4863 3.5433, 2.2295 0.6008 3.5433, 1.5137 0.4129 3.5433, 1.2455 0.05 2.9528, 1.2455 0.05 3.2283, 1.2455 0.2256 3.2283, 2.6915 0.2256 2.9528, 2.6915 0.2256 3.2283, 2.6915 0.05 3.2283, 2.6796 -0.0197 3.2283, 2.6495 -0.1205 2.9528, 2.6915 0.05 2.9528, 2.6796 0.2953 3.2283, 2.6495 0.3961 2.9528, 2.6796 0.2953 3.3465, 1.2574 0.2953 3.3465, 1.288 0.3959 3.3465, 1.2574 0.2953 3.2283, 1.2875 0.3961 2.9528, 1.2455 0.2256 2.9528, 1.2574 -0.0197 3.2283, 1.2875 -0.1205 2.9528, 1.7942 -0.5694 2.9528, 1.9685 -0.5906 2.9528, 1.63 -0.5071 2.9528, 1.4855 -0.4074 2.9528, 1.3691 -0.276 2.9528, 1.2902 0.4031 3.3465, 1.3453 0.5147 3.3465, 1.3691 0.5515 2.9528, 1.4869 0.6816 3.3465, 1.4855 0.683 2.9528, 1.4186 0.6154 3.3465, 1.3711 0.5501 3.3465, 1.508 0.702 3.3465, 1.6108 0.7722 3.3465, 1.63 0.7827 2.9528, 1.6307 0.7813 3.3465, 1.724 0.8239 3.3465, 1.7942 0.845 2.9528, 1.7949 0.8425 3.3465, 1.8445 0.8555 3.3465, 1.9685 0.8661 2.9528, 1.9685 0.8661 3.3465, 2.0925 0.8555 3.3465, 2.1428 0.845 2.9528, 2.3063 0.7813 3.3465, 2.307 0.7827 2.9528, 2.213 0.8239 3.3465, 2.1422 0.8425 3.3465, 2.3262 0.7722 3.3465, 2.4291 0.702 3.3465, 2.4515 0.683 2.9528, 2.566 0.5501 3.3465, 2.5679 0.5515 2.9528, 2.5184 0.6154 3.3465, 2.4501 0.6816 3.3465, 2.5917 0.5147 3.3465, 2.6468 0.4031 3.3465, 2.649 0.3959 3.3465, 2.5679 -0.276 2.9528, 2.4515 -0.4074 2.9528, 2.307 -0.5071 2.9528, 2.1428 -0.5694 2.9528, 1.6543 0.4638 1.919, 1.4764 0.4638 1.919, 1.6571 0.4662 1.9189, 1.4764 0.5002 1.9164, 1.6972 0.5002 1.9164, 1.7484 0.5331 1.9078, 1.4764 0.5356 1.9071, 1.7523 0.5356 1.9071, 1.4764 0.5686 1.8914, 1.8294 0.5686 1.8914, 1.4764 0.5715 1.8898, 1.8384 0.5715 1.8898, 1.4764 0.6102 1.8667, 1.4764 0.7154 1.8042, 2.4606 0.6102 1.8667, 2.4606 0.7154 1.8042, 2.3518 0.3787 1.9172, 2.2827 0.4638 1.919, 2.4606 0.4638 1.919, 2.4606 -0.883 1.8898, 2.0251 -0.3114 1.9022, 2.1349 -0.2833 1.9028, 1.9119 -0.3114 1.9022, 1.4764 -0.883 1.8898, 1.8022 -0.2833 1.9028, 1.5593 -0.0559 1.9077, 1.6202 -0.1514 1.9057, 1.7028 -0.2288 1.904, 2.2342 -0.2288 1.904, 2.3168 -0.1514 1.9057, 2.3777 -0.0559 1.9077, 1.5852 0.3787 1.9172, 2.413 0.0517 1.9101, 2.4205 0.1647 1.9125, 2.3996 0.2761 1.915, 1.5374 0.2761 1.915, 1.5165 0.1647 1.9125, 1.524 0.0517 1.9101, 2.4606 -0.9646 1.888, 2.4606 -1.0575 1.886, 1.4764 -0.9646 1.888, 1.4764 -1.0575 1.886, 1.4764 -1.0592 1.9647, 2.4606 -1.0592 1.9647, 1.4764 -0.8838 1.9685, 2.4606 -0.8838 1.9685, 2.4606 0.4621 1.9978, 1.4764 0.4621 1.9978, 2.4606 -0.1886 1.9836, 1.4764 -0.1886 1.9836, 2.3861 -0.2798 1.9816, 2.328 -0.3307 1.9805, 2.2638 -0.3736 1.9796, 2.1945 -0.4078 1.9789, 2.1214 -0.4326 1.9783, 2.0456 -0.4477 1.978, 1.9685 -0.4528 1.9779, 1.8914 -0.4477 1.978, 1.8157 -0.4326 1.9783, 1.7425 -0.4078 1.9789, 1.6732 -0.3736 1.9796, 1.609 -0.3307 1.9805, 1.5509 -0.2798 1.9816, 1.5583 0.5626 1.9811, 1.5513 0.555 1.9831, 1.5126 0.5131 1.9941, 1.4764 0.4642 1.9978, 2.4606 0.6089 1.9591, 1.4764 0.6089 1.9591, 1.5908 0.5917 1.9685, 1.4764 0.5917 1.9685, 2.3462 0.5917 1.9685, 2.3783 0.5625 1.9807, 2.4606 0.5917 1.9685, 2.3861 0.5554 1.9836, 2.4244 0.5131 1.9941, 2.4606 0.4642 1.9978, 1.4764 0.4642 1.9685, 1.4764 -0.9646 1.8898, 1.4764 -0.1886 1.9685, 1.4764 0.7557 1.8718, 1.4764 0.6102 1.8898, 1.4764 0.4282 0.9521, 1.4764 0.4225 0.8736, 1.4764 -1.1404 1.0662, 1.4764 -1.1461 0.9876, 1.4764 -1.1864 1.0751, 1.4764 -1.2104 1.0001, 1.4764 -1.2289 1.0946, 1.4764 -1.27 1.0274, 1.4764 -1.2656 1.1236, 1.4764 -1.3214 1.068, 1.4764 -1.2945 1.1604, 1.4764 -1.3618 1.1196, 1.4764 -1.3138 1.203, 1.4764 -1.3888 1.1792, 1.4764 -1.3225 1.249, 1.4764 -1.4011 1.2435, 1.4764 -1.3202 1.2957, 1.4764 -1.3978 1.3089, 1.4764 -1.2473 1.7223, 1.4764 -1.3249 1.7356, 1.4764 -1.2346 1.7657, 1.4764 -1.3072 1.7963, 1.4764 -1.2124 1.805, 1.4764 -1.2761 1.8513, 1.4764 -1.1818 1.8382, 1.4764 -1.2332 1.8979, 1.4764 -1.1444 1.8636, 1.4764 -1.1809 1.9334, 1.4764 -1.1023 1.8798, 1.4764 -1.1219 1.9561, 2.4606 0.6102 1.8898, 2.4606 0.7557 1.8718, 2.4606 0.4642 1.9685, 2.4606 0.5715 1.8898, 2.4606 0.5686 1.8914, 2.4606 0.5356 1.9071, 2.4606 0.5002 1.9164, 2.4606 -0.9646 1.8898, 2.4606 -0.1886 1.9685, 2.4606 -1.1023 1.8798, 2.4606 -1.1219 1.9561, 2.4606 -1.1444 1.8636, 2.4606 -1.1809 1.9334, 2.4606 -1.1818 1.8382, 2.4606 -1.2332 1.8979, 2.4606 -1.2124 1.805, 2.4606 -1.2761 1.8513, 2.4606 -1.2346 1.7657, 2.4606 -1.3072 1.7963, 2.4606 -1.2473 1.7223, 2.4606 -1.3249 1.7356, 2.4606 -1.3202 1.2957, 2.4606 -1.3978 1.3089, 2.4606 -1.3225 1.249, 2.4606 -1.4011 1.2435, 2.4606 -1.3138 1.203, 2.4606 -1.3888 1.1792, 2.4606 -1.2945 1.1604, 2.4606 -1.3618 1.1196, 2.4606 -1.2656 1.1236, 2.4606 -1.3214 1.068, 2.4606 -1.2289 1.0946, 2.4606 -1.27 1.0274, 2.4606 -1.1864 1.0751, 2.4606 -1.2104 1.0001, 2.4606 -1.1404 1.0662, 2.4606 -1.1461 0.9876, 2.4606 0.4282 0.9521, 2.4606 0.4225 0.8736, 2.0986 0.5715 1.8898, 2.1076 0.5686 1.8914, 2.1838 0.5355 1.9069, 2.2799 0.4662 1.9189, 2.2398 0.5002 1.9164, 2.1887 0.5334 1.9079, 2.1887 0.5334 1.9079
            ]
        }
        coordIndex [
            0,1,2,-1,0,2,3,-1,3,2,4,-1,3,4,5,-1,6,7,8,-1,8,7,9,-1,9,10,8,-1,8,10,11,-1,8,11,12,-1,12,13,8,-1,8,13,3,-1,8,3,14,-1,5,15,3,-1,3,15,16,-1,3,16,14,-1,17,18,19,-1,20,21,22,-1,23,24,25,-1,26,27,28,-1,29,30,31,-1,32,33,34,-1,0,3,35,-1,35,3,36,-1,37,38,36,-1,36,38,39,-1,36,39,35,-1,40,41,42,-1,42,41,43,-1,42,43,37,-1,37,43,44,-1,37,44,38,-1,40,42,45,-1,45,42,46,-1,45,46,47,-1,47,46,48,-1,48,46,49,-1,48,49,50,-1,49,51,52,-1,50,49,53,-1,53,49,52,-1,53,52,54,-1,55,56,57,-1,57,56,58,-1,57,58,59,-1,60,61,56,-1,56,61,62,-1,56,62,58,-1,63,64,60,-1,60,64,65,-1,60,65,61,-1,63,60,66,-1,66,60,67,-1,66,67,68,-1,68,67,69,-1,68,69,70,-1,70,69,71,-1,71,69,72,-1,71,72,73,-1,73,72,74,-1,74,72,2,-1,74,2,1,-1,13,12,75,-1,75,12,76,-1,75,76,77,-1,77,76,78,-1,77,78,79,-1,79,78,80,-1,79,80,81,-1,81,80,82,-1,81,82,83,-1,83,82,34,-1,8,14,84,-1,84,14,85,-1,84,85,86,-1,86,85,87,-1,86,87,88,-1,88,87,89,-1,88,89,90,-1,90,89,91,-1,90,91,92,-1,92,91,25,-1,3,13,36,-1,36,13,75,-1,36,75,37,-1,37,75,77,-1,37,77,42,-1,42,77,79,-1,42,79,46,-1,46,79,81,-1,46,81,49,-1,49,81,83,-1,49,83,51,-1,51,83,93,-1,34,33,83,-1,83,33,94,-1,83,94,93,-1,95,32,96,-1,96,32,34,-1,96,34,97,-1,97,34,82,-1,97,82,98,-1,98,82,80,-1,98,80,99,-1,99,80,78,-1,99,78,100,-1,100,78,76,-1,100,76,11,-1,11,76,12,-1,11,10,100,-1,100,10,101,-1,100,101,99,-1,99,101,102,-1,99,102,98,-1,98,102,103,-1,98,103,97,-1,97,103,104,-1,97,104,96,-1,96,104,31,-1,96,31,95,-1,95,31,30,-1,27,29,28,-1,28,29,31,-1,28,31,105,-1,105,31,104,-1,105,104,106,-1,106,104,103,-1,106,103,107,-1,107,103,102,-1,107,102,108,-1,108,102,101,-1,108,101,9,-1,9,101,10,-1,109,26,110,-1,110,26,28,-1,110,28,111,-1,111,28,105,-1,111,105,112,-1,112,105,106,-1,112,106,113,-1,113,106,107,-1,113,107,114,-1,114,107,108,-1,114,108,7,-1,7,108,9,-1,7,6,114,-1,114,6,115,-1,114,115,113,-1,113,115,116,-1,113,116,112,-1,112,116,117,-1,112,117,111,-1,111,117,118,-1,111,118,110,-1,110,118,119,-1,110,119,109,-1,109,119,120,-1,6,8,115,-1,115,8,84,-1,115,84,116,-1,116,84,86,-1,116,86,117,-1,117,86,88,-1,117,88,118,-1,118,88,90,-1,118,90,119,-1,119,90,92,-1,119,92,120,-1,120,92,121,-1,25,24,92,-1,92,24,122,-1,92,122,121,-1,123,23,124,-1,124,23,25,-1,124,25,125,-1,125,25,91,-1,125,91,126,-1,126,91,89,-1,126,89,127,-1,127,89,87,-1,127,87,128,-1,128,87,85,-1,128,85,16,-1,16,85,14,-1,16,15,128,-1,128,15,129,-1,128,129,127,-1,127,129,130,-1,127,130,126,-1,126,130,131,-1,126,131,125,-1,125,131,132,-1,125,132,124,-1,124,132,22,-1,124,22,123,-1,123,22,21,-1,18,20,19,-1,19,20,22,-1,19,22,133,-1,133,22,132,-1,133,132,134,-1,134,132,131,-1,134,131,135,-1,135,131,130,-1,135,130,136,-1,136,130,129,-1,136,129,5,-1,5,129,15,-1,137,17,138,-1,138,17,19,-1,138,19,139,-1,139,19,133,-1,139,133,140,-1,140,133,134,-1,140,134,141,-1,141,134,135,-1,141,135,142,-1,142,135,136,-1,142,136,4,-1,4,136,5,-1,4,2,142,-1,142,2,72,-1,142,72,141,-1,141,72,69,-1,141,69,140,-1,140,69,67,-1,140,67,139,-1,139,67,60,-1,139,60,138,-1,138,60,56,-1,138,56,137,-1,137,56,55,-1,143,144,145,-1,145,144,146,-1,145,146,147,-1,147,146,148,-1,148,146,149,-1,148,149,150,-1,150,149,151,-1,151,149,152,-1,151,152,153,-1,153,152,154,-1,154,152,155,-1,154,155,156,-1,156,155,157,-1,157,155,158,-1,157,158,159,-1,160,161,162,-1,162,161,163,-1,162,163,164,-1,164,163,165,-1,164,165,166,-1,166,165,167,-1,166,167,168,-1,168,167,169,-1,168,169,170,-1,170,169,171,-1,170,171,172,-1,172,171,173,-1,172,173,158,-1,158,173,174,-1,158,174,159,-1,175,176,160,-1,160,176,177,-1,160,177,161,-1,178,179,175,-1,175,179,180,-1,175,180,176,-1,181,182,178,-1,178,182,183,-1,178,183,179,-1,184,185,181,-1,181,185,186,-1,181,186,182,-1,187,188,184,-1,184,188,189,-1,184,189,185,-1,143,190,144,-1,144,190,191,-1,144,191,192,-1,192,191,193,-1,192,193,194,-1,194,193,195,-1,194,195,196,-1,196,195,197,-1,196,197,198,-1,198,197,199,-1,198,199,200,-1,200,199,201,-1,200,201,202,-1,202,201,203,-1,202,203,187,-1,187,203,204,-1,187,204,188,-1,205,206,207,-1,207,206,208,-1,207,209,205,-1,205,209,210,-1,205,210,211,-1,212,213,214,-1,214,213,215,-1,214,215,216,-1,212,214,217,-1,217,214,218,-1,217,218,219,-1,211,220,205,-1,205,220,217,-1,205,217,221,-1,221,217,219,-1,222,223,224,-1,225,226,227,-1,54,52,228,-1,228,52,229,-1,228,229,227,-1,227,229,230,-1,227,230,225,-1,226,225,231,-1,231,225,232,-1,231,232,233,-1,234,235,236,-1,236,235,237,-1,236,237,224,-1,224,237,238,-1,224,238,222,-1,223,222,239,-1,239,222,240,-1,239,240,59,-1,121,241,242,-1,23,243,24,-1,24,243,241,-1,24,241,122,-1,122,241,121,-1,23,123,243,-1,243,123,21,-1,243,21,244,-1,17,245,18,-1,18,245,244,-1,18,244,20,-1,20,244,21,-1,17,137,245,-1,245,137,55,-1,245,55,240,-1,240,55,57,-1,240,57,59,-1,235,246,237,-1,237,246,247,-1,237,247,248,-1,249,250,251,-1,251,250,248,-1,251,248,252,-1,252,248,247,-1,249,253,250,-1,250,253,254,-1,250,254,255,-1,254,256,255,-1,255,256,257,-1,255,257,258,-1,257,259,258,-1,258,259,260,-1,258,260,261,-1,260,262,261,-1,261,262,263,-1,261,263,264,-1,265,266,267,-1,267,266,264,-1,267,264,268,-1,268,264,263,-1,265,269,266,-1,266,269,270,-1,266,270,271,-1,272,273,274,-1,274,273,271,-1,274,271,275,-1,275,271,270,-1,272,276,273,-1,273,276,277,-1,273,277,232,-1,232,277,278,-1,232,278,233,-1,52,51,229,-1,229,51,93,-1,229,93,279,-1,32,280,33,-1,33,280,279,-1,33,279,94,-1,94,279,93,-1,32,95,280,-1,280,95,30,-1,280,30,281,-1,30,29,281,-1,281,29,27,-1,281,27,282,-1,27,26,282,-1,282,26,109,-1,282,109,242,-1,242,109,120,-1,242,120,121,-1,198,222,196,-1,196,222,238,-1,196,238,194,-1,194,238,237,-1,194,237,192,-1,192,237,248,-1,192,248,144,-1,144,248,250,-1,144,250,146,-1,146,250,255,-1,146,255,149,-1,149,255,258,-1,149,258,152,-1,152,258,261,-1,152,261,155,-1,155,261,264,-1,155,264,158,-1,158,264,266,-1,158,266,172,-1,172,266,271,-1,172,271,170,-1,170,271,273,-1,170,273,168,-1,273,232,168,-1,168,232,225,-1,168,225,166,-1,166,225,230,-1,166,230,164,-1,164,230,229,-1,164,229,162,-1,162,229,279,-1,162,279,160,-1,160,279,280,-1,160,280,175,-1,175,280,281,-1,175,281,178,-1,178,281,282,-1,178,282,181,-1,181,282,242,-1,181,242,184,-1,184,242,241,-1,184,241,187,-1,187,241,243,-1,187,243,202,-1,202,243,244,-1,202,244,200,-1,200,244,245,-1,200,245,198,-1,198,245,240,-1,198,240,222,-1,283,284,285,-1,285,284,286,-1,285,286,287,-1,287,286,288,-1,288,286,289,-1,288,289,290,-1,290,289,291,-1,290,291,292,-1,291,293,292,-1,292,293,294,-1,295,296,297,-1,297,296,298,-1,299,300,301,-1,302,303,304,-1,303,302,305,-1,305,302,306,-1,305,306,307,-1,308,309,306,-1,306,309,310,-1,306,310,307,-1,304,311,302,-1,302,311,312,-1,302,312,313,-1,284,283,314,-1,313,315,302,-1,302,315,316,-1,302,316,301,-1,301,316,317,-1,301,317,299,-1,314,318,284,-1,284,318,319,-1,284,319,306,-1,306,319,320,-1,306,320,308,-1,321,322,323,-1,323,322,324,-1,325,326,327,-1,327,326,328,-1,169,329,171,-1,171,329,173,-1,193,191,330,-1,330,191,190,-1,330,190,143,-1,169,167,329,-1,329,167,165,-1,329,165,331,-1,193,330,195,-1,195,330,332,-1,195,332,197,-1,165,163,331,-1,331,163,161,-1,331,161,333,-1,333,161,177,-1,333,177,334,-1,334,177,176,-1,334,176,335,-1,335,176,180,-1,335,180,336,-1,336,180,179,-1,336,179,337,-1,337,179,183,-1,337,183,338,-1,338,183,182,-1,338,182,339,-1,339,182,186,-1,339,186,340,-1,340,186,185,-1,340,185,341,-1,341,185,189,-1,341,189,342,-1,342,189,188,-1,342,188,343,-1,343,188,204,-1,343,204,344,-1,344,204,203,-1,344,203,345,-1,345,203,201,-1,345,201,332,-1,332,201,199,-1,332,199,197,-1,346,347,145,-1,145,347,348,-1,145,348,143,-1,143,348,349,-1,143,349,330,-1,350,351,352,-1,352,351,353,-1,145,147,346,-1,346,147,148,-1,346,148,352,-1,352,148,150,-1,352,150,151,-1,153,154,354,-1,354,154,156,-1,354,156,355,-1,356,350,354,-1,354,350,352,-1,354,352,153,-1,153,352,151,-1,156,157,355,-1,355,157,159,-1,355,159,357,-1,357,159,174,-1,357,174,358,-1,358,174,359,-1,359,174,173,-1,359,173,329,-1,284,306,360,-1,306,361,325,-1,362,332,330,-1,325,327,306,-1,306,327,362,-1,306,362,360,-1,360,362,330,-1,360,330,349,-1,296,295,363,-1,363,295,364,-1,363,364,351,-1,364,293,351,-1,351,293,291,-1,351,291,353,-1,353,291,289,-1,353,289,360,-1,360,289,286,-1,360,286,284,-1,365,366,367,-1,367,366,368,-1,367,368,369,-1,369,368,370,-1,369,370,371,-1,371,370,372,-1,371,372,373,-1,373,372,374,-1,373,374,375,-1,375,374,376,-1,375,376,377,-1,377,376,378,-1,377,378,379,-1,379,378,380,-1,379,380,381,-1,381,380,382,-1,381,382,383,-1,383,382,384,-1,383,384,385,-1,385,384,386,-1,385,386,387,-1,387,386,388,-1,387,388,389,-1,389,388,390,-1,389,390,391,-1,391,390,392,-1,391,392,393,-1,393,392,394,-1,393,394,324,-1,324,394,325,-1,324,325,323,-1,323,325,361,-1,297,298,395,-1,395,298,396,-1,395,396,350,-1,397,359,329,-1,398,395,399,-1,399,395,350,-1,399,350,400,-1,400,350,356,-1,400,356,401,-1,401,356,397,-1,401,397,301,-1,301,397,402,-1,301,402,302,-1,321,402,322,-1,322,402,397,-1,322,397,403,-1,403,397,329,-1,403,329,331,-1,403,328,322,-1,322,328,326,-1,322,326,404,-1,404,326,405,-1,404,405,406,-1,406,405,407,-1,406,407,408,-1,408,407,409,-1,408,409,410,-1,410,409,411,-1,410,411,412,-1,412,411,413,-1,412,413,414,-1,414,413,415,-1,414,415,416,-1,416,415,417,-1,416,417,418,-1,418,417,419,-1,418,419,420,-1,420,419,421,-1,420,421,422,-1,422,421,423,-1,422,423,424,-1,424,423,425,-1,424,425,426,-1,426,425,427,-1,426,427,428,-1,428,427,429,-1,428,429,430,-1,430,429,431,-1,430,431,432,-1,432,431,433,-1,365,367,432,-1,432,367,430,-1,366,365,433,-1,433,365,432,-1,368,366,431,-1,431,366,433,-1,368,431,429,-1,368,429,370,-1,370,429,427,-1,370,427,372,-1,372,427,425,-1,372,425,374,-1,374,425,423,-1,374,423,376,-1,376,423,421,-1,376,421,378,-1,378,421,419,-1,378,419,380,-1,380,419,417,-1,380,417,382,-1,384,382,415,-1,415,382,417,-1,384,415,413,-1,384,413,386,-1,386,413,411,-1,386,411,388,-1,388,411,409,-1,388,409,390,-1,390,409,407,-1,390,407,392,-1,392,407,405,-1,392,405,394,-1,394,405,326,-1,394,326,325,-1,363,351,396,-1,396,351,350,-1,296,363,298,-1,298,363,396,-1,398,399,434,-1,434,399,435,-1,399,400,435,-1,435,400,436,-1,401,301,300,-1,300,437,401,-1,401,437,438,-1,401,438,400,-1,400,438,439,-1,400,439,436,-1,324,322,393,-1,393,322,404,-1,393,404,391,-1,391,404,406,-1,391,406,389,-1,389,406,408,-1,389,408,387,-1,387,408,410,-1,387,410,385,-1,385,410,412,-1,385,412,383,-1,383,412,414,-1,381,383,416,-1,416,383,414,-1,381,416,379,-1,379,416,418,-1,379,418,377,-1,377,418,420,-1,377,420,375,-1,375,420,422,-1,375,422,373,-1,373,422,424,-1,373,424,371,-1,371,424,426,-1,371,426,369,-1,369,426,428,-1,369,428,367,-1,367,428,430,-1,
        ]
    }
}
Shape{
    appearance Appearance {
        material  Material 	{
            diffuseColor 0.13725490196078433 0.32941176470588235 0.7019607843137254
            specularColor 0.011764705882352941 0.023529411764705882 0.050980392156862744
            ambientIntensity 0.2
            transparency 0
            shininess 0.5
        }
    }
    geometry IndexedFaceSet {
        ccw TRUE
        solid FALSE
        coord DEF co Coordinate {
            point [
                2.9528 -1.5157 2.3622, 2.9528 -1.5157 0.0, 2.9528 -1.3189 2.3622, 2.9528 0.5315 0.0, 2.9528 -0.7457 3.937, 2.9528 0.5315 2.3622, 2.9528 0.9646 3.937, 2.9528 0.9252 2.3622, 2.9528 0.9252 0.0, 2.9528 1.0897 0.0, 2.9528 1.5157 2.3622, 2.9528 1.0979 0.0, 2.9528 1.5157 0.0, 2.1206 1.2415 1.9685, 1.8321 1.2795 1.9685, 2.126 1.2008 1.9685, 1.8164 1.2415 1.9685, 1.811 1.2008 1.9685, 2.0799 1.3121 1.9685, 1.9277 1.3529 1.9685, 1.8898 1.3372 1.9685, 1.9685 1.3583 1.9685, 2.0472 1.3372 1.9685, 2.0093 1.3529 1.9685, 2.1049 1.2795 1.9685, 1.8571 1.3121 1.9685, 1.9685 -0.6496 2.1583, 1.9685 -0.6496 3.937, 2.1501 -0.6284 2.1583, 2.1501 -0.6284 3.937, 2.3219 -0.5659 2.1583, 2.3219 -0.5659 3.937, 2.4746 -0.4654 2.1583, 2.4746 -0.4654 3.937, 2.6001 -0.3324 2.1583, 2.6001 -0.3324 3.937, 2.6915 -0.1741 2.1583, 2.6915 -0.1741 3.937, 2.7439 0.0011 2.1583, 2.7439 0.0011 3.937, 2.7546 0.1836 2.1583, 2.7546 0.1836 3.937, 2.7228 0.3636 2.1583, 2.7228 0.3636 3.937, 2.6504 0.5315 2.1583, 2.6504 0.5315 3.937, 2.5412 0.6781 2.1583, 2.5412 0.6781 3.937, 2.4012 0.7957 2.1583, 2.4012 0.7957 3.937, 2.2378 0.8777 2.1583, 2.2378 0.8777 3.937, 2.0599 0.9199 2.1583, 2.0599 0.9199 3.937, 1.8771 0.9199 2.1583, 1.8771 0.9199 3.937, 1.6992 0.8777 2.1583, 1.6992 0.8777 3.937, 1.5358 0.7957 2.1583, 1.5358 0.7957 3.937, 1.3958 0.6781 2.1583, 1.3958 0.6781 3.937, 1.2866 0.5315 2.1583, 1.2866 0.5315 3.937, 1.2142 0.3636 2.1583, 1.2142 0.3636 3.937, 1.1824 0.1836 2.1583, 1.1824 0.1836 3.937, 1.1931 0.0011 2.1583, 1.1931 0.0011 3.937, 1.2455 -0.1741 2.1583, 1.2455 -0.1741 3.937, 1.3369 -0.3324 2.1583, 1.3369 -0.3324 3.937, 1.4624 -0.4654 2.1583, 1.4624 -0.4654 3.937, 1.6151 -0.5659 2.1583, 1.6151 -0.5659 3.937, 1.7869 -0.6284 2.1583, 1.7869 -0.6284 3.937, 1.7869 -0.6284 3.937
            ]
        }
        coordIndex [
            0,1,2,-1,2,1,3,-1,2,3,4,-1,4,3,5,-1,4,5,6,-1,7,8,9,-1,5,7,6,-1,6,7,9,-1,6,9,10,-1,10,9,11,-1,10,11,12,-1,13,14,15,-1,15,14,16,-1,15,16,17,-1,18,19,20,-1,19,18,21,-1,21,18,22,-1,21,22,23,-1,13,24,14,-1,14,24,18,-1,14,18,25,-1,25,18,20,-1,26,27,28,-1,28,27,29,-1,28,29,30,-1,30,29,31,-1,30,31,32,-1,32,31,33,-1,32,33,34,-1,34,33,35,-1,34,35,36,-1,36,35,37,-1,36,37,38,-1,38,37,39,-1,38,39,40,-1,40,39,41,-1,40,41,42,-1,42,41,43,-1,42,43,44,-1,44,43,45,-1,44,45,46,-1,46,45,47,-1,46,47,48,-1,48,47,49,-1,48,49,50,-1,50,49,51,-1,50,51,52,-1,52,51,53,-1,52,53,54,-1,54,53,55,-1,54,55,56,-1,56,55,57,-1,56,57,58,-1,58,57,59,-1,58,59,60,-1,60,59,61,-1,60,61,62,-1,62,61,63,-1,62,63,64,-1,64,63,65,-1,64,65,66,-1,66,65,67,-1,66,67,68,-1,68,67,69,-1,68,69,70,-1,70,69,71,-1,70,71,72,-1,72,71,73,-1,72,73,74,-1,74,73,75,-1,74,75,76,-1,76,75,77,-1,76,77,78,-1,78,77,79,-1,78,79,26,-1,26,79,27,-1,
        ]
    }
}
Shape{
    appearance Appearance {
        material  Material 	{
            diffuseColor 0.6470588235294118 0.6196078431372549 0.5882352941176471
            specularColor 0.45098039215686275 0.43529411764705883 0.4117647058823529
            ambientIntensity 0.2
            transparency 0
            shininess 0.5
        }
    }
    geometry IndexedFaceSet {
        ccw TRUE
        solid FALSE
        coord DEF co Coordinate {
            point [
                2.6772 -0.9646 0.3937, 2.6772 0.6102 0.3937, 2.6772 -0.9646 1.8898, 2.6772 0.6102 1.8898, 2.6772 0.6102 1.8898
            ]
        }
        coordIndex [
            0,1,2,-1,2,1,3,-1,
        ]
    }
}
Shape{
    appearance Appearance {
        material  Material 	{
            diffuseColor 0.13725490196078433 0.32941176470588235 0.7019607843137254
            specularColor 0.011764705882352941 0.023529411764705882 0.050980392156862744
            ambientIntensity 0.2
            transparency 0
            shininess 0.5
        }
    }
    geometry IndexedFaceSet {
        ccw TRUE
        solid FALSE
        coord DEF co Coordinate {
            point [
                1.1811 -1.5157 0.3937, 1.1811 1.2008 0.3937, 1.1811 -1.5157 1.9685, 1.1811 1.2008 1.9685, 2.7559 1.2008 0.3937, 2.7559 -1.5157 0.3937, 2.7559 1.2008 1.9685, 2.7559 -1.5157 1.9685, 1.8898 1.0644 3.6518, 1.9082 1.0553 3.6778, 1.9277 1.0487 1.9685, 1.9277 1.0487 3.6967, 1.9685 1.0433 1.9685, 1.9378 1.0463 3.7034, 1.9479 1.0447 3.7082, 1.8898 1.0644 1.9685, 1.8571 1.0894 1.9685, 1.8571 1.0894 3.5803, 1.8321 1.122 1.9685, 1.8321 1.122 3.4871, 1.8164 1.16 1.9685, 1.8164 1.16 3.3785, 1.811 1.2008 1.9685, 1.811 1.2008 3.2621, 1.8164 1.2415 1.9685, 1.8164 1.2415 3.1456, 1.8321 1.2795 1.9685, 1.8321 1.2795 3.0371, 1.8571 1.3121 1.9685, 1.8571 1.3121 2.9439, 1.8898 1.3372 1.9685, 1.8898 1.3372 2.8724, 1.9479 1.3569 2.816, 1.9378 1.3552 2.8208, 1.9277 1.3529 1.9685, 1.9277 1.3529 2.8275, 1.9082 1.3463 2.8464, 1.9992 1.3552 2.8208, 1.9891 1.3569 2.816, 2.0093 1.3529 1.9685, 1.9788 1.3579 2.8131, 1.9685 1.3583 1.9685, 1.9685 1.3583 2.8121, 1.9582 1.3579 2.8131, 2.0472 1.0644 1.9685, 2.0799 1.0894 3.5803, 2.0799 1.0894 1.9685, 2.1049 1.122 3.4871, 2.1049 1.122 1.9685, 2.1206 1.16 3.3785, 2.1206 1.16 1.9685, 2.126 1.2008 3.2621, 2.126 1.2008 1.9685, 2.1206 1.2415 3.1456, 2.1206 1.2415 1.9685, 2.1049 1.2795 3.0371, 2.1049 1.2795 1.9685, 2.0799 1.3121 2.9439, 2.0799 1.3121 1.9685, 2.0472 1.3372 2.8724, 2.0472 1.3372 1.9685, 2.0288 1.3463 2.8464, 2.0093 1.3529 2.8275, 2.0093 1.0487 1.9685, 2.0288 1.0553 3.6778, 2.0472 1.0644 3.6518, 1.9582 1.0436 3.7111, 1.9685 1.0433 3.712, 1.9788 1.0436 3.7111, 1.9891 1.0447 3.7082, 1.9992 1.0463 3.7034, 2.0093 1.0487 3.6967, 1.6151 -0.5659 2.1583, 1.7869 -0.6284 2.1583, 1.8163 -0.431 2.0866, 1.7035 -0.3899 2.0866, 1.6749 -0.3711 2.0866, 1.4624 -0.4654 2.1583, 1.5889 -0.3146 2.0866, 1.5536 -0.2772 2.0866, 1.3369 -0.3324 2.1583, 1.4948 -0.2149 2.0866, 1.4605 -0.1555 2.0866, 1.2455 -0.1741 2.1583, 1.4263 -0.0961 2.0866, 1.4017 -0.014 2.0866, 1.1931 0.0011 2.1583, 1.3869 0.0352 2.0866, 1.3809 0.138 2.0866, 1.1824 0.1836 2.1583, 1.379 0.1721 2.0866, 1.3998 0.2903 2.0866, 1.2142 0.3636 2.1583, 1.4028 0.3072 2.0866, 1.2866 0.5315 2.1583, 1.4571 0.4331 2.0866, 1.3958 0.6781 2.1583, 1.539 0.5431 2.0866, 1.552 0.554 2.0866, 1.5358 0.7957 2.1583, 1.644 0.6312 2.0866, 1.6746 0.6466 2.0866, 1.6992 0.8777 2.1583, 1.7665 0.6927 2.0866, 1.8165 0.7046 2.0866, 1.8771 0.9199 2.1583, 1.8999 0.7244 2.0866, 1.9685 0.7244 2.0866, 2.0599 0.9199 2.1583, 2.0371 0.7244 2.0866, 2.1205 0.7046 2.0866, 2.2378 0.8777 2.1583, 2.1705 0.6927 2.0866, 2.2624 0.6466 2.0866, 2.4012 0.7957 2.1583, 2.293 0.6312 2.0866, 2.385 0.554 2.0866, 2.5412 0.6781 2.1583, 2.3981 0.5431 2.0866, 2.6504 0.5315 2.1583, 2.4799 0.4331 2.0866, 2.7228 0.3636 2.1583, 2.5342 0.3072 2.0866, 2.5372 0.2903 2.0866, 2.7546 0.1836 2.1583, 2.5581 0.1721 2.0866, 2.5561 0.138 2.0866, 2.7439 0.0011 2.1583, 2.5501 0.0352 2.0866, 2.5353 -0.014 2.0866, 2.6915 -0.1741 2.1583, 2.5108 -0.0961 2.0866, 2.4765 -0.1555 2.0866, 2.6001 -0.3324 2.1583, 2.4422 -0.2149 2.0866, 2.3834 -0.2772 2.0866, 2.4746 -0.4654 2.1583, 2.3481 -0.3146 2.0866, 2.2621 -0.3711 2.0866, 2.3219 -0.5659 2.1583, 2.2335 -0.3899 2.0866, 2.1208 -0.431 2.0866, 2.1501 -0.6284 2.1583, 2.1047 -0.4368 2.0866, 1.9685 -0.6496 2.1583, 1.9685 -0.4528 2.0866, 1.8323 -0.4368 2.0866, 2.4606 0.4642 1.9978, 2.4606 0.4642 1.9685, 2.4799 0.4331 1.9685, 1.4764 -0.1886 1.9836, 1.4764 -0.1886 1.9685, 1.4571 -0.1575 1.9685, 1.6732 -0.3736 1.9796, 1.7425 -0.4078 1.9789, 1.8157 -0.4326 1.9783, 1.8914 -0.4477 1.978, 1.9685 -0.4528 1.9779, 2.0456 -0.4477 1.978, 2.1214 -0.4326 1.9783, 2.1945 -0.4078 1.9789, 2.2638 -0.3736 1.9796, 2.328 -0.3307 1.9805, 2.3861 -0.2798 1.9816, 2.4606 -0.1886 1.9836, 2.4606 -0.1886 1.9685, 2.4244 0.5131 1.9941, 2.3861 0.5554 1.9836, 2.3783 0.5625 1.9807, 2.3462 0.5917 1.9685, 2.2638 0.6492 1.9685, 1.6732 0.6492 1.9685, 1.5908 0.5917 1.9685, 1.5583 0.5626 1.9811, 1.5513 0.555 1.9831, 1.5126 0.5131 1.9941, 1.4764 0.4642 1.9978, 1.4764 0.4642 1.9685, 2.4799 -0.1575 1.9685, 2.5389 -0.0151 1.9685, 2.5591 0.1378 1.9685, 2.5389 0.2906 1.9685, 2.1214 0.7082 1.9685, 1.9685 0.7283 1.9685, 1.8157 0.7082 1.9685, 1.4571 0.4331 1.9685, 1.3981 0.2906 1.9685, 1.378 0.1378 1.9685, 1.3981 -0.0151 1.9685, 1.5509 -0.2798 1.9816, 1.609 -0.3307 1.9805, 2.4606 -0.8838 1.9685, 1.4764 -0.8838 1.9685, 2.4606 0.5917 1.9685, 1.4764 0.5917 1.9685, 1.7126 -1.5157 0.3937, 1.7126 -0.9646 0.3937, 1.2598 -0.9646 0.3937, 1.2598 0.6102 0.3937, 2.2244 -0.9646 0.3937, 2.2244 -1.5157 0.3937, 2.6772 -0.9646 0.3937, 2.6772 0.6102 0.3937, 2.6772 0.6102 0.3937
            ]
        }
        coordIndex [
            0,1,2,-1,2,1,3,-1,4,5,6,-1,6,5,7,-1,8,9,10,-1,10,9,11,-1,10,11,12,-1,12,11,13,-1,12,13,14,-1,10,15,8,-1,8,15,16,-1,8,16,17,-1,17,16,18,-1,17,18,19,-1,19,18,20,-1,19,20,21,-1,21,20,22,-1,21,22,23,-1,23,22,24,-1,23,24,25,-1,25,24,26,-1,25,26,27,-1,27,26,28,-1,27,28,29,-1,29,28,30,-1,29,30,31,-1,32,33,34,-1,34,33,35,-1,34,35,30,-1,30,35,36,-1,30,36,31,-1,37,38,39,-1,39,38,40,-1,39,40,41,-1,41,40,42,-1,41,42,34,-1,34,42,43,-1,34,43,32,-1,44,45,46,-1,46,45,47,-1,46,47,48,-1,48,47,49,-1,48,49,50,-1,50,49,51,-1,50,51,52,-1,52,51,53,-1,52,53,54,-1,54,53,55,-1,54,55,56,-1,56,55,57,-1,56,57,58,-1,58,57,59,-1,58,59,60,-1,60,59,61,-1,60,61,39,-1,39,61,62,-1,39,62,37,-1,63,64,44,-1,44,64,65,-1,44,65,45,-1,14,66,12,-1,12,66,67,-1,12,67,68,-1,68,69,12,-1,12,69,70,-1,12,70,63,-1,63,70,71,-1,63,71,64,-1,3,1,22,-1,22,1,4,-1,22,4,52,-1,52,4,6,-1,72,73,74,-1,74,75,72,-1,72,75,76,-1,72,76,77,-1,76,78,77,-1,77,78,79,-1,77,79,80,-1,79,81,80,-1,80,81,82,-1,80,82,83,-1,82,84,83,-1,83,84,85,-1,83,85,86,-1,85,87,86,-1,86,87,88,-1,86,88,89,-1,88,90,89,-1,89,90,91,-1,89,91,92,-1,92,91,93,-1,92,93,94,-1,94,93,95,-1,94,95,96,-1,95,97,96,-1,96,97,98,-1,96,98,99,-1,98,100,99,-1,99,100,101,-1,99,101,102,-1,101,103,102,-1,102,103,104,-1,102,104,105,-1,104,106,105,-1,105,106,107,-1,105,107,108,-1,107,109,108,-1,108,109,110,-1,108,110,111,-1,110,112,111,-1,111,112,113,-1,111,113,114,-1,113,115,114,-1,114,115,116,-1,114,116,117,-1,117,116,118,-1,117,118,119,-1,119,118,120,-1,119,120,121,-1,120,122,121,-1,121,122,123,-1,121,123,124,-1,123,125,124,-1,124,125,126,-1,124,126,127,-1,126,128,127,-1,127,128,129,-1,127,129,130,-1,129,131,130,-1,130,131,132,-1,130,132,133,-1,132,134,133,-1,133,134,135,-1,133,135,136,-1,135,137,136,-1,136,137,138,-1,136,138,139,-1,138,140,139,-1,139,140,141,-1,139,141,142,-1,142,141,143,-1,142,143,144,-1,144,143,145,-1,144,145,73,-1,73,145,146,-1,73,146,74,-1,147,148,149,-1,150,151,152,-1,153,75,154,-1,154,75,74,-1,154,74,155,-1,155,74,146,-1,155,146,156,-1,156,146,145,-1,156,145,157,-1,157,145,158,-1,158,145,143,-1,158,143,159,-1,159,143,141,-1,159,141,160,-1,160,141,140,-1,160,140,161,-1,161,140,138,-1,161,138,162,-1,162,138,137,-1,162,137,163,-1,137,135,163,-1,163,135,134,-1,163,134,164,-1,164,134,132,-1,164,132,165,-1,120,118,166,-1,166,118,167,-1,167,118,116,-1,167,116,168,-1,168,116,169,-1,169,116,115,-1,169,115,170,-1,171,100,172,-1,172,100,98,-1,172,98,173,-1,173,98,174,-1,174,98,175,-1,175,98,97,-1,175,97,176,-1,176,97,95,-1,176,95,177,-1,165,132,178,-1,178,132,131,-1,178,131,179,-1,131,129,179,-1,179,129,128,-1,179,128,180,-1,128,126,180,-1,180,126,125,-1,180,125,181,-1,166,147,120,-1,120,147,149,-1,120,149,122,-1,122,149,181,-1,122,181,123,-1,123,181,125,-1,115,113,170,-1,170,113,112,-1,170,112,182,-1,182,112,110,-1,182,110,183,-1,183,110,109,-1,109,107,183,-1,183,107,106,-1,183,106,184,-1,106,104,184,-1,184,104,103,-1,184,103,171,-1,171,103,101,-1,171,101,100,-1,177,95,185,-1,185,95,93,-1,185,93,186,-1,93,91,186,-1,186,91,90,-1,186,90,187,-1,90,88,187,-1,187,88,87,-1,187,87,188,-1,188,87,85,-1,188,85,152,-1,85,84,152,-1,152,84,82,-1,152,82,150,-1,150,82,81,-1,150,81,189,-1,189,81,79,-1,189,79,190,-1,190,79,78,-1,190,78,153,-1,153,78,76,-1,153,76,75,-1,191,7,192,-1,192,7,2,-1,185,186,3,-1,3,186,187,-1,3,187,2,-1,151,192,152,-1,152,192,2,-1,152,2,188,-1,188,2,187,-1,148,193,149,-1,149,193,6,-1,149,6,181,-1,3,22,20,-1,181,6,180,-1,180,6,7,-1,180,7,179,-1,191,165,7,-1,7,165,178,-1,7,178,179,-1,20,194,3,-1,3,194,177,-1,3,177,185,-1,20,18,194,-1,194,18,16,-1,194,16,172,-1,172,16,15,-1,193,169,44,-1,44,169,170,-1,44,170,63,-1,63,170,182,-1,63,182,12,-1,12,182,183,-1,12,183,10,-1,10,183,184,-1,10,184,15,-1,15,184,171,-1,15,171,172,-1,44,46,193,-1,193,46,48,-1,193,48,6,-1,6,48,50,-1,6,50,52,-1,195,196,0,-1,0,196,197,-1,0,197,198,-1,199,200,201,-1,201,200,5,-1,201,5,202,-1,202,5,4,-1,202,4,198,-1,198,4,1,-1,198,1,0,-1,
        ]
    }
}
Shape{
    appearance Appearance {
        material  Material 	{
            diffuseColor 0.6470588235294118 0.6196078431372549 0.5882352941176471
            specularColor 0.45098039215686275 0.43529411764705883 0.4117647058823529
            ambientIntensity 0.2
            transparency 0
            shininess 0.5
        }
    }
    geometry IndexedFaceSet {
        ccw TRUE
        solid FALSE
        coord DEF co Coordinate {
            point [
                1.2598 0.6102 0.3937, 1.2598 -0.9646 0.3937, 1.2598 0.6102 1.8898, 1.2598 -0.9646 1.8898, 1.9685 0.6102 0.5118, 1.9685 -0.9646 0.5118, 2.1112 0.6102 0.5306, 2.1112 -0.9646 0.5306, 2.2441 0.6102 0.5857, 2.2441 -0.9646 0.5857, 2.3582 0.6102 0.6732, 2.3582 -0.9646 0.6732, 2.4458 0.6102 0.7874, 2.4458 -0.9646 0.7874, 2.5009 0.6102 0.9203, 2.5009 -0.9646 0.9203, 2.5197 0.6102 1.063, 2.5197 -0.9646 1.063, 2.5009 0.6102 1.2056, 2.5009 -0.9646 1.2056, 2.4458 0.6102 1.3386, 2.4458 -0.9646 1.3386, 2.3582 0.6102 1.4527, 2.3582 -0.9646 1.4527, 2.2441 0.6102 1.5403, 2.2441 -0.9646 1.5403, 2.1112 0.6102 1.5954, 2.1112 -0.9646 1.5954, 1.9685 0.6102 1.6142, 1.9685 -0.9646 1.6142, 1.8258 0.6102 1.5954, 1.8258 -0.9646 1.5954, 1.6929 0.6102 1.5403, 1.6929 -0.9646 1.5403, 1.5788 0.6102 1.4527, 1.5788 -0.9646 1.4527, 1.4912 0.6102 1.3386, 1.4912 -0.9646 1.3386, 1.4361 0.6102 1.2056, 1.4361 -0.9646 1.2056, 1.4173 0.6102 1.063, 1.4173 -0.9646 1.063, 1.4361 0.6102 0.9203, 1.4361 -0.9646 0.9203, 1.4912 0.6102 0.7874, 1.4912 -0.9646 0.7874, 1.5788 0.6102 0.6732, 1.5788 -0.9646 0.6732, 1.6929 0.6102 0.5857, 1.6929 -0.9646 0.5857, 1.8258 0.6102 0.5306, 1.8258 -0.9646 0.5306, 2.2244 -0.9646 0.3937, 1.4764 -0.9646 1.8898, 1.4764 -0.9646 1.888, 2.6772 -0.9646 0.3937, 2.6772 -0.9646 1.8898, 2.4606 -0.9646 1.888, 2.4606 -0.9646 1.8898, 1.7126 -0.9646 0.3937, 1.4764 0.6102 1.8667, 1.4764 0.6102 1.8898, 2.6772 0.6102 1.8898, 2.4606 0.6102 1.8898, 2.4606 0.6102 1.8667, 2.6772 0.6102 0.3937, 2.4606 -0.883 1.8898, 2.4606 0.5715 1.8898, 1.4764 0.5715 1.8898, 1.4764 -0.883 1.8898, 2.0986 0.5715 1.8898, 2.1887 0.5334 1.8898, 2.28 0.4663 1.8898, 2.3518 0.3787 1.8898, 2.2342 -0.2288 1.8898, 2.3168 -0.1514 1.8898, 2.3777 -0.0559 1.8898, 1.5852 0.3787 1.8898, 1.657 0.4663 1.8898, 1.7483 0.5334 1.8898, 1.8384 0.5715 1.8898, 2.3996 0.2761 1.8898, 2.4205 0.1647 1.8898, 2.413 0.0517 1.8898, 2.1349 -0.2833 1.8898, 2.0251 -0.3114 1.8898, 1.9119 -0.3114 1.8898, 1.8022 -0.2833 1.8898, 1.7028 -0.2288 1.8898, 1.6202 -0.1514 1.8898, 1.5593 -0.0559 1.8898, 1.524 0.0517 1.8898, 1.5165 0.1647 1.8898, 1.5374 0.2761 1.8898, 1.8294 0.5686 1.8914, 1.6543 0.4638 1.919, 1.5852 0.3787 1.9172, 1.5374 0.2761 1.915, 1.5165 0.1647 1.9125, 1.524 0.0517 1.9101, 1.5593 -0.0559 1.9077, 1.6202 -0.1514 1.9057, 1.7028 -0.2288 1.904, 1.8022 -0.2833 1.9028, 1.9119 -0.3114 1.9022, 2.0251 -0.3114 1.9022, 2.1349 -0.2833 1.9028, 2.2342 -0.2288 1.904, 2.3168 -0.1514 1.9057, 2.3777 -0.0559 1.9077, 2.413 0.0517 1.9101, 2.4205 0.1647 1.9125, 2.3996 0.2761 1.915, 2.3518 0.3787 1.9172, 2.2827 0.4638 1.919, 2.2799 0.4662 1.9189, 2.1076 0.5686 1.8914, 2.1838 0.5355 1.9069, 2.1887 0.5334 1.9079, 2.2398 0.5002 1.9164, 1.7523 0.5356 1.9071, 1.6571 0.4662 1.9189, 1.6972 0.5002 1.9164, 1.7484 0.5331 1.9078, 1.7484 0.5331 1.9078
            ]
        }
        coordIndex [
            0,1,2,-1,2,1,3,-1,4,5,6,-1,6,5,7,-1,6,7,8,-1,8,7,9,-1,8,9,10,-1,10,9,11,-1,10,11,12,-1,12,11,13,-1,12,13,14,-1,14,13,15,-1,14,15,16,-1,16,15,17,-1,16,17,18,-1,18,17,19,-1,18,19,20,-1,20,19,21,-1,20,21,22,-1,22,21,23,-1,22,23,24,-1,24,23,25,-1,24,25,26,-1,26,25,27,-1,26,27,28,-1,28,27,29,-1,28,29,30,-1,30,29,31,-1,30,31,32,-1,32,31,33,-1,32,33,34,-1,34,33,35,-1,34,35,36,-1,36,35,37,-1,36,37,38,-1,38,37,39,-1,38,39,40,-1,40,39,41,-1,40,41,42,-1,42,41,43,-1,42,43,44,-1,44,43,45,-1,44,45,46,-1,46,45,47,-1,46,47,48,-1,48,47,49,-1,48,49,50,-1,50,49,51,-1,50,51,4,-1,4,51,5,-1,7,5,52,-1,53,3,54,-1,54,3,1,-1,55,56,57,-1,57,56,58,-1,45,43,1,-1,52,5,59,-1,5,51,59,-1,59,51,49,-1,59,49,1,-1,1,49,47,-1,1,47,45,-1,29,57,31,-1,31,57,54,-1,31,54,33,-1,33,54,35,-1,29,27,57,-1,57,27,25,-1,57,25,23,-1,23,21,57,-1,57,21,19,-1,57,19,55,-1,55,19,17,-1,55,17,15,-1,15,13,55,-1,55,13,11,-1,55,11,52,-1,52,11,9,-1,52,9,7,-1,43,41,1,-1,1,41,39,-1,1,39,54,-1,54,39,37,-1,54,37,35,-1,0,2,60,-1,60,2,61,-1,26,28,62,-1,63,62,64,-1,64,62,28,-1,64,28,60,-1,8,10,65,-1,65,10,12,-1,28,30,60,-1,60,30,32,-1,60,32,34,-1,12,14,65,-1,65,14,16,-1,65,16,62,-1,62,16,18,-1,62,18,20,-1,20,22,62,-1,62,22,24,-1,62,24,26,-1,42,44,0,-1,0,44,46,-1,0,46,48,-1,34,36,60,-1,60,36,38,-1,60,38,0,-1,0,38,40,-1,0,40,42,-1,48,50,0,-1,0,50,4,-1,0,4,65,-1,65,4,6,-1,65,6,8,-1,58,56,66,-1,66,56,62,-1,66,62,67,-1,67,62,63,-1,61,2,68,-1,68,2,3,-1,68,3,69,-1,69,3,53,-1,70,71,67,-1,67,71,72,-1,67,72,73,-1,74,66,75,-1,75,66,76,-1,77,78,68,-1,68,78,79,-1,68,79,80,-1,73,81,67,-1,67,81,82,-1,67,82,66,-1,66,82,83,-1,66,83,76,-1,74,84,66,-1,66,84,85,-1,66,85,69,-1,69,85,86,-1,69,86,87,-1,87,88,69,-1,69,88,89,-1,69,89,90,-1,90,91,69,-1,69,91,92,-1,69,92,68,-1,68,92,93,-1,68,93,77,-1,94,80,79,-1,95,78,77,-1,95,77,96,-1,96,77,93,-1,96,93,97,-1,97,93,92,-1,97,92,98,-1,98,92,91,-1,98,91,99,-1,99,91,90,-1,99,90,100,-1,100,90,89,-1,100,89,101,-1,101,89,88,-1,101,88,102,-1,102,88,87,-1,102,87,103,-1,103,87,86,-1,103,86,104,-1,104,86,85,-1,104,85,105,-1,105,85,84,-1,105,84,106,-1,106,84,74,-1,106,74,107,-1,107,74,75,-1,107,75,108,-1,108,75,76,-1,108,76,109,-1,109,76,83,-1,109,83,110,-1,110,83,82,-1,110,82,111,-1,111,82,81,-1,111,81,112,-1,112,81,73,-1,112,73,113,-1,113,73,114,-1,114,73,72,-1,114,72,115,-1,71,70,116,-1,116,117,71,-1,71,117,118,-1,71,118,72,-1,72,118,119,-1,72,119,115,-1,94,79,120,-1,95,121,78,-1,78,121,122,-1,78,122,79,-1,79,122,123,-1,79,123,120,-1,
        ]
    }
}
Shape{
    appearance Appearance {
        material  Material 	{
            diffuseColor 0.13725490196078433 0.32941176470588235 0.7019607843137254
            specularColor 0.011764705882352941 0.023529411764705882 0.050980392156862744
            ambientIntensity 0.2
            transparency 0
            shininess 0.5
        }
    }
    geometry IndexedFaceSet {
        ccw TRUE
        solid FALSE
        coord DEF co Coordinate {
            point [
                1.7126 -0.9646 0.3937, 1.7126 0.3346 0.3937, 1.7717 -0.0591 0.3937, 2.0669 0.1114 0.3937, 2.2244 0.3346 0.3937, 2.1077 0.0801 0.3937, 2.139 0.0394 0.3937, 1.7784 -0.11 0.3937, 1.798 -0.1575 0.3937, 1.8293 -0.1982 0.3937, 2.0195 0.1311 0.3937, 1.9685 0.1378 0.3937, 1.9176 0.1311 0.3937, 1.8701 0.1114 0.3937, 1.8293 0.0801 0.3937, 1.798 0.0394 0.3937, 1.7784 -0.0081 0.3937, 1.8701 -0.2295 0.3937, 1.9176 -0.2492 0.3937, 2.2244 -0.9646 0.3937, 1.9685 -0.2559 0.3937, 2.0195 -0.2492 0.3937, 2.0669 -0.2295 0.3937, 2.1077 -0.1982 0.3937, 2.139 -0.1575 0.3937, 2.1586 -0.11 0.3937, 2.1654 -0.0591 0.3937, 2.1586 -0.0081 0.3937, 1.7126 0.3346 0.0, 1.7471 0.3346 0.0, 1.9452 0.3346 0.0, 2.156 0.3346 0.0, 2.2244 0.3346 0.0, 2.2244 -1.5157 0.0, 2.2244 -1.5157 0.3937, 1.7126 -1.5157 0.0, 1.7126 -1.5157 0.3937, 1.7126 -1.5157 0.3937
            ]
        }
        coordIndex [
            0,1,2,-1,3,4,5,-1,5,4,6,-1,2,7,0,-1,0,7,8,-1,0,8,9,-1,3,10,4,-1,4,10,11,-1,4,11,1,-1,11,12,1,-1,1,12,13,-1,1,13,14,-1,14,15,1,-1,1,15,16,-1,1,16,2,-1,9,17,0,-1,0,17,18,-1,0,18,19,-1,19,18,20,-1,19,20,21,-1,21,22,19,-1,19,22,23,-1,19,23,24,-1,24,25,19,-1,19,25,26,-1,19,26,4,-1,4,26,27,-1,4,27,6,-1,28,29,1,-1,1,29,30,-1,1,30,4,-1,4,30,31,-1,4,31,32,-1,4,32,19,-1,19,32,33,-1,19,33,34,-1,28,1,35,-1,35,1,0,-1,35,0,36,-1,
        ]
    }
}
Shape{
    appearance Appearance {
        material  Material 	{
            diffuseColor 0.6470588235294118 0.6196078431372549 0.5882352941176471
            specularColor 0.45098039215686275 0.43529411764705883 0.4117647058823529
            ambientIntensity 0.2
            transparency 0
            shininess 0.5
        }
    }
    geometry IndexedFaceSet {
        ccw TRUE
        solid FALSE
        coord DEF co Coordinate {
            point [
                1.9685 -0.2559 0.3937, 2.0195 -0.2492 -1.6535, 2.0195 -0.2492 0.3937, 2.0669 -0.2295 -1.6535, 2.0669 -0.2295 0.3937, 2.1077 -0.1982 -1.6535, 2.1077 -0.1982 0.3937, 2.139 -0.1575 -1.6535, 2.139 -0.1575 0.3937, 2.1586 -0.11 -1.6535, 2.1586 -0.11 0.3937, 2.1654 -0.0591 -1.6535, 2.1654 -0.0591 0.3937, 2.1586 -0.0081 -1.6535, 2.1586 -0.0081 0.3937, 2.139 0.0394 -1.6535, 2.139 0.0394 0.3937, 2.1077 0.0801 -1.6535, 2.1077 0.0801 0.3937, 2.0669 0.1114 -1.6535, 2.0669 0.1114 0.3937, 2.0195 0.1311 -1.6535, 2.0195 0.1311 0.3937, 1.9685 0.1378 -1.6535, 1.9685 0.1378 0.3937, 1.9176 0.1311 -1.6535, 1.9176 0.1311 0.3937, 1.8701 0.1114 -1.6535, 1.8701 0.1114 0.3937, 1.8293 0.0801 -1.6535, 1.8293 0.0801 0.3937, 1.798 0.0394 -1.6535, 1.798 0.0394 0.3937, 1.7784 -0.0081 -1.6535, 1.7784 -0.0081 0.3937, 1.7717 -0.0591 -1.6535, 1.7717 -0.0591 0.3937, 1.7784 -0.11 -1.6535, 1.7784 -0.11 0.3937, 1.798 -0.1575 -1.6535, 1.798 -0.1575 0.3937, 1.8293 -0.1982 -1.6535, 1.8293 -0.1982 0.3937, 1.8701 -0.2295 -1.6535, 1.8701 -0.2295 0.3937, 1.9176 -0.2492 -1.6535, 1.9176 -0.2492 0.3937, 1.9685 -0.2559 -1.6535, 1.9685 -0.0591 -1.6535, 2.566 0.5501 3.3465, 2.5184 0.6154 3.3465, 2.5134 0.611 3.3974, 2.4501 0.6816 3.3465, 2.4291 0.702 3.3465, 2.4248 0.6969 3.3974, 2.3063 0.7813 3.3465, 2.213 0.8239 3.3465, 2.2107 0.8176 3.3974, 1.7949 0.8425 3.3465, 1.724 0.8239 3.3465, 1.7263 0.8176 3.3974, 1.6307 0.7813 3.3465, 1.6108 0.7722 3.3465, 1.6141 0.7664 3.3974, 1.4869 0.6816 3.3465, 1.4186 0.6154 3.3465, 1.4237 0.611 3.3974, 2.649 0.3959 3.3465, 2.6468 0.4031 3.3465, 2.6406 0.4007 3.3974, 2.6796 0.2953 3.3465, 2.6752 0.2953 3.3873, 2.6726 0.2953 3.3974, 2.6222 0.3935 3.4449, 2.6543 0.2953 3.442, 2.6708 0.2953 3.404, 2.6132 0.2953 3.4923, 2.6198 0.2953 3.4851, 2.5931 0.3821 3.4857, 2.6415 0.2953 3.4616, 2.6524 0.2953 3.4448, 2.5342 0.2953 3.5353, 2.5573 0.2953 3.5272, 2.5551 0.3673 3.5169, 2.5778 0.2953 3.516, 2.5945 0.2953 3.5069, 2.5291 0.2953 3.5362, 2.5109 0.35 3.5366, 2.4917 0.2953 3.5427, 2.4635 0.3314 3.5433, 2.4761 0.2953 3.5433, 1.4609 0.2953 3.5433, 1.4735 0.3314 3.5433, 1.418 0.2953 3.539, 1.4261 0.35 3.5366, 1.4078 0.2953 3.5365, 1.4047 0.2953 3.5358, 1.3651 0.2953 3.5204, 1.3819 0.3673 3.5169, 1.3588 0.2953 3.5166, 1.3398 0.2953 3.505, 1.3439 0.3821 3.4857, 1.3172 0.2953 3.485, 1.3085 0.2953 3.4774, 1.3148 0.3935 3.4449, 1.2915 0.2953 3.4559, 1.2964 0.4007 3.3974, 1.2719 0.2953 3.4197, 1.2853 0.2953 3.4445, 1.2902 0.4031 3.3465, 1.288 0.3959 3.3465, 1.2574 0.2953 3.3465, 1.2577 0.2953 3.3566, 1.2604 0.2953 3.3801, 1.2653 0.2953 3.3971, 1.5137 0.4129 3.5433, 1.5672 0.4863 3.5433, 1.4701 0.4392 3.5366, 1.5287 0.5197 3.5366, 1.4295 0.4638 3.5169, 1.4929 0.5508 3.5169, 1.3946 0.4849 3.4857, 1.4621 0.5776 3.4857, 1.3679 0.5011 3.4449, 1.4385 0.5981 3.4449, 1.351 0.5113 3.3974, 2.059 0.6615 3.5433, 2.1469 0.6385 3.5433, 2.0677 0.7117 3.5366, 2.164 0.6865 3.5366, 2.0758 0.7585 3.5169, 2.1799 0.7312 3.5169, 2.0827 0.7987 3.4857, 2.1936 0.7696 3.4857, 2.0881 0.8295 3.4449, 2.2041 0.7991 3.4449, 2.0914 0.8489 3.3974, 1.3453 0.5147 3.3465, 1.3711 0.5501 3.3465, 1.508 0.702 3.3465, 1.5122 0.6969 3.3974, 1.5246 0.6816 3.4449, 1.5444 0.6574 3.4857, 1.5702 0.6258 3.5169, 1.6002 0.589 3.5366, 1.6324 0.5495 3.5433, 1.7075 0.6008 3.5433, 1.6824 0.6451 3.5366, 1.6591 0.6865 3.5169, 1.6391 0.722 3.4857, 1.6237 0.7493 3.4449, 1.7329 0.7991 3.4449, 1.7434 0.7696 3.4857, 1.7571 0.7312 3.5169, 1.773 0.6865 3.5366, 1.7901 0.6385 3.5433, 1.8445 0.8555 3.3465, 1.8456 0.8489 3.3974, 1.849 0.8295 3.4449, 1.8543 0.7987 3.4857, 1.8612 0.7585 3.5169, 1.8693 0.7117 3.5366, 1.878 0.6615 3.5433, 1.9685 0.6693 3.5433, 1.9685 0.7202 3.5366, 1.9685 0.7677 3.5169, 1.9685 0.8085 3.4857, 1.9685 0.8398 3.4449, 1.9685 0.8594 3.3974, 1.9685 0.8661 3.3465, 2.0925 0.8555 3.3465, 2.1422 0.8425 3.3465, 2.3262 0.7722 3.3465, 2.3229 0.7664 3.3974, 2.3133 0.7493 3.4449, 2.2979 0.722 3.4857, 2.2779 0.6865 3.5169, 2.2546 0.6451 3.5366, 2.2295 0.6008 3.5433, 2.3046 0.5495 3.5433, 2.3368 0.589 3.5366, 2.3668 0.6258 3.5169, 2.3926 0.6574 3.4857, 2.4124 0.6816 3.4449, 2.4985 0.5981 3.4449, 2.4749 0.5776 3.4857, 2.4441 0.5508 3.5169, 2.4083 0.5197 3.5366, 2.3698 0.4863 3.5433, 2.5917 0.5147 3.3465, 2.586 0.5113 3.3974, 2.5692 0.5011 3.4449, 2.5424 0.4849 3.4857, 2.5075 0.4638 3.5169, 2.4669 0.4392 3.5366, 2.4233 0.4129 3.5433, 2.6724 -0.0197 3.3973, 2.6763 -0.0197 3.3821, 1.2574 -0.0197 3.2283, 2.6796 -0.0197 3.3465, 2.6796 -0.0197 3.2283, 1.2612 -0.0197 3.3844, 1.265 -0.0197 3.3972, 2.5781 -0.0197 3.5164, 1.2719 -0.0197 3.4197, 1.2853 -0.0197 3.4444, 2.5467 -0.0197 3.5313, 1.3069 -0.0197 3.4756, 1.3173 -0.0197 3.485, 2.5291 -0.0197 3.5362, 2.5849 -0.0197 3.5131, 2.6087 -0.0197 3.4962, 2.6197 -0.0197 3.485, 2.6378 -0.0197 3.4664, 1.2574 -0.0197 3.3465, 2.653 -0.0197 3.4442, 2.67 -0.0197 3.4065, 1.2916 -0.0197 3.4561, 1.338 -0.0197 3.5038, 1.3584 -0.0197 3.5169, 1.3976 -0.0197 3.5337, 1.4079 -0.0197 3.5363, 1.4216 -0.0197 3.5397, 2.519 -0.0197 3.539, 2.4761 -0.0197 3.5433, 1.4609 -0.0197 3.5433, 2.6796 0.2953 3.2283, 1.2574 0.2953 3.2283, 2.6915 0.05 3.2283, 1.2455 0.05 3.2283, 2.6915 0.2256 3.2283, 1.2455 0.2256 3.2283, 1.2455 0.2256 3.2283
            ]
        }
        coordIndex [
            0,1,2,-1,2,1,3,-1,2,3,4,-1,4,3,5,-1,4,5,6,-1,6,5,7,-1,6,7,8,-1,8,7,9,-1,8,9,10,-1,10,9,11,-1,10,11,12,-1,12,11,13,-1,12,13,14,-1,14,13,15,-1,14,15,16,-1,16,15,17,-1,16,17,18,-1,18,17,19,-1,18,19,20,-1,20,19,21,-1,20,21,22,-1,22,21,23,-1,22,23,24,-1,24,23,25,-1,24,25,26,-1,26,25,27,-1,26,27,28,-1,28,27,29,-1,28,29,30,-1,30,29,31,-1,30,31,32,-1,32,31,33,-1,32,33,34,-1,34,33,35,-1,34,35,36,-1,36,35,37,-1,36,37,38,-1,38,37,39,-1,38,39,40,-1,40,39,41,-1,40,41,42,-1,42,41,43,-1,42,43,44,-1,44,43,45,-1,44,45,46,-1,46,45,47,-1,46,47,0,-1,0,47,1,-1,3,1,48,-1,48,1,47,-1,48,47,45,-1,9,7,48,-1,48,7,5,-1,48,5,3,-1,15,13,48,-1,48,13,11,-1,48,11,9,-1,21,19,48,-1,48,19,17,-1,48,17,15,-1,27,25,48,-1,48,25,23,-1,48,23,21,-1,33,31,48,-1,48,31,29,-1,48,29,27,-1,39,37,48,-1,48,37,35,-1,48,35,33,-1,45,43,48,-1,48,43,41,-1,48,41,39,-1,49,50,51,-1,52,53,54,-1,55,56,57,-1,58,59,60,-1,61,62,63,-1,64,65,66,-1,67,68,69,-1,70,67,71,-1,71,67,69,-1,71,69,72,-1,73,74,69,-1,69,74,75,-1,69,75,72,-1,76,77,78,-1,78,77,79,-1,78,79,73,-1,73,79,80,-1,73,80,74,-1,81,82,83,-1,83,82,84,-1,83,84,78,-1,78,84,85,-1,78,85,76,-1,81,83,86,-1,86,83,87,-1,86,87,88,-1,88,87,89,-1,88,89,90,-1,91,92,93,-1,93,92,94,-1,93,94,95,-1,95,94,96,-1,96,94,97,-1,97,94,98,-1,97,98,99,-1,99,98,100,-1,100,98,101,-1,100,101,102,-1,102,101,103,-1,103,101,104,-1,103,104,105,-1,106,107,104,-1,104,107,108,-1,104,108,105,-1,106,109,110,-1,111,112,110,-1,110,112,113,-1,110,113,106,-1,106,113,114,-1,106,114,107,-1,115,116,117,-1,117,116,118,-1,117,118,119,-1,119,118,120,-1,119,120,121,-1,121,120,122,-1,121,122,123,-1,123,122,124,-1,123,124,125,-1,125,124,66,-1,126,127,128,-1,128,127,129,-1,128,129,130,-1,130,129,131,-1,130,131,132,-1,132,131,133,-1,132,133,134,-1,134,133,135,-1,134,135,136,-1,136,135,57,-1,92,115,94,-1,94,115,117,-1,94,117,98,-1,98,117,119,-1,98,119,101,-1,101,119,121,-1,101,121,104,-1,104,121,123,-1,104,123,106,-1,106,123,125,-1,106,125,109,-1,109,125,137,-1,66,65,125,-1,125,65,138,-1,125,138,137,-1,139,64,140,-1,140,64,66,-1,140,66,141,-1,141,66,124,-1,141,124,142,-1,142,124,122,-1,142,122,143,-1,143,122,120,-1,143,120,144,-1,144,120,118,-1,144,118,145,-1,145,118,116,-1,145,146,144,-1,144,146,147,-1,144,147,143,-1,143,147,148,-1,143,148,142,-1,142,148,149,-1,142,149,141,-1,141,149,150,-1,141,150,140,-1,140,150,63,-1,140,63,139,-1,139,63,62,-1,59,61,60,-1,60,61,63,-1,60,63,151,-1,151,63,150,-1,151,150,152,-1,152,150,149,-1,152,149,153,-1,153,149,148,-1,153,148,154,-1,154,148,147,-1,154,147,155,-1,155,147,146,-1,156,58,157,-1,157,58,60,-1,157,60,158,-1,158,60,151,-1,158,151,159,-1,159,151,152,-1,159,152,160,-1,160,152,153,-1,160,153,161,-1,161,153,154,-1,161,154,162,-1,162,154,155,-1,162,163,161,-1,161,163,164,-1,161,164,160,-1,160,164,165,-1,160,165,159,-1,159,165,166,-1,159,166,158,-1,158,166,167,-1,158,167,157,-1,157,167,168,-1,157,168,156,-1,156,168,169,-1,163,126,164,-1,164,126,128,-1,164,128,165,-1,165,128,130,-1,165,130,166,-1,166,130,132,-1,166,132,167,-1,167,132,134,-1,167,134,168,-1,168,134,136,-1,168,136,169,-1,169,136,170,-1,57,56,136,-1,136,56,171,-1,136,171,170,-1,172,55,173,-1,173,55,57,-1,173,57,174,-1,174,57,135,-1,174,135,175,-1,175,135,133,-1,175,133,176,-1,176,133,131,-1,176,131,177,-1,177,131,129,-1,177,129,178,-1,178,129,127,-1,178,179,177,-1,177,179,180,-1,177,180,176,-1,176,180,181,-1,176,181,175,-1,175,181,182,-1,175,182,174,-1,174,182,183,-1,174,183,173,-1,173,183,54,-1,173,54,172,-1,172,54,53,-1,50,52,51,-1,51,52,54,-1,51,54,184,-1,184,54,183,-1,184,183,185,-1,185,183,182,-1,185,182,186,-1,186,182,181,-1,186,181,187,-1,187,181,180,-1,187,180,188,-1,188,180,179,-1,189,49,190,-1,190,49,51,-1,190,51,191,-1,191,51,184,-1,191,184,192,-1,192,184,185,-1,192,185,193,-1,193,185,186,-1,193,186,194,-1,194,186,187,-1,194,187,195,-1,195,187,188,-1,195,89,194,-1,194,89,87,-1,194,87,193,-1,193,87,83,-1,193,83,192,-1,192,83,78,-1,192,78,191,-1,191,78,73,-1,191,73,190,-1,190,73,69,-1,190,69,189,-1,189,69,68,-1,196,197,198,-1,198,197,199,-1,198,199,200,-1,201,202,203,-1,202,204,203,-1,203,204,205,-1,203,205,206,-1,207,208,209,-1,210,211,198,-1,198,211,212,-1,198,212,213,-1,210,198,203,-1,203,198,214,-1,203,214,201,-1,213,215,198,-1,198,215,216,-1,198,216,196,-1,206,205,209,-1,209,205,217,-1,209,217,207,-1,208,218,219,-1,219,220,208,-1,208,220,221,-1,208,221,222,-1,223,209,224,-1,224,209,208,-1,224,208,225,-1,225,208,222,-1,226,70,227,-1,227,70,71,-1,71,72,227,-1,227,72,75,-1,227,75,74,-1,74,80,227,-1,227,80,79,-1,227,79,77,-1,108,107,114,-1,112,111,102,-1,102,111,227,-1,102,227,100,-1,96,97,227,-1,227,97,99,-1,227,99,100,-1,105,108,103,-1,103,108,102,-1,77,76,227,-1,227,76,85,-1,227,85,84,-1,108,114,102,-1,102,114,113,-1,102,113,112,-1,84,82,227,-1,227,82,81,-1,227,81,86,-1,86,88,227,-1,227,88,90,-1,227,90,91,-1,91,93,227,-1,227,93,95,-1,227,95,96,-1,198,200,228,-1,198,228,229,-1,229,228,230,-1,229,230,231,-1,231,230,226,-1,231,226,227,-1,
        ]
    }
}
Shape{
    appearance Appearance {
        material  Material 	{
            diffuseColor 0.13725490196078433 0.32941176470588235 0.7019607843137254
            specularColor 0.011764705882352941 0.023529411764705882 0.050980392156862744
            ambientIntensity 0.2
            transparency 0
            shininess 0.5
        }
    }
    geometry IndexedFaceSet {
        ccw TRUE
        solid FALSE
        coord DEF co Coordinate {
            point [
                2.1984 1.0422 0.0039, 2.1984 1.0422 0.0, 2.2165 0.9578 0.0039, 2.2165 0.9578 0.0, 2.1899 1.0852 0.0039, 2.1899 1.0852 0.0, 2.1865 1.0988 0.0039, 2.1865 1.0988 0.0, 2.1867 1.0979 0.0, 2.1887 1.0897 0.0, 2.1785 1.0875 0.0039, 2.1785 1.0875 0.0, 2.1788 1.0897 0.0, 2.1793 1.0943 0.0039, 2.1793 1.0943 0.0, 2.1797 1.0979 0.0, 2.1802 1.1014 0.0039, 2.1802 1.1014 0.0, 2.1806 1.1029 0.0, 2.1806 1.1029 0.0039, 2.181 1.1034 0.0, 2.181 1.1034 0.0039, 2.1814 1.1038 0.0, 2.1814 1.1038 0.0039, 2.1817 1.1041 0.0, 2.1817 1.1041 0.0039, 2.1821 1.1042 0.0, 2.1821 1.1042 0.0039, 2.1826 1.1043 0.0, 2.1826 1.1043 0.0039, 2.183 1.1042 0.0, 2.183 1.1042 0.0039, 2.1835 1.104 0.0, 2.1835 1.104 0.0039, 2.184 1.1036 0.0, 2.184 1.1036 0.0039, 2.1845 1.103 0.0, 2.1845 1.103 0.0039, 2.1851 1.1021 0.0, 2.1851 1.1021 0.0039, 2.1857 1.1008 0.0, 2.1857 1.1008 0.0039, 2.1758 1.0637 0.0039, 2.1758 1.0637 0.0, 2.1774 1.0422 0.0039, 2.1774 1.0422 0.0, 2.1763 1.0444 0.0, 2.1763 1.0444 0.0039, 2.1752 1.0475 0.0, 2.1752 1.0475 0.0039, 2.175 1.0527 0.0, 2.175 1.0527 0.0039, 2.1803 1.0371 0.0039, 2.1803 1.0371 0.0, 2.1939 0.9872 0.0039, 2.1939 0.9872 0.0, 2.1877 1.0123 0.0, 2.1877 1.0123 0.0039, 2.251 0.7228 0.0, 2.2522 0.7172 0.0039, 2.2522 0.7172 0.0, 2.2601 0.7172 0.0039, 2.2601 0.7172 0.0, 2.315 0.9601 0.0039, 2.315 0.9601 0.0, 2.2613 0.7228 0.0, 2.3218 0.9884 0.0039, 2.3218 0.9884 0.0, 2.3286 1.015 0.0039, 2.3286 1.015 0.0, 2.3248 1.0018 0.0, 2.3248 1.0018 0.0039, 2.3325 1.0257 0.0039, 2.3325 1.0257 0.0, 2.3405 1.0592 0.0039, 2.3405 1.0592 0.0, 2.3405 1.059 0.0, 2.3405 1.059 0.0039, 2.3414 1.0457 0.0, 2.3414 1.0457 0.0039, 2.3414 1.0436 0.0, 2.3414 1.0436 0.0039, 2.3413 1.043 0.0, 2.3413 1.043 0.0039, 2.341 1.0424 0.0, 2.341 1.0424 0.0039, 2.3403 1.0415 0.0, 2.3403 1.0415 0.0039, 2.3385 1.0394 0.0, 2.3385 1.0394 0.0039, 2.3361 1.0358 0.0, 2.3361 1.0358 0.0039, 2.3383 1.0846 0.0039, 2.3383 1.0846 0.0, 2.3376 1.0897 0.0, 2.3371 1.0943 0.0039, 2.3371 1.0943 0.0, 2.3369 1.0973 0.0039, 2.3309 1.0994 0.0039, 2.3309 1.0994 0.0, 2.3313 1.1009 0.0, 2.3313 1.1009 0.0039, 2.3317 1.1019 0.0, 2.3317 1.1019 0.0039, 2.3322 1.1026 0.0, 2.3322 1.1026 0.0039, 2.3327 1.103 0.0, 2.3327 1.103 0.0039, 2.3333 1.1033 0.0, 2.3333 1.1033 0.0039, 2.3338 1.1034 0.0, 2.3338 1.1034 0.0039, 2.3343 1.1034 0.0, 2.3343 1.1034 0.0039, 2.3347 1.1033 0.0, 2.3347 1.1033 0.0039, 2.3351 1.1031 0.0, 2.3351 1.1031 0.0039, 2.3355 1.1028 0.0, 2.3355 1.1028 0.0039, 2.3358 1.1023 0.0, 2.3358 1.1023 0.0039, 2.336 1.1017 0.0, 2.336 1.1017 0.0039, 2.3363 1.1008 0.0, 2.3363 1.1008 0.0039, 2.3365 1.0993 0.0, 2.3365 1.0993 0.0039, 2.3368 1.0979 0.0, 2.3369 1.0973 0.0, 2.3269 1.0767 0.0039, 2.3269 1.0767 0.0, 2.3292 1.0897 0.0, 2.3306 1.0979 0.0, 2.2935 0.9392 0.0039, 2.2935 0.9392 0.0, 2.2561 0.7716 0.0039, 2.2193 0.938 0.0039, 2.2924 0.9306 0.0039, 2.2771 0.9159 0.0039, 2.2629 0.9256 0.0039, 2.2581 0.9282 0.0039, 2.2416 0.9333 0.0039, 2.2193 0.938 0.0, 2.2561 0.7716 0.0, 2.2629 0.9256 0.0, 2.2581 0.9282 0.0, 2.2416 0.9333 0.0, 2.2771 0.9159 0.0, 2.2924 0.9306 0.0, 1.9711 0.7528 0.0039, 1.9711 0.7528 0.0, 1.9813 0.7613 0.0039, 1.9813 0.7613 0.0, 1.9683 0.7403 0.0039, 1.9683 0.7403 0.0, 1.9676 0.7409 0.0, 1.9676 0.7409 0.0039, 1.9668 0.7418 0.0, 1.9668 0.7418 0.0039, 1.9663 0.7427 0.0, 1.9663 0.7427 0.0039, 1.9659 0.7441 0.0, 1.9659 0.7441 0.0039, 1.9658 0.7455 0.0, 1.9658 0.7455 0.0039, 1.9661 0.7468 0.0, 1.9661 0.7468 0.0039, 1.9671 0.7489 0.0, 1.9671 0.7489 0.0039, 1.9686 0.7508 0.0, 1.9686 0.7508 0.0039, 1.9785 0.7421 0.0039, 1.9785 0.7421 0.0, 1.9904 0.7421 0.0039, 1.9904 0.7421 0.0, 2.0 0.7403 0.0039, 2.0 0.7403 0.0, 1.9952 0.7412 0.0, 1.9952 0.7412 0.0039, 2.0119 0.7393 0.0039, 2.0119 0.7393 0.0, 2.0334 0.733 0.0039, 2.0334 0.733 0.0, 2.0583 0.7296 0.0039, 2.0583 0.7296 0.0, 2.0458 0.7306 0.0, 2.0458 0.7306 0.0039, 2.1371 0.9256 0.0039, 2.1371 0.9256 0.0, 2.1345 0.8471 0.0, 2.1345 0.8471 0.0039, 2.1262 0.7837 0.0, 2.1262 0.7837 0.0039, 2.1174 0.7606 0.0, 2.1174 0.7606 0.0039, 2.1084 0.7475 0.0, 2.1084 0.7475 0.0039, 2.0991 0.7392 0.0, 2.0991 0.7392 0.0039, 2.0886 0.7338 0.0, 2.0886 0.7338 0.0039, 2.0759 0.7307 0.0, 2.0759 0.7307 0.0039, 2.0362 1.0813 0.0039, 2.0362 1.0813 0.0, 2.0773 1.0749 0.0, 2.0773 1.0749 0.0039, 2.088 1.0707 0.0, 2.088 1.0707 0.0039, 2.0989 1.0626 0.0, 2.0989 1.0626 0.0039, 2.1088 1.0509 0.0, 2.1088 1.0509 0.0039, 2.1206 1.0299 0.0, 2.1206 1.0299 0.0039, 2.1314 0.9924 0.0, 2.1314 0.9924 0.0039, 2.0113 1.0841 0.0039, 2.0113 1.0841 0.0, 2.0021 1.0866 0.0039, 1.9938 1.0914 0.0039, 1.9938 1.0914 0.0, 1.9943 1.0913 0.0, 1.9943 1.0913 0.0039, 1.9961 1.0902 0.0, 1.9961 1.0902 0.0039, 1.9969 1.0897 0.0, 2.0021 1.0866 0.0, 1.9768 1.0778 0.0039, 1.9768 1.0778 0.0, 1.9794 1.0807 0.0, 1.9794 1.0807 0.0039, 1.9875 1.0882 0.0, 1.9875 1.0882 0.0039, 1.9896 1.0897 0.0, 1.9912 1.0909 0.0039, 1.9912 1.0909 0.0, 1.9923 1.0913 0.0, 1.9923 1.0913 0.0039, 1.97 1.0705 0.0039, 1.97 1.0705 0.0, 1.9717 1.062 0.0039, 1.9717 1.062 0.0, 1.9698 1.0618 0.0, 1.9698 1.0618 0.0039, 1.9684 1.0619 0.0, 1.9684 1.0619 0.0039, 1.9678 1.0621 0.0, 1.9678 1.0621 0.0039, 1.9675 1.0623 0.0, 1.9675 1.0623 0.0039, 1.9672 1.0626 0.0, 1.9672 1.0626 0.0039, 1.967 1.063 0.0, 1.967 1.063 0.0039, 1.9665 1.0642 0.0, 1.9665 1.0642 0.0039, 1.9664 1.0649 0.0, 1.9664 1.0649 0.0039, 1.9664 1.0655 0.0, 1.9664 1.0655 0.0039, 1.9666 1.0661 0.0, 1.9666 1.0661 0.0039, 1.967 1.0668 0.0, 1.967 1.0668 0.0039, 1.9676 1.0678 0.0, 1.9676 1.0678 0.0039, 1.9686 1.069 0.0, 1.9686 1.069 0.0039, 1.9796 1.062 0.0039, 1.9796 1.062 0.0, 1.9887 1.062 0.0039, 1.9887 1.062 0.0, 1.9887 0.7653 0.0039, 1.9887 0.7653 0.0, 1.9849 0.7635 0.0, 1.9849 0.7635 0.0039, 2.0045 0.7613 0.0039, 2.0045 1.0609 0.0039, 2.0771 1.0525 0.0039, 2.0644 1.0557 0.0039, 2.047 1.058 0.0039, 2.0221 1.0609 0.0039, 2.0863 1.0485 0.0039, 2.0133 1.0612 0.0039, 2.0153 0.7568 0.0039, 2.0394 0.7512 0.0039, 2.064 0.7494 0.0039, 2.079 0.7523 0.0039, 2.1199 0.9591 0.0039, 2.1109 1.0094 0.0039, 2.0997 1.0346 0.0039, 2.0931 1.0431 0.0039, 2.0898 0.7566 0.0039, 2.0966 0.7614 0.0039, 2.1033 0.7696 0.0039, 2.1096 0.7818 0.0039, 2.1146 0.7988 0.0039, 2.1212 0.8757 0.0039, 2.047 1.058 0.0, 2.0221 1.0609 0.0, 2.1212 0.8757 0.0, 2.1199 0.9591 0.0, 2.1109 1.0094 0.0, 2.0997 1.0346 0.0, 2.0931 1.0431 0.0, 2.0863 1.0485 0.0, 2.0771 1.0525 0.0, 2.0644 1.0557 0.0, 2.064 0.7494 0.0, 2.079 0.7523 0.0, 2.0898 0.7566 0.0, 2.0966 0.7614 0.0, 2.1033 0.7696 0.0, 2.1096 0.7818 0.0, 2.1146 0.7988 0.0, 2.0153 0.7568 0.0, 2.0394 0.7512 0.0, 2.0045 0.7613 0.0, 2.0045 1.0609 0.0, 2.0133 1.0612 0.0, 1.8487 0.8825 0.0039, 1.8487 0.8825 0.0, 1.8011 0.8887 0.0039, 1.8011 0.8887 0.0, 1.8866 0.8706 0.0039, 1.8866 0.8706 0.0, 1.8809 0.8741 0.0, 1.8809 0.8741 0.0039, 1.8683 0.8786 0.0, 1.8683 0.8786 0.0039, 1.8917 0.8678 0.0039, 1.8917 0.8678 0.0, 1.9081 0.8842 0.0039, 1.9081 0.8842 0.0, 1.9053 0.8939 0.0039, 1.9053 0.8939 0.0, 1.9067 0.8937 0.0, 1.9067 0.8937 0.0039, 1.9078 0.8934 0.0, 1.9078 0.8934 0.0039, 1.9088 0.8929 0.0, 1.9088 0.8929 0.0039, 1.9096 0.8921 0.0, 1.9096 0.8921 0.0039, 1.9103 0.8909 0.0, 1.9103 0.8909 0.0039, 1.9106 0.89 0.0, 1.9106 0.89 0.0039, 1.9107 0.8891 0.0, 1.9107 0.8891 0.0039, 1.9105 0.8882 0.0, 1.9105 0.8882 0.0039, 1.9101 0.887 0.0, 1.9101 0.887 0.0039, 1.9093 0.8858 0.0, 1.9093 0.8858 0.0039, 1.8011 0.9085 0.0039, 1.8011 0.9085 0.0, 1.8011 1.062 0.0039, 1.8011 1.062 0.0, 1.8855 1.0502 0.0039, 1.8855 1.0502 0.0, 1.9013 1.0444 0.0039, 1.9013 1.0444 0.0, 1.8937 1.048 0.0, 1.8937 1.048 0.0039, 1.9064 1.0416 0.0039, 1.9064 1.0416 0.0, 1.9222 1.0592 0.0039, 1.9222 1.0592 0.0, 1.9189 1.0683 0.0039, 1.9189 1.0683 0.0, 1.9207 1.0682 0.0, 1.9207 1.0682 0.0039, 1.9222 1.0679 0.0, 1.9222 1.0679 0.0039, 1.9223 1.0678 0.0, 1.9223 1.0678 0.0039, 1.9229 1.0675 0.0, 1.9229 1.0675 0.0039, 1.9233 1.0672 0.0, 1.9233 1.0672 0.0039, 1.9237 1.0667 0.0, 1.9237 1.0667 0.0039, 1.9242 1.0656 0.0, 1.9242 1.0656 0.0039, 1.9246 1.0647 0.0, 1.9246 1.0647 0.0039, 1.9246 1.0639 0.0, 1.9246 1.0639 0.0039, 1.9245 1.0629 0.0, 1.9245 1.0629 0.0039, 1.924 1.0616 0.0, 1.924 1.0616 0.0039, 1.9104 1.0688 0.0039, 1.9104 1.0688 0.0, 1.8248 1.0807 0.0039, 1.8248 1.0807 0.0, 1.8675 1.074 0.0, 1.8675 1.074 0.0039, 1.7988 1.0852 0.0039, 1.7988 1.0852 0.0, 1.7795 1.0773 0.0039, 1.7795 1.0773 0.0, 1.7794 1.0785 0.0, 1.7794 1.0785 0.0039, 1.7792 1.0817 0.0, 1.7792 1.0817 0.0039, 1.7797 1.084 0.0, 1.7797 1.084 0.0039, 1.7803 1.0853 0.0, 1.7803 1.0853 0.0039, 1.7814 1.0867 0.0, 1.7814 1.0867 0.0039, 1.7828 1.0878 0.0, 1.7828 1.0878 0.0039, 1.7842 1.0884 0.0, 1.7842 1.0884 0.0039, 1.7857 1.0886 0.0, 1.7857 1.0886 0.0039, 1.7885 1.0885 0.0, 1.7885 1.0885 0.0039, 1.7925 1.0875 0.0, 1.7925 1.0875 0.0039, 1.7847 1.0484 0.0039, 1.7847 1.0484 0.0, 1.7832 1.0631 0.0, 1.7832 1.0631 0.0039, 1.7847 1.0377 0.0039, 1.7847 1.0377 0.0, 1.7852 1.0235 0.0039, 1.7852 1.0235 0.0, 1.785 1.0306 0.0, 1.785 1.0306 0.0039, 1.7847 0.7642 0.0039, 1.7847 0.7642 0.0, 1.7756 0.7393 0.0039, 1.7756 0.7393 0.0, 1.774 0.7391 0.0, 1.774 0.7391 0.0039, 1.7725 0.7392 0.0, 1.7725 0.7392 0.0039, 1.7716 0.7394 0.0, 1.7716 0.7394 0.0039, 1.7714 0.7396 0.0, 1.7714 0.7396 0.0039, 1.7711 0.7398 0.0, 1.7711 0.7398 0.0039, 1.771 0.74 0.0, 1.771 0.74 0.0039, 1.7708 0.7405 0.0, 1.7708 0.7405 0.0039, 1.7707 0.741 0.0, 1.7707 0.741 0.0039, 1.7706 0.7422 0.0, 1.7706 0.7422 0.0039, 1.7707 0.7439 0.0, 1.7707 0.7439 0.0039, 1.7712 0.7467 0.0, 1.7712 0.7467 0.0039, 1.7721 0.7486 0.0, 1.7721 0.7486 0.0039, 1.7744 0.7519 0.0, 1.7744 0.7519 0.0039, 1.7783 0.7566 0.0, 1.7783 0.7566 0.0039, 1.7863 0.7409 0.0039, 1.7863 0.7409 0.0, 1.8056 0.7421 0.0039, 1.8056 0.7421 0.0, 1.796 0.7421 0.0, 1.796 0.7421 0.0039, 1.8073 0.7421 0.0039, 1.8073 0.7421 0.0, 1.8294 0.7403 0.0039, 1.8294 0.7403 0.0, 1.8184 0.7418 0.0, 1.8184 0.7418 0.0039, 1.8515 0.7364 0.0039, 1.8515 0.7364 0.0, 1.8894 0.7251 0.0039, 1.8894 0.7251 0.0, 1.8864 0.7269 0.0, 1.8864 0.7269 0.0039, 1.871 0.7325 0.0, 1.871 0.7325 0.0039, 1.8929 0.7228 0.0, 1.8946 0.7217 0.0039, 1.8946 0.7217 0.0, 1.8956 0.7228 0.0, 1.9109 0.7387 0.0039, 1.9109 0.7387 0.0, 1.9081 0.7477 0.0039, 1.9081 0.7477 0.0, 1.9095 0.7476 0.0, 1.9095 0.7476 0.0039, 1.9106 0.7473 0.0, 1.9106 0.7473 0.0039, 1.9116 0.7467 0.0, 1.9116 0.7467 0.0039, 1.9124 0.746 0.0, 1.9124 0.746 0.0039, 1.9128 0.7453 0.0, 1.9128 0.7453 0.0039, 1.9131 0.7445 0.0, 1.9131 0.7445 0.0039, 1.9132 0.7437 0.0, 1.9132 0.7437 0.0039, 1.9131 0.7429 0.0, 1.9131 0.7429 0.0039, 1.9127 0.7419 0.0, 1.9127 0.7419 0.0039, 1.912 0.7405 0.0, 1.912 0.7405 0.0039, 1.8991 0.7489 0.0039, 1.8991 0.7489 0.0, 1.8724 0.7523 0.0039, 1.8724 0.7523 0.0, 1.8858 0.7507 0.0, 1.8858 0.7507 0.0039, 1.8011 0.7642 0.0039, 1.8011 0.7642 0.0, 1.7149 0.7302 0.0039, 1.7149 0.7302 0.0, 1.7064 0.7302 0.0039, 1.7064 0.7302 0.0, 1.7149 0.8814 0.0039, 1.7149 0.8814 0.0, 1.7041 0.8814 0.0039, 1.7041 0.8814 0.0, 1.6543 0.7426 0.0039, 1.6543 0.7426 0.0, 1.6629 0.7445 0.0, 1.6629 0.7445 0.0039, 1.6708 0.748 0.0, 1.6708 0.748 0.0039, 1.6784 0.7538 0.0, 1.6784 0.7538 0.0039, 1.6852 0.762 0.0, 1.6852 0.762 0.0039, 1.6924 0.7759 0.0, 1.6924 0.7759 0.0039, 1.6993 0.8016 0.0, 1.6993 0.8016 0.0039, 1.5835 0.9346 0.0039, 1.5835 0.9346 0.0, 1.5856 0.8446 0.0, 1.5856 0.8446 0.0039, 1.5907 0.815 0.0, 1.5907 0.815 0.0039, 1.6039 0.7769 0.0, 1.6039 0.7769 0.0039, 1.6137 0.7616 0.0, 1.6137 0.7616 0.0039, 1.6228 0.7527 0.0, 1.6228 0.7527 0.0039, 1.6324 0.7467 0.0, 1.6324 0.7467 0.0039, 1.6425 0.7433 0.0, 1.6425 0.7433 0.0039, 1.6498 1.0716 0.0039, 1.6498 1.0716 0.0, 1.6419 1.0709 0.0, 1.6419 1.0709 0.0039, 1.6344 1.0686 0.0, 1.6344 1.0686 0.0039, 1.6271 1.0643 0.0, 1.6271 1.0643 0.0039, 1.619 1.0568 0.0, 1.619 1.0568 0.0039, 1.606 1.0386 0.0, 1.606 1.0386 0.0039, 1.5975 1.0155 0.0, 1.5975 1.0155 0.0039, 1.7114 0.9804 0.0039, 1.7114 0.9804 0.0, 1.7089 0.9972 0.0, 1.7089 0.9972 0.0039, 1.7008 1.0346 0.0, 1.7008 1.0346 0.0039, 1.6934 1.0493 0.0, 1.6934 1.0493 0.0039, 1.6851 1.0589 0.0, 1.6851 1.0589 0.0039, 1.675 1.066 0.0, 1.675 1.066 0.0039, 1.6625 1.0707 0.0, 1.6625 1.0707 0.0039, 1.7143 0.9505 0.0039, 1.7143 0.9505 0.0, 1.7233 0.951 0.0039, 1.7233 0.951 0.0, 1.6576 1.0903 0.0039, 1.6576 1.0903 0.0, 1.6611 1.0897 0.0, 1.671 1.088 0.0039, 1.671 1.088 0.0, 1.6846 1.0817 0.0, 1.6846 1.0817 0.0039, 1.6955 1.073 0.0, 1.6955 1.073 0.0039, 1.7029 1.0635 0.0, 1.7029 1.0635 0.0039, 1.7126 1.0439 0.0, 1.7126 1.0439 0.0039, 1.719 1.0186 0.0, 1.719 1.0186 0.0039, 1.6432 1.0898 0.0039, 1.5705 0.8468 0.0039, 1.5705 0.8468 0.0, 1.5707 0.9609 0.0, 1.5707 0.9609 0.0039, 1.5768 0.9993 0.0, 1.5768 0.9993 0.0039, 1.5927 1.0467 0.0, 1.5927 1.0467 0.0039, 1.6056 1.0679 0.0, 1.6056 1.0679 0.0039, 1.6151 1.0775 0.0, 1.6151 1.0775 0.0039, 1.6282 1.0852 0.0, 1.6282 1.0852 0.0039, 1.6429 1.0897 0.0, 1.6432 1.0898 0.0, 1.6498 0.724 0.0039, 1.6498 0.724 0.0, 1.6418 0.7241 0.0, 1.6418 0.7241 0.0039, 1.6336 0.7257 0.0, 1.6336 0.7257 0.0039, 1.6253 0.7298 0.0, 1.6253 0.7298 0.0039, 1.6077 0.7434 0.0, 1.6077 0.7434 0.0039, 1.5962 0.7584 0.0, 1.5962 0.7584 0.0039, 1.5841 0.7855 0.0, 1.5841 0.7855 0.0039, 1.6973 0.7545 0.0039, 1.6973 0.7545 0.0, 1.6907 0.7457 0.0, 1.6907 0.7457 0.0039, 1.6795 0.7355 0.0, 1.6795 0.7355 0.0039, 1.6664 0.7283 0.0, 1.6664 0.7283 0.0039, 1.7024 0.7636 0.0039, 1.7024 0.7636 0.0, 1.4261 0.7403 0.0039, 1.4261 0.7403 0.0, 1.412 0.7228 0.0, 1.4012 0.7092 0.0039, 1.4044 0.7132 0.0, 1.4012 0.7092 0.0, 1.4176 0.7761 0.0039, 1.4176 0.7761 0.0, 1.4178 0.7688 0.0, 1.4178 0.7688 0.0039, 1.4202 0.7528 0.0, 1.4202 0.7528 0.0039, 1.4176 1.0648 0.0039, 1.4176 1.0648 0.0, 1.5019 1.0479 0.0039, 1.5019 1.0479 0.0, 1.5 1.0487 0.0, 1.5 1.0487 0.0039, 1.4983 1.0499 0.0, 1.4983 1.0499 0.0039, 1.4931 1.0544 0.0, 1.4931 1.0544 0.0039, 1.489 1.0564 0.0, 1.489 1.0564 0.0039, 1.482 1.058 0.0, 1.482 1.058 0.0039, 1.4612 1.0612 0.0, 1.4612 1.0612 0.0039, 1.5252 1.0733 0.0039, 1.5252 1.0733 0.0, 1.5249 1.0713 0.0, 1.5249 1.0713 0.0039, 1.5245 1.0693 0.0, 1.5245 1.0693 0.0039, 1.5235 1.0676 0.0, 1.5235 1.0676 0.0039, 1.5214 1.0653 0.0, 1.5214 1.0653 0.0039, 1.5152 1.0595 0.0, 1.5152 1.0595 0.0039, 1.4459 1.0835 0.0039, 1.4459 1.0835 0.0, 1.4582 1.0825 0.0, 1.4582 1.0825 0.0039, 1.4955 1.0787 0.0, 1.4955 1.0787 0.0039, 1.5098 1.0766 0.0, 1.5098 1.0766 0.0039, 1.5198 1.0764 0.0, 1.5198 1.0764 0.0039, 1.5219 1.0761 0.0, 1.5219 1.0761 0.0039, 1.5233 1.0756 0.0, 1.5233 1.0756 0.0039, 1.5241 1.0751 0.0, 1.5241 1.0751 0.0039, 1.5245 1.0746 0.0, 1.5245 1.0746 0.0039, 1.4222 1.0858 0.0039, 1.4222 1.0858 0.0, 1.4091 1.0869 0.0039, 1.4091 1.0869 0.0, 1.4018 1.0626 0.0039, 1.4018 1.0626 0.0, 1.4015 1.0659 0.0, 1.4015 1.0659 0.0039, 1.3999 1.0798 0.0, 1.3999 1.0798 0.0039, 1.3999 1.0829 0.0, 1.3999 1.0829 0.0039, 1.4003 1.0844 0.0, 1.4003 1.0844 0.0039, 1.4012 1.086 0.0, 1.4012 1.086 0.0039, 1.4019 1.0869 0.0, 1.4019 1.0869 0.0039, 1.4026 1.0874 0.0, 1.4026 1.0874 0.0039, 1.4034 1.0877 0.0, 1.4034 1.0877 0.0039, 1.4046 1.0879 0.0, 1.4046 1.0879 0.0039, 1.4062 1.0878 0.0, 1.4062 1.0878 0.0039, 1.4029 1.0292 0.0039, 1.4029 1.0292 0.0, 1.4029 0.7743 0.0039, 1.4029 0.7743 0.0, 1.4025 0.7467 0.0039, 1.3983 0.7195 0.0039, 1.3983 0.7195 0.0, 1.3989 0.7228 0.0, 1.4025 0.7467 0.0, 1.3972 0.7137 0.0039, 1.3972 0.7137 0.0, 1.3977 0.7132 0.0, 3.1102 0.5315 0.0, 3.1102 0.5315 2.3622, 2.9528 0.5315 0.0, 2.9528 0.5315 2.3622, 3.1102 0.9252 2.3622, 3.1102 0.9252 0.0, 2.9528 0.9252 2.3622, 2.9528 0.9252 0.0, 3.1102 0.7132 0.0, 3.1102 0.7228 0.0, 3.1102 0.7228 0.0
            ]
        }
        coordIndex [
            0,1,2,-1,2,1,3,-1,4,5,0,-1,0,5,1,-1,6,7,8,-1,6,8,4,-1,4,8,9,-1,4,9,5,-1,10,11,12,-1,10,12,13,-1,12,14,13,-1,13,14,15,-1,13,15,16,-1,15,17,16,-1,16,17,18,-1,16,18,19,-1,19,18,20,-1,19,20,21,-1,21,20,22,-1,21,22,23,-1,23,22,24,-1,23,24,25,-1,25,24,26,-1,25,26,27,-1,27,26,28,-1,27,28,29,-1,29,28,30,-1,29,30,31,-1,31,30,32,-1,31,32,33,-1,33,32,34,-1,33,34,35,-1,35,34,36,-1,35,36,37,-1,37,36,38,-1,37,38,39,-1,39,38,40,-1,39,40,41,-1,41,40,7,-1,41,7,6,-1,42,43,10,-1,10,43,11,-1,44,45,46,-1,44,46,47,-1,47,46,48,-1,47,48,49,-1,49,48,50,-1,49,50,51,-1,51,50,43,-1,51,43,42,-1,52,53,44,-1,44,53,45,-1,54,55,56,-1,54,56,57,-1,57,56,53,-1,57,53,52,-1,55,54,58,-1,58,54,59,-1,58,59,60,-1,61,62,59,-1,59,62,60,-1,63,64,61,-1,61,64,65,-1,61,65,62,-1,66,67,63,-1,63,67,64,-1,68,69,70,-1,68,70,71,-1,71,70,67,-1,71,67,66,-1,72,73,68,-1,68,73,69,-1,74,75,76,-1,74,76,77,-1,77,76,78,-1,77,78,79,-1,79,78,80,-1,79,80,81,-1,81,80,82,-1,81,82,83,-1,83,82,84,-1,83,84,85,-1,85,84,86,-1,85,86,87,-1,87,86,88,-1,87,88,89,-1,89,88,90,-1,89,90,91,-1,91,90,73,-1,91,73,72,-1,92,93,74,-1,74,93,75,-1,93,92,94,-1,94,92,95,-1,94,95,96,-1,96,95,97,-1,98,99,100,-1,98,100,101,-1,101,100,102,-1,101,102,103,-1,103,102,104,-1,103,104,105,-1,105,104,106,-1,105,106,107,-1,107,106,108,-1,107,108,109,-1,109,108,110,-1,109,110,111,-1,111,110,112,-1,111,112,113,-1,113,112,114,-1,113,114,115,-1,115,114,116,-1,115,116,117,-1,117,116,118,-1,117,118,119,-1,119,118,120,-1,119,120,121,-1,121,120,122,-1,121,122,123,-1,123,122,124,-1,123,124,125,-1,125,124,126,-1,125,126,127,-1,127,126,128,-1,127,128,97,-1,97,128,129,-1,97,129,96,-1,98,130,131,-1,131,132,98,-1,98,132,133,-1,98,133,99,-1,134,135,130,-1,130,135,131,-1,134,2,135,-1,135,2,3,-1,136,59,137,-1,137,59,54,-1,6,4,13,-1,134,138,139,-1,89,91,130,-1,130,91,72,-1,139,140,134,-1,134,140,141,-1,134,141,2,-1,2,141,142,-1,57,0,54,-1,54,0,2,-1,54,2,137,-1,137,2,142,-1,72,68,130,-1,130,68,71,-1,130,71,134,-1,134,71,66,-1,134,66,138,-1,138,66,63,-1,138,63,136,-1,136,63,61,-1,136,61,59,-1,0,42,4,-1,4,42,10,-1,4,10,13,-1,127,97,98,-1,98,97,95,-1,98,95,130,-1,130,95,92,-1,92,74,130,-1,130,74,77,-1,130,77,89,-1,89,77,79,-1,89,79,87,-1,57,52,0,-1,0,52,44,-1,0,44,47,-1,16,39,13,-1,13,39,41,-1,13,41,6,-1,47,49,0,-1,0,49,51,-1,0,51,42,-1,81,83,79,-1,79,83,85,-1,79,85,87,-1,103,121,101,-1,101,121,123,-1,101,123,98,-1,98,123,125,-1,98,125,127,-1,103,105,121,-1,121,105,107,-1,121,107,119,-1,19,35,16,-1,16,35,37,-1,16,37,39,-1,19,21,35,-1,35,21,23,-1,35,23,25,-1,31,33,29,-1,29,33,35,-1,29,35,27,-1,27,35,25,-1,111,113,109,-1,109,113,115,-1,109,115,107,-1,107,115,117,-1,107,117,119,-1,137,143,136,-1,136,143,144,-1,140,145,146,-1,140,146,141,-1,141,146,147,-1,141,147,142,-1,142,147,143,-1,142,143,137,-1,139,148,140,-1,140,148,145,-1,138,149,139,-1,139,149,148,-1,144,149,136,-1,136,149,138,-1,150,151,152,-1,152,151,153,-1,154,155,156,-1,154,156,157,-1,157,156,158,-1,157,158,159,-1,159,158,160,-1,159,160,161,-1,161,160,162,-1,161,162,163,-1,163,162,164,-1,163,164,165,-1,165,164,166,-1,165,166,167,-1,167,166,168,-1,167,168,169,-1,169,168,170,-1,169,170,171,-1,171,170,151,-1,171,151,150,-1,172,173,154,-1,154,173,155,-1,174,175,172,-1,172,175,173,-1,176,177,178,-1,176,178,179,-1,179,178,175,-1,179,175,174,-1,180,181,176,-1,176,181,177,-1,182,183,180,-1,180,183,181,-1,184,185,186,-1,184,186,187,-1,187,186,183,-1,187,183,182,-1,188,189,190,-1,188,190,191,-1,191,190,192,-1,191,192,193,-1,193,192,194,-1,193,194,195,-1,195,194,196,-1,195,196,197,-1,197,196,198,-1,197,198,199,-1,199,198,200,-1,199,200,201,-1,201,200,202,-1,201,202,203,-1,203,202,185,-1,203,185,184,-1,204,205,206,-1,204,206,207,-1,207,206,208,-1,207,208,209,-1,209,208,210,-1,209,210,211,-1,211,210,212,-1,211,212,213,-1,213,212,214,-1,213,214,215,-1,215,214,216,-1,215,216,217,-1,217,216,189,-1,217,189,188,-1,218,219,204,-1,204,219,205,-1,219,218,220,-1,221,222,223,-1,221,223,224,-1,224,223,225,-1,224,225,226,-1,226,225,227,-1,226,227,220,-1,220,227,228,-1,220,228,219,-1,229,230,231,-1,229,231,232,-1,232,231,233,-1,232,233,234,-1,234,233,235,-1,234,235,236,-1,235,237,236,-1,236,237,238,-1,236,238,239,-1,239,238,222,-1,239,222,221,-1,240,241,229,-1,229,241,230,-1,242,243,244,-1,242,244,245,-1,245,244,246,-1,245,246,247,-1,247,246,248,-1,247,248,249,-1,249,248,250,-1,249,250,251,-1,251,250,252,-1,251,252,253,-1,253,252,254,-1,253,254,255,-1,255,254,256,-1,255,256,257,-1,257,256,258,-1,257,258,259,-1,259,258,260,-1,259,260,261,-1,261,260,262,-1,261,262,263,-1,263,262,264,-1,263,264,265,-1,265,264,266,-1,265,266,267,-1,267,266,268,-1,267,268,269,-1,269,268,241,-1,269,241,240,-1,270,271,242,-1,242,271,243,-1,272,273,270,-1,270,273,271,-1,274,275,272,-1,272,275,273,-1,152,153,276,-1,152,276,277,-1,277,276,275,-1,277,275,274,-1,265,267,242,-1,174,172,278,-1,172,154,150,-1,150,154,157,-1,150,157,171,-1,150,152,172,-1,172,152,277,-1,172,277,278,-1,278,277,274,-1,278,274,279,-1,280,281,232,-1,232,281,282,-1,232,282,283,-1,267,269,242,-1,242,269,240,-1,242,240,270,-1,270,240,229,-1,270,229,272,-1,272,229,232,-1,232,234,280,-1,280,234,220,-1,280,220,284,-1,274,272,279,-1,279,272,232,-1,279,232,285,-1,285,232,283,-1,286,287,182,-1,182,287,187,-1,187,287,288,-1,187,288,184,-1,249,251,253,-1,182,180,286,-1,286,180,176,-1,286,176,278,-1,278,176,179,-1,278,179,174,-1,184,288,203,-1,203,288,289,-1,203,289,201,-1,242,257,259,-1,159,167,157,-1,157,167,169,-1,157,169,171,-1,159,161,167,-1,167,161,163,-1,167,163,165,-1,290,291,215,-1,257,242,255,-1,255,242,245,-1,255,245,253,-1,253,245,247,-1,253,247,249,-1,259,261,242,-1,242,261,263,-1,242,263,265,-1,239,221,236,-1,236,221,224,-1,236,224,234,-1,234,224,226,-1,234,226,220,-1,215,291,213,-1,220,218,284,-1,284,218,204,-1,284,204,207,-1,291,292,213,-1,213,292,293,-1,213,293,211,-1,211,293,284,-1,211,284,209,-1,209,284,207,-1,201,289,199,-1,199,289,294,-1,199,294,197,-1,197,294,295,-1,197,295,195,-1,195,295,296,-1,195,296,193,-1,296,297,193,-1,193,297,298,-1,193,298,191,-1,191,298,299,-1,191,299,188,-1,188,299,290,-1,188,290,217,-1,217,290,215,-1,282,300,283,-1,283,300,301,-1,299,302,303,-1,299,303,290,-1,290,303,304,-1,290,304,291,-1,291,304,305,-1,291,305,292,-1,292,305,306,-1,292,306,293,-1,293,306,307,-1,293,307,284,-1,284,307,308,-1,284,308,280,-1,280,308,309,-1,280,309,281,-1,281,309,300,-1,281,300,282,-1,288,310,311,-1,288,311,289,-1,289,311,312,-1,289,312,294,-1,294,312,313,-1,294,313,295,-1,295,313,314,-1,295,314,296,-1,296,314,315,-1,296,315,297,-1,297,315,316,-1,297,316,298,-1,298,316,302,-1,298,302,299,-1,286,317,318,-1,286,318,287,-1,287,318,310,-1,287,310,288,-1,278,319,286,-1,286,319,317,-1,279,320,278,-1,278,320,319,-1,283,301,321,-1,283,321,285,-1,285,321,320,-1,285,320,279,-1,322,323,324,-1,324,323,325,-1,326,327,328,-1,326,328,329,-1,329,328,330,-1,329,330,331,-1,331,330,323,-1,331,323,322,-1,332,333,326,-1,326,333,327,-1,334,335,332,-1,332,335,333,-1,336,337,338,-1,336,338,339,-1,339,338,340,-1,339,340,341,-1,341,340,342,-1,341,342,343,-1,343,342,344,-1,343,344,345,-1,345,344,346,-1,345,346,347,-1,347,346,348,-1,347,348,349,-1,349,348,350,-1,349,350,351,-1,351,350,352,-1,351,352,353,-1,353,352,354,-1,353,354,355,-1,355,354,356,-1,355,356,357,-1,357,356,335,-1,357,335,334,-1,358,359,336,-1,336,359,337,-1,360,361,358,-1,358,361,359,-1,362,363,360,-1,360,363,361,-1,364,365,366,-1,364,366,367,-1,367,366,363,-1,367,363,362,-1,368,369,364,-1,364,369,365,-1,370,371,368,-1,368,371,369,-1,372,373,374,-1,372,374,375,-1,375,374,376,-1,375,376,377,-1,377,376,378,-1,377,378,379,-1,379,378,380,-1,379,380,381,-1,381,380,382,-1,381,382,383,-1,383,382,384,-1,383,384,385,-1,385,384,386,-1,385,386,387,-1,387,386,388,-1,387,388,389,-1,389,388,390,-1,389,390,391,-1,391,390,392,-1,391,392,393,-1,393,392,394,-1,393,394,395,-1,395,394,371,-1,395,371,370,-1,396,397,372,-1,372,397,373,-1,398,399,400,-1,398,400,401,-1,401,400,397,-1,401,397,396,-1,402,403,398,-1,398,403,399,-1,404,405,406,-1,404,406,407,-1,407,406,408,-1,407,408,409,-1,409,408,410,-1,409,410,411,-1,411,410,412,-1,411,412,413,-1,413,412,414,-1,413,414,415,-1,415,414,416,-1,415,416,417,-1,417,416,418,-1,417,418,419,-1,419,418,420,-1,419,420,421,-1,421,420,422,-1,421,422,423,-1,423,422,424,-1,423,424,425,-1,425,424,403,-1,425,403,402,-1,426,427,428,-1,426,428,429,-1,429,428,405,-1,429,405,404,-1,430,431,426,-1,426,431,427,-1,432,433,434,-1,432,434,435,-1,435,434,431,-1,435,431,430,-1,436,437,432,-1,432,437,433,-1,438,439,440,-1,438,440,441,-1,441,440,442,-1,441,442,443,-1,443,442,444,-1,443,444,445,-1,445,444,446,-1,445,446,447,-1,447,446,448,-1,447,448,449,-1,449,448,450,-1,449,450,451,-1,451,450,452,-1,451,452,453,-1,453,452,454,-1,453,454,455,-1,455,454,456,-1,455,456,457,-1,457,456,458,-1,457,458,459,-1,459,458,460,-1,459,460,461,-1,461,460,462,-1,461,462,463,-1,463,462,464,-1,463,464,465,-1,465,464,466,-1,465,466,467,-1,467,466,437,-1,467,437,436,-1,468,469,438,-1,438,469,439,-1,470,471,472,-1,470,472,473,-1,473,472,469,-1,473,469,468,-1,474,475,470,-1,470,475,471,-1,476,477,478,-1,476,478,479,-1,479,478,475,-1,479,475,474,-1,480,481,476,-1,476,481,477,-1,482,483,484,-1,482,484,485,-1,485,484,486,-1,485,486,487,-1,487,486,481,-1,487,481,480,-1,483,482,488,-1,488,482,489,-1,488,489,490,-1,490,489,491,-1,491,489,492,-1,491,492,493,-1,494,495,496,-1,494,496,497,-1,497,496,498,-1,497,498,499,-1,499,498,500,-1,499,500,501,-1,501,500,502,-1,501,502,503,-1,503,502,504,-1,503,504,505,-1,505,504,506,-1,505,506,507,-1,507,506,508,-1,507,508,509,-1,509,508,510,-1,509,510,511,-1,511,510,512,-1,511,512,513,-1,513,512,514,-1,513,514,515,-1,515,514,493,-1,515,493,492,-1,516,517,494,-1,494,517,495,-1,518,519,520,-1,518,520,521,-1,521,520,517,-1,521,517,516,-1,522,523,518,-1,518,523,519,-1,522,324,523,-1,523,324,325,-1,423,425,360,-1,364,367,396,-1,396,367,362,-1,326,329,336,-1,425,402,360,-1,360,402,398,-1,360,398,362,-1,362,398,401,-1,362,401,396,-1,432,435,360,-1,435,430,360,-1,360,430,426,-1,360,426,429,-1,429,404,360,-1,360,404,407,-1,360,407,409,-1,324,358,322,-1,322,358,336,-1,322,336,331,-1,331,336,329,-1,364,396,368,-1,368,396,372,-1,368,372,370,-1,370,372,375,-1,370,375,377,-1,360,415,417,-1,465,467,522,-1,522,467,436,-1,522,436,324,-1,324,436,432,-1,324,432,358,-1,358,432,360,-1,409,411,360,-1,360,411,413,-1,360,413,415,-1,353,355,339,-1,339,355,336,-1,332,326,334,-1,334,326,336,-1,334,336,357,-1,357,336,355,-1,453,455,522,-1,522,455,457,-1,522,457,459,-1,377,379,370,-1,370,379,381,-1,370,381,383,-1,417,419,360,-1,360,419,421,-1,360,421,423,-1,509,511,497,-1,497,511,513,-1,497,513,494,-1,494,513,515,-1,494,515,492,-1,479,474,522,-1,522,474,470,-1,522,470,473,-1,473,468,522,-1,522,468,438,-1,522,438,441,-1,393,387,391,-1,391,387,389,-1,383,385,370,-1,370,385,387,-1,370,387,395,-1,395,387,393,-1,447,449,522,-1,522,449,451,-1,522,451,453,-1,459,461,522,-1,522,461,463,-1,522,463,465,-1,492,489,494,-1,494,489,482,-1,494,482,516,-1,516,482,485,-1,516,485,521,-1,521,485,487,-1,521,487,518,-1,518,487,480,-1,518,480,522,-1,522,480,476,-1,522,476,479,-1,441,443,522,-1,522,443,445,-1,522,445,447,-1,347,349,339,-1,339,349,351,-1,339,351,353,-1,503,497,501,-1,501,497,499,-1,503,505,497,-1,497,505,507,-1,497,507,509,-1,341,343,339,-1,339,343,345,-1,339,345,347,-1,524,525,526,-1,526,525,527,-1,528,529,524,-1,524,529,525,-1,530,531,528,-1,528,531,529,-1,532,533,534,-1,532,534,535,-1,535,534,536,-1,535,536,537,-1,537,536,538,-1,537,538,539,-1,539,538,540,-1,539,540,541,-1,541,540,542,-1,541,542,543,-1,543,542,544,-1,543,544,545,-1,545,544,531,-1,545,531,530,-1,546,547,548,-1,546,548,549,-1,549,548,550,-1,549,550,551,-1,551,550,552,-1,551,552,553,-1,553,552,554,-1,553,554,555,-1,555,554,556,-1,555,556,557,-1,557,556,558,-1,557,558,559,-1,559,558,560,-1,559,560,561,-1,561,560,533,-1,561,533,532,-1,562,563,564,-1,562,564,565,-1,565,564,566,-1,565,566,567,-1,567,566,568,-1,567,568,569,-1,569,568,570,-1,569,570,571,-1,571,570,572,-1,571,572,573,-1,573,572,574,-1,573,574,575,-1,575,574,547,-1,575,547,546,-1,576,577,578,-1,576,578,579,-1,579,578,580,-1,579,580,581,-1,581,580,582,-1,581,582,583,-1,583,582,584,-1,583,584,585,-1,585,584,586,-1,585,586,587,-1,587,586,588,-1,587,588,589,-1,589,588,563,-1,589,563,562,-1,590,591,576,-1,576,591,577,-1,592,593,590,-1,590,593,591,-1,594,595,596,-1,594,596,597,-1,596,598,597,-1,597,598,599,-1,597,599,600,-1,600,599,601,-1,600,601,602,-1,602,601,603,-1,602,603,604,-1,604,603,605,-1,604,605,606,-1,606,605,607,-1,606,607,608,-1,608,607,593,-1,608,593,592,-1,595,594,609,-1,610,611,612,-1,610,612,613,-1,613,612,614,-1,613,614,615,-1,615,614,616,-1,615,616,617,-1,617,616,618,-1,617,618,619,-1,619,618,620,-1,619,620,621,-1,621,620,622,-1,621,622,623,-1,623,622,624,-1,623,624,609,-1,609,624,625,-1,609,625,595,-1,626,627,628,-1,626,628,629,-1,629,628,630,-1,629,630,631,-1,631,630,632,-1,631,632,633,-1,633,632,634,-1,633,634,635,-1,635,634,636,-1,635,636,637,-1,637,636,638,-1,637,638,639,-1,639,638,611,-1,639,611,610,-1,640,641,642,-1,640,642,643,-1,643,642,644,-1,643,644,645,-1,645,644,646,-1,645,646,647,-1,647,646,627,-1,647,627,626,-1,648,649,640,-1,640,649,641,-1,648,526,649,-1,649,526,527,-1,528,524,648,-1,648,524,526,-1,640,537,648,-1,648,537,539,-1,648,539,541,-1,530,528,545,-1,545,528,648,-1,545,648,543,-1,543,648,541,-1,640,643,537,-1,537,643,645,-1,537,645,535,-1,535,645,647,-1,535,647,532,-1,532,647,626,-1,532,626,561,-1,626,629,561,-1,561,629,631,-1,561,631,559,-1,559,631,633,-1,559,633,557,-1,557,633,635,-1,557,635,555,-1,555,635,637,-1,555,637,553,-1,553,637,551,-1,551,637,639,-1,551,639,549,-1,549,639,610,-1,549,610,546,-1,546,610,613,-1,546,613,575,-1,575,613,615,-1,575,615,573,-1,573,615,617,-1,573,617,571,-1,571,617,619,-1,571,619,569,-1,569,619,621,-1,569,621,567,-1,567,621,623,-1,567,623,565,-1,565,623,609,-1,565,609,562,-1,562,609,594,-1,562,594,589,-1,589,594,597,-1,589,597,587,-1,587,597,600,-1,587,600,585,-1,585,600,602,-1,585,602,583,-1,583,602,604,-1,583,604,581,-1,581,604,606,-1,581,606,579,-1,579,606,608,-1,579,608,576,-1,576,608,592,-1,576,592,590,-1,650,651,652,-1,650,652,653,-1,653,652,654,-1,653,654,655,-1,656,657,658,-1,656,658,659,-1,659,658,660,-1,659,660,661,-1,661,660,651,-1,661,651,650,-1,662,663,656,-1,656,663,657,-1,664,665,666,-1,664,666,667,-1,667,666,668,-1,667,668,669,-1,669,668,670,-1,669,670,671,-1,671,670,672,-1,671,672,673,-1,673,672,674,-1,673,674,675,-1,675,674,676,-1,675,676,677,-1,677,676,663,-1,677,663,662,-1,678,679,680,-1,678,680,681,-1,681,680,682,-1,681,682,683,-1,683,682,684,-1,683,684,685,-1,685,684,686,-1,685,686,687,-1,687,686,688,-1,687,688,689,-1,689,688,665,-1,689,665,664,-1,690,691,692,-1,690,692,693,-1,693,692,694,-1,693,694,695,-1,695,694,696,-1,695,696,697,-1,697,696,698,-1,697,698,699,-1,699,698,700,-1,699,700,701,-1,701,700,702,-1,701,702,703,-1,703,702,704,-1,703,704,705,-1,705,704,706,-1,705,706,707,-1,707,706,679,-1,707,679,678,-1,708,709,690,-1,690,709,691,-1,710,711,708,-1,708,711,709,-1,712,713,714,-1,712,714,715,-1,715,714,716,-1,715,716,717,-1,717,716,718,-1,717,718,719,-1,719,718,720,-1,719,720,721,-1,721,720,722,-1,721,722,723,-1,723,722,724,-1,723,724,725,-1,725,724,726,-1,725,726,727,-1,727,726,728,-1,727,728,729,-1,729,728,730,-1,729,730,731,-1,731,730,732,-1,731,732,733,-1,733,732,711,-1,733,711,710,-1,734,735,712,-1,712,735,713,-1,736,737,734,-1,734,737,735,-1,737,736,738,-1,739,740,741,-1,739,741,738,-1,738,741,742,-1,738,742,737,-1,743,744,739,-1,739,744,740,-1,744,743,745,-1,745,743,653,-1,745,653,655,-1,667,669,697,-1,697,669,671,-1,697,671,695,-1,664,667,689,-1,689,667,697,-1,689,697,687,-1,687,697,699,-1,687,699,685,-1,736,734,662,-1,662,734,712,-1,662,712,715,-1,671,673,695,-1,695,673,675,-1,695,675,693,-1,693,675,677,-1,653,743,650,-1,650,743,739,-1,650,739,661,-1,661,739,738,-1,661,738,659,-1,659,738,736,-1,659,736,656,-1,656,736,662,-1,715,717,662,-1,662,717,719,-1,662,719,721,-1,681,701,703,-1,701,681,699,-1,699,681,683,-1,699,683,685,-1,721,723,662,-1,662,723,725,-1,662,725,727,-1,727,729,662,-1,662,729,731,-1,662,731,733,-1,733,710,662,-1,662,710,708,-1,662,708,677,-1,677,708,690,-1,677,690,693,-1,703,705,681,-1,681,705,707,-1,681,707,678,-1,148,149,144,-1,144,143,147,-1,147,146,144,-1,144,146,145,-1,144,145,148,-1,319,320,317,-1,317,320,321,-1,321,301,317,-1,317,301,300,-1,317,300,309,-1,310,318,302,-1,302,318,317,-1,302,317,303,-1,310,302,311,-1,311,302,316,-1,311,316,315,-1,309,308,317,-1,317,308,307,-1,317,307,306,-1,315,314,311,-1,311,314,313,-1,311,313,312,-1,306,305,317,-1,317,305,304,-1,317,304,303,-1,746,747,748,-1,748,747,749,-1,750,751,752,-1,752,751,753,-1,747,750,749,-1,749,750,752,-1,747,746,754,-1,747,754,750,-1,750,754,755,-1,750,755,751,-1,
        ]
    }
}